Treatment,ColonyID,TestingDate,BeeID,Trial number,Visit01,Visit02,Visit03,Visit04,Visit05,Visit06,Visit07,Visit08,Visit09,Visit10,Visit11,Visit12,Visit13,Visit14,Visit15,Visit16,Visit17,Visit18,Visit19,Visit20,Visit21,Visit22,Visit23,Visit24,Visit25,Visit26,Visit27,Visit28,Visit29,Visit30,Visit31,Visit32,Visit33,Visit34,Visit35,Visit36,Visit37,Visit38,Visit39,Visit40,Visit41,Visit42,Visit43,Visit44,Visit45,Visit46,Visit47,Visit48,Visit49,Visit50,Visit51,Visit52,Visit53,Visit54,Visit55,Visit56,Visit57,Visit58,Visit59,Visit60,NumDistinctArms,RowRelativeNumber,TotalArms,NumSame,NumReward,NumRevisited,NumTurnsL1,NumTurnsL2,NumTurnsL3,NumTurnsR1,NumTurnsR2,NumTurnsR3,NumTurns4,NumReentries0,Total1s,Total 2s,Total 3s,Prop 1s,Prop 2s,Prop 3s,PropO4,PropOS,FirstMistake,NumSwitches,TotalL,TotalR,TotalLorR,Change direction prop,Proportion R,Prop R bias,Prop side bias,Num not reach feeder 9,Num reach feeder 9,Season,New or Used floor,EmergenceDate,AgeDays,AgeRelativeToColony
OdorControl,OdorControl_Outdoors,2022-11-08,ColonyOutdoorsBee1,1,6,1,8,4,6,1,4,2,4,7,4,1,3,8,5,,,,,,,,,,,,,,,,,,,,,,,,,,,,,,,,,,,,,,,,,,,,,,8,One,15,0,8,7,0,3,4,1,1,4,1,0,1,4,8,0.0714285714,0.2857142857,0.5714285714,0.0714285714,0,5,7,7,6,13,0.5833333333,0.4615384615,-0.038461538,0.0384615385,,,Summer,,,,
OdorControl,OdorControl_Outdoors,2022-11-08,ColonyOutdoorsBee1,1,5.352109,11.508009,10.290444,9.876525,9.938696,10.079538,10.141617,10.208972,9.997361,11.72825,9.630407,10.048936,11.329106,10.504223,9.649657,,,,,,,,,,,,,,,,,,,,,,,,,,,,,,,,,,,,,,,,,,,,,,,Two,,,,,,,,,,,,,,,,,,,,,,,,,,,,,,1,14,Summer,,,,
OdorControl,OdorControl_Outdoors,2022-11-08,ColonyOutdoorsBee1,1,Reward,Reward,Reward,Reward,Previsited,Previsited,Previsited,Reward,Previsited,Reward,Previsited,Previsited,Reward,Previsited,Reward,,,,,,,,,,,,,,,,,,,,,,,,,,,,,,,,,,,,,,,,,,,,,,,Three,,,,,,,,,,,,,,,,,,,,,,,,,,,,,,,,Summer,,,,
OdorControl,OdorControl_Outdoors,2022-11-08,ColonyOutdoorsBee1,1,,L3,R1,O4,L2,L3,L3,R2,L2,L3,R3,R3,L2,R3,R3,,,,,,,,,,,,,,,,,,,,,,,,,,,,,,,,,,,,,,,,,,,,,,,Four,,,,,,,,,,,,,,,,,,,,,,,,,,,,,,,,Summer,,,,
OdorControl,OdorControl_Outdoors,2022-11-08,ColonyOutdoorsBee1,2,1,8,3,3,4,7,5,8,7,3,8,4,6,2,,,,,,,,,,,,,,,,,,,,,,,,,,,,,,,,,,,,,,,,,,,,,,,8,One,14,1,8,5,1,1,3,2,1,1,3,1,3,2,4,0.2307692308,0.1538461538,0.3076923077,0.2307692308,0.0769230769,4,5,5,4,9,0.625,0.4444444444,-0.055555556,0.0555555556,,,Summer,,,,
OdorControl,OdorControl_Outdoors,2022-11-08,ColonyOutdoorsBee1,2,11.5897,10.725575,11.39483,11.327385,10.896072,9.954785,9.796048,11.609211,10.052718,9.854317,9.942853,10.084719,9.912223,10.133926,,,,,,,,,,,,,,,,,,,,,,,,,,,,,,,,,,,,,,,,,,,,,,,,Two,,,,,,,,,,,,,,,,,,,,,,,,,,,,,,0,14,Summer,,,,
OdorControl,OdorControl_Outdoors,2022-11-08,ColonyOutdoorsBee1,2,Reward,Reward,Reward,Same,Reward,Reward,Reward,Previsited,Previsited,Previsited,Previsited,Previsited,Reward,Reward,,,,,,,,,,,,,,,,,,,,,,,,,,,,,,,,,,,,,,,,,,,,,,,,Three,,,,,,,,,,,,,,,,,,,,,,,,,,,,,,,,Summer,,,,
OdorControl,OdorControl_Outdoors,2022-11-08,ColonyOutdoorsBee1,2,,R1,L3,S0,L1,L3,R2,L3,R1,O4,R3,O4,L2,O4,,,,,,,,,,,,,,,,,,,,,,,,,,,,,,,,,,,,,,,,,,,,,,,,Four,,,,,,,,,,,,,,,,,,,,,,,,,,,,,,,,Summer,,,,
OdorControl,OdorControl_Outdoors,2022-11-08,ColonyOutdoorsBee1,3,4,3,5,2,6,4,8,1,6,2,5,2,8,6,3,5,8,4,7,,,,,,,,,,,,,,,,,,,,,,,,,,,,,,,,,,,,,,,,,,8,One,19,0,8,11,1,2,3,1,3,4,4,0,2,5,7,0.1111111111,0.2777777778,0.3888888889,0.2222222222,0,6,7,6,8,14,0.5384615385,0.5714285714,0.0714285714,0.0714285714,,,Summer,,,,
OdorControl,OdorControl_Outdoors,2022-11-08,ColonyOutdoorsBee1,3,10.031715,10.052718,11.421793,10.130232,11.168208,10.255854,10.328335,11.560213,10.417183,9.987451,10.001396,10.668028,10.070715,9.878183,10.08412,9.840777,9.878183,11.37401,10.033153,,,,,,,,,,,,,,,,,,,,,,,,,,,,,,,,,,,,,,,,,,,Two,,,,,,,,,,,,,,,,,,,,,,,,,,,,,,0,19,Summer,,,,
OdorControl,OdorControl_Outdoors,2022-11-08,ColonyOutdoorsBee1,3,Reward,Reward,Reward,Reward,Reward,Previsited,Reward,Reward,Previsited,Previsited,Previsited,Previsited,Previsited,Previsited,Previsited,Previsited,Previsited,Previsited,Reward,,,,,,,,,,,,,,,,,,,,,,,,,,,,,,,,,,,,,,,,,,,Three,,,,,,,,,,,,,,,,,,,,,,,,,,,,,,,,Summer,,,,
OdorControl,OdorControl_Outdoors,2022-11-08,ColonyOutdoorsBee1,3,,R1,L2,R3,O4,R2,O4,L1,R3,O4,L3,R3,R2,R2,R3,L2,L3,O4,L3,,,,,,,,,,,,,,,,,,,,,,,,,,,,,,,,,,,,,,,,,,,Four,,,,,,,,,,,,,,,,,,,,,,,,,,,,,,,,Summer,,,,
OdorControl,OdorControl_Outdoors,2022-11-08,ColonyOutdoorsBee1,4,8,4,4,1,6,5,1,2,7,4,5,7,1,4,7,8,3,,,,,,,,,,,,,,,,,,,,,,,,,,,,,,,,,,,,,,,,,,,,8,One,17,1,8,8,3,2,3,1,0,4,2,1,4,2,7,0.25,0.125,0.4375,0.125,0.0625,3,3,8,5,13,0.25,0.3846153846,-0.115384615,0.1153846154,,,Summer,,,,
OdorControl,OdorControl_Outdoors,2022-11-08,ColonyOutdoorsBee1,4,10.625369,9.718295,4.344225,11.096875,10.030977,9.972471,10.46736,11.08378,10.104396,10.603534,10.389809,10.250873,10.474434,10.711008,11.199407,10.594633,9.613511,,,,,,,,,,,,,,,,,,,,,,,,,,,,,,,,,,,,,,,,,,,,,Two,,,,,,,,,,,,,,,,,,,,,,,,,,,,,,1,16,Summer,,,,
OdorControl,OdorControl_Outdoors,2022-11-08,ColonyOutdoorsBee1,4,Reward,Reward,Same,Reward,Reward,Reward,Previsited,Reward,Reward,Previsited,Previsited,Previsited,Previsited,Previsited,Previsited,Previsited,Reward,,,,,,,,,,,,,,,,,,,,,,,,,,,,,,,,,,,,,,,,,,,,,Three,,,,,,,,,,,,,,,,,,,,,,,,,,,,,,,,Summer,,,,
OdorControl,OdorControl_Outdoors,2022-11-08,ColonyOutdoorsBee1,4,,O4,S0,R3,R3,R1,O4,L1,R3,R3,L1,L2,L2,L3,L3,L1,L3,,,,,,,,,,,,,,,,,,,,,,,,,,,,,,,,,,,,,,,,,,,,,Four,,,,,,,,,,,,,,,,,,,,,,,,,,,,,,,,Summer,,,,
OdorControl,OdorControl_Outdoors,2022-11-08,ColonyOutdoorsBee1,5,8,1,3,5,3,7,5,3,8,6,8,5,2,3,7,5,2,7,4,,,,,,,,,,,,,,,,,,,,,,,,,,,,,,,,,,,,,,,,,,8,One,19,0,8,11,2,3,0,0,5,6,2,0,2,8,6,0.1111111111,0.4444444444,0.3333333333,0.1111111111,0,5,5,5,11,16,0.3333333333,0.6875,0.1875,0.1875,,,Summer,,,,
OdorControl,OdorControl_Outdoors,2022-11-08,ColonyOutdoorsBee1,5,11.314575,10.100247,10.112726,11.240529,10.082554,10.120664,9.571285,9.71059,10.331278,10.999537,11.354559,9.551591,10.030452,9.986358,9.681661,9.510955,10.126845,11.077922,9.996347,,,,,,,,,,,,,,,,,,,,,,,,,,,,,,,,,,,,,,,,,,,Two,,,,,,,,,,,,,,,,,,,,,,,,,,,,,,0,19,Summer,,,,
OdorControl,OdorControl_Outdoors,2022-11-08,ColonyOutdoorsBee1,5,Reward,Reward,Reward,Reward,Previsited,Reward,Previsited,Previsited,Previsited,Reward,Previsited,Previsited,Reward,Previsited,Previsited,Previsited,Previsited,Previsited,Reward,,,,,,,,,,,,,,,,,,,,,,,,,,,,,,,,,,,,,,,,,,,Three,,,,,,,,,,,,,,,,,,,,,,,,,,,,,,,,Summer,,,,
OdorControl,OdorControl_Outdoors,2022-11-08,ColonyOutdoorsBee1,5,,L1,L2,L2,R2,O4,R2,R2,R3,R2,L2,R3,R3,L1,O4,R2,R3,R3,R3,,,,,,,,,,,,,,,,,,,,,,,,,,,,,,,,,,,,,,,,,,,Four,,,,,,,,,,,,,,,,,,,,,,,,,,,,,,,,Summer,,,,
OdorControl,OdorControl_Outdoors,2022-11-08,ColonyOutdoorsBee1,6,4,1,6,1,3,7,1,2,8,4,7,4,2,5,,,,,,,,,,,,,,,,,,,,,,,,,,,,,,,,,,,,,,,,,,,,,,,8,One,14,0,8,6,1,2,3,0,2,3,2,0,1,4,6,0.0769230769,0.3076923077,0.4615384615,0.1538461538,0,4,5,6,5,11,0.5,0.4545454545,-0.045454545,0.0454545455,,,Summer,,,,
OdorControl,OdorControl_Outdoors,2022-11-08,ColonyOutdoorsBee1,6,10.12902,9.685788,10.306721,9.594453,11.129762,11.899976,11.193888,10.003852,10.16964,11.084906,10.158229,10.603332,11.00634,10.053299,,,,,,,,,,,,,,,,,,,,,,,,,,,,,,,,,,,,,,,,,,,,,,,,Two,,,,,,,,,,,,,,,,,,,,,,,,,,,,,,0,14,Summer,,,,
OdorControl,OdorControl_Outdoors,2022-11-08,ColonyOutdoorsBee1,6,Reward,Reward,Reward,Previsited,Reward,Reward,Previsited,Reward,Reward,Previsited,Previsited,Previsited,Previsited,Reward,,,,,,,,,,,,,,,,,,,,,,,,,,,,,,,,,,,,,,,,,,,,,,,,Three,,,,,,,,,,,,,,,,,,,,,,,,,,,,,,,,Summer,,,,
OdorControl,OdorControl_Outdoors,2022-11-08,ColonyOutdoorsBee1,6,,R3,R3,L3,L2,O4,L2,L1,R2,O4,L3,R3,R2,L3,,,,,,,,,,,,,,,,,,,,,,,,,,,,,,,,,,,,,,,,,,,,,,,,Four,,,,,,,,,,,,,,,,,,,,,,,,,,,,,,,,Summer,,,,
OdorControl,OdorControl_Outdoors,2022-11-08,ColonyOutdoorsBee1,7,3,1,4,1,5,3,8,6,5,1,2,7,,,,,,,,,,,,,,,,,,,,,,,,,,,,,,,,,,,,,,,,,,,,,,,,,8,One,12,0,8,4,1,0,1,1,3,3,2,0,2,3,4,0.1818181818,0.2727272727,0.3636363636,0.1818181818,0,4,4,2,7,9,0.5,0.7777777778,0.2777777778,0.2777777778,,,Summer,,,,
OdorControl,OdorControl_Outdoors,2022-11-08,ColonyOutdoorsBee1,7,11.058444,10.299381,9.930691,9.882918,11.507721,9.833327,11.405859,9.94981,10.139926,9.96283,10.565228,10.071083,,,,,,,,,,,,,,,,,,,,,,,,,,,,,,,,,,,,,,,,,,,,,,,,,,Two,,,,,,,,,,,,,,,,,,,,,,,,,,,,,,0,12,Summer,,,,
OdorControl,OdorControl_Outdoors,2022-11-08,ColonyOutdoorsBee1,7,Reward,Reward,Reward,Previsited,Reward,Previsited,Reward,Reward,Previsited,Previsited,Reward,Reward,,,,,,,,,,,,,,,,,,,,,,,,,,,,,,,,,,,,,,,,,,,,,,,,,,Three,,,,,,,,,,,,,,,,,,,,,,,,,,,,,,,,Summer,,,,
OdorControl,OdorControl_Outdoors,2022-11-08,ColonyOutdoorsBee1,7,,R2,L3,R3,O4,R2,R3,R2,R1,O4,L1,R3,,,,,,,,,,,,,,,,,,,,,,,,,,,,,,,,,,,,,,,,,,,,,,,,,,Four,,,,,,,,,,,,,,,,,,,,,,,,,,,,,,,,Summer,,,,
OdorControl,OdorControl_Outdoors,2022-11-08,ColonyOutdoorsBee1,8,5,1,6,2,7,3,7,8,2,7,4,,,,,,,,,,,,,,,,,,,,,,,,,,,,,,,,,,,,,,,,,,,,,,,,,,8,One,11,0,8,3,1,1,0,0,0,4,4,0,1,1,4,0.1,0.1,0.4,0.4,0,7,2,2,4,6,0.4,0.6666666667,0.1666666667,0.1666666667,,,Summer,New,,,
OdorControl,OdorControl_Outdoors,2022-11-08,ColonyOutdoorsBee1,8,9.916646,10.31211,11.434517,10.00915,5.068992,9.733627,10.312148,11.453951,4.610152,4.810728,9.757769,,,,,,,,,,,,,,,,,,,,,,,,,,,,,,,,,,,,,,,,,,,,,,,,,,,Two,,,,,,,,,,,,,,,,,,,,,,,,,,,,,,3,8,Summer,New,,,
OdorControl,OdorControl_Outdoors,2022-11-08,ColonyOutdoorsBee1,8,Reward,Reward,Reward,Reward,Reward,Reward,Previsited,Reward,Previsited,Previsited,Reward,,,,,,,,,,,,,,,,,,,,,,,,,,,,,,,,,,,,,,,,,,,,,,,,,,,Three,,,,,,,,,,,,,,,,,,,,,,,,,,,,,,,,Summer,New,,,
OdorControl,OdorControl_Outdoors,2022-11-08,ColonyOutdoorsBee1,8,,O4,R3,O4,R3,O4,O4,L1,L2,R3,R3,,,,,,,,,,,,,,,,,,,,,,,,,,,,,,,,,,,,,,,,,,,,,,,,,,,Four,,,,,,,,,,,,,,,,,,,,,,,,,,,,,,,,Summer,New,,,
OdorControl,OdorControl_Outdoors,2022-11-08,ColonyOutdoorsBee1,9,1,4,6,2,8,7,2,7,3,7,5,,,,,,,,,,,,,,,,,,,,,,,,,,,,,,,,,,,,,,,,,,,,,,,,,,8,One,11,0,8,3,0,1,2,1,2,1,3,0,1,3,3,0.1,0.3,0.3,0.3,0,7,3,3,4,7,0.5,0.5714285714,0.0714285714,0.0714285714,,,Summer,Used,,,
OdorControl,OdorControl_Outdoors,2022-11-08,ColonyOutdoorsBee1,9,10.500437,10.868237,8.300948,10.31504,9.922208,9.843392,10.177917,11.309733,10.358412,11.196535,9.82714,,,,,,,,,,,,,,,,,,,,,,,,,,,,,,,,,,,,,,,,,,,,,,,,,,,Two,,,,,,,,,,,,,,,,,,,,,,,,,,,,,,1,10,Summer,Used,,,
OdorControl,OdorControl_Outdoors,2022-11-08,ColonyOutdoorsBee1,9,Reward,Reward,Reward,Reward,Reward,Reward,Previsited,Previsited,Reward,Previsited,Reward,,,,,,,,,,,,,,,,,,,,,,,,,,,,,,,,,,,,,,,,,,,,,,,,,,,Three,,,,,,,,,,,,,,,,,,,,,,,,,,,,,,,,Summer,Used,,,
OdorControl,OdorControl_Outdoors,2022-11-08,ColonyOutdoorsBee1,9,,L3,L2,O4,R2,R1,L3,R3,O4,O4,R2,,,,,,,,,,,,,,,,,,,,,,,,,,,,,,,,,,,,,,,,,,,,,,,,,,,Four,,,,,,,,,,,,,,,,,,,,,,,,,,,,,,,,Summer,Used,,,
OdorControl,OdorControl_Outdoors,2022-08-14,ColonyOutdoorsBee2,1,6,1,6,3,6,1,7,3,1,6,3,6,1,6,8,4,6,2,5,,,,,,,,,,,,,,,,,,,,,,,,,,,,,,,,,,,,,,,,,,8,One,19,0,8,11,0,2,6,0,2,5,3,0,0,4,11,0,0.2222222222,0.6111111111,0.1666666667,0,3,6,8,7,15,0.4285714286,0.4666666667,-0.033333333,0.0333333333,,,Summer,,,,
OdorControl,OdorControl_Outdoors,2022-08-14,ColonyOutdoorsBee2,1,11.401705,11.308009,10.723958,11.156753,8.704319,10.566925,10.928262,10.271958,9.799251,11.353168,10.737981,9.482691,9.678278,9.682145,11.581894,10.533798,5.332844,11.169151,10.136253,,,,,,,,,,,,,,,,,,,,,,,,,,,,,,,,,,,,,,,,,,,Two,,,,,,,,,,,,,,,,,,,,,,,,,,,,,,2,17,Summer,,,,
OdorControl,OdorControl_Outdoors,2022-08-14,ColonyOutdoorsBee2,1,Reward,Reward,Previsited,Reward,Previsited,Previsited,Reward,Previsited,Previsited,Previsited,Previsited,Previsited,Previsited,Previsited,Reward,Reward,Previsited,Reward,Reward,,,,,,,,,,,,,,,,,,,,,,,,,,,,,,,,,,,,,,,,,,,Three,,,,,,,,,,,,,,,,,,,,,,,,,,,,,,,,Summer,,,,
OdorControl,OdorControl_Outdoors,2022-08-14,ColonyOutdoorsBee2,1,,L3,R3,R3,L3,L3,R2,O4,R2,R3,R3,L3,L3,R3,L2,O4,L2,O4,L3,,,,,,,,,,,,,,,,,,,,,,,,,,,,,,,,,,,,,,,,,,,Four,,,,,,,,,,,,,,,,,,,,,,,,,,,,,,,,Summer,,,,
OdorControl,OdorControl_Outdoors,2022-08-14,ColonyOutdoorsBee2,2,7,8,4,1,8,5,2,4,8,2,1,6,8,3,,,,,,,,,,,,,,,,,,,,,,,,,,,,,,,,,,,,,,,,,,,,,,,8,One,14,0,8,6,1,3,1,2,0,4,2,0,3,3,5,0.2307692308,0.2307692308,0.3846153846,0.1538461538,0,5,4,5,6,11,0.4,0.5454545455,0.0454545455,0.0454545455,,,Summer,,,,
OdorControl,OdorControl_Outdoors,2022-08-14,ColonyOutdoorsBee2,2,11.496146,10.344119,10.462834,8.980752,9.703923,10.191946,10.095093,10.268143,8.233705,9.910099,10.128558,11.688894,9.767353,9.902306,,,,,,,,,,,,,,,,,,,,,,,,,,,,,,,,,,,,,,,,,,,,,,,,Two,,,,,,,,,,,,,,,,,,,,,,,,,,,,,,2,12,Summer,,,,
OdorControl,OdorControl_Outdoors,2022-08-14,ColonyOutdoorsBee2,2,Reward,Reward,Reward,Reward,Previsited,Reward,Reward,Previsited,Previsited,Previsited,Previsited,Reward,Previsited,Reward,,,,,,,,,,,,,,,,,,,,,,,,,,,,,,,,,,,,,,,,,,,,,,,,Three,,,,,,,,,,,,,,,,,,,,,,,,,,,,,,,,Summer,,,,
OdorControl,OdorControl_Outdoors,2022-08-14,ColonyOutdoorsBee2,2,,L1,O4,R3,R1,R3,R3,L2,O4,L2,R1,R3,L2,L3,,,,,,,,,,,,,,,,,,,,,,,,,,,,,,,,,,,,,,,,,,,,,,,,Four,,,,,,,,,,,,,,,,,,,,,,,,,,,,,,,,Summer,,,,
OdorControl,OdorControl_Outdoors,2022-08-14,ColonyOutdoorsBee2,3,4,6,2,2,5,2,5,4,5,2,7,6,2,1,7,1,4,5,6,8,5,7,2,4,3,,,,,,,,,,,,,,,,,,,,,,,,,,,,,,,,,,,,8,One,25,1,8,16,3,5,4,4,1,4,2,1,7,6,8,0.2916666667,0.25,0.3333333333,0.0833333333,0.0416666667,4,9,12,9,21,0.45,0.4285714286,-0.071428571,0.0714285714,,,Summer,,,,
OdorControl,OdorControl_Outdoors,2022-08-14,ColonyOutdoorsBee2,3,10.208151,11.634436,4.352428,9.947929,11.54577,9.112211,7.622991,10.211206,9.818567,10.69325,10.779579,11.752308,7.276751,10.084487,9.304441,11.126066,9.597195,10.405557,10.235516,11.635643,9.788743,9.163939,9.476214,9.441428,9.722587,,,,,,,,,,,,,,,,,,,,,,,,,,,,,,,,,,,,,Two,,,,,,,,,,,,,,,,,,,,,,,,,,,,,,3,22,Summer,,,,
OdorControl,OdorControl_Outdoors,2022-08-14,ColonyOutdoorsBee2,3,Reward,Reward,Reward,Same,Reward,Previsited,Previsited,Previsited,Previsited,Previsited,Reward,Previsited,Previsited,Reward,Previsited,Previsited,Previsited,Previsited,Previsited,Reward,Previsited,Previsited,Previsited,Previsited,Reward,,,,,,,,,,,,,,,,,,,,,,,,,,,,,,,,,,,,,Three,,,,,,,,,,,,,,,,,,,,,,,,,,,,,,,,Summer,,,,
OdorControl,OdorControl_Outdoors,2022-08-14,ColonyOutdoorsBee2,3,,L2,O4,S0,L3,R3,L3,R1,L1,R3,R3,R1,O4,R1,R2,L2,L3,L1,L1,L2,R3,L2,L3,L2,R1,,,,,,,,,,,,,,,,,,,,,,,,,,,,,,,,,,,,,Four,,,,,,,,,,,,,,,,,,,,,,,,,,,,,,,,Summer,,,,
OdorControl,OdorControl_Outdoors,2022-08-14,ColonyOutdoorsBee2,4,1,3,1,8,5,8,2,3,4,5,1,8,3,4,6,7,,,,,,,,,,,,,,,,,,,,,,,,,,,,,,,,,,,,,,,,,,,,,8,One,16,0,8,8,5,3,2,2,1,1,1,0,7,4,3,0.4666666667,0.2666666667,0.2,0.0666666667,0,3,4,10,4,14,0.3076923077,0.2857142857,-0.214285714,0.2142857143,,,Summer,,,,
OdorControl,OdorControl_Outdoors,2022-08-14,ColonyOutdoorsBee2,4,11.007332,11.186589,11.758427,11.462185,9.875183,9.689007,10.953507,9.734909,10.452135,9.205345,10.312696,8.427447,9.67707,8.893005,10.762296,12.247997,,,,,,,,,,,,,,,,,,,,,,,,,,,,,,,,,,,,,,,,,,,,,,Two,,,,,,,,,,,,,,,,,,,,,,,,,,,,,,2,14,Summer,,,,
OdorControl,OdorControl_Outdoors,2022-08-14,ColonyOutdoorsBee2,4,Reward,Reward,Previsited,Reward,Reward,Previsited,Reward,Previsited,Reward,Previsited,Previsited,Previsited,Previsited,Previsited,Reward,Reward,,,,,,,,,,,,,,,,,,,,,,,,,,,,,,,,,,,,,,,,,,,,,,Three,,,,,,,,,,,,,,,,,,,,,,,,,,,,,,,,Summer,,,,
OdorControl,OdorControl_Outdoors,2022-08-14,ColonyOutdoorsBee2,4,,L2,R2,R1,R3,L3,L2,L1,L1,L1,O4,R1,L3,L1,L2,L1,,,,,,,,,,,,,,,,,,,,,,,,,,,,,,,,,,,,,,,,,,,,,,Four,,,,,,,,,,,,,,,,,,,,,,,,,,,,,,,,Summer,,,,
OdorControl,OdorControl_Outdoors,2022-08-14,ColonyOutdoorsBee2,5,1,3,6,7,8,2,4,5,7,4,5,8,1,,,,,,,,,,,,,,,,,,,,,,,,,,,,,,,,,,,,,,,,,,,,,,,,8,One,13,0,8,5,5,4,2,0,0,1,0,0,5,4,3,0.4166666667,0.3333333333,0.25,0,0,9,2,11,1,12,0.1818181818,0.0833333333,-0.416666667,0.4166666667,,,Summer,,,,
OdorControl,OdorControl_Outdoors,2022-08-14,ColonyOutdoorsBee2,5,4.485989,10.071083,9.757229,11.129762,11.466623,10.09768,10.067463,11.406679,9.870681,10.727229,10.946761,10.019797,10.792374,,,,,,,,,,,,,,,,,,,,,,,,,,,,,,,,,,,,,,,,,,,,,,,,,Two,,,,,,,,,,,,,,,,,,,,,,,,,,,,,,1,12,Summer,,,,
OdorControl,OdorControl_Outdoors,2022-08-14,ColonyOutdoorsBee2,5,Reward,Reward,Reward,Reward,Reward,Reward,Reward,Reward,Previsited,Previsited,Previsited,Previsited,Previsited,,,,,,,,,,,,,,,,,,,,,,,,,,,,,,,,,,,,,,,,,,,,,,,,,Three,,,,,,,,,,,,,,,,,,,,,,,,,,,,,,,,Summer,,,,
OdorControl,OdorControl_Outdoors,2022-08-14,ColonyOutdoorsBee2,5,,L2,L3,L1,L1,L2,L2,L1,L2,R3,L1,L3,L1,,,,,,,,,,,,,,,,,,,,,,,,,,,,,,,,,,,,,,,,,,,,,,,,,Four,,,,,,,,,,,,,,,,,,,,,,,,,,,,,,,,Summer,,,,
OdorControl,OdorControl_Outdoors,2022-08-14,ColonyOutdoorsBee2,6,7,2,3,6,3,7,4,8,3,6,7,1,2,4,5,,,,,,,,,,,,,,,,,,,,,,,,,,,,,,,,,,,,,,,,,,,,,,8,One,15,0,8,7,4,2,4,0,0,2,2,0,4,2,6,0.2857142857,0.1428571429,0.4285714286,0.1428571429,0,5,2,10,2,12,0.1818181818,0.1666666667,-0.333333333,0.3333333333,,,Summer,,,,
OdorControl,OdorControl_Outdoors,2022-08-14,ColonyOutdoorsBee2,6,11.683923,10.925925,11.259675,10.774587,9.149463,9.827874,9.615397,11.563838,9.654806,9.597195,9.440045,10.783539,11.504486,9.540115,9.812928,,,,,,,,,,,,,,,,,,,,,,,,,,,,,,,,,,,,,,,,,,,,,,,Two,,,,,,,,,,,,,,,,,,,,,,,,,,,,,,0,15,Summer,,,,
OdorControl,OdorControl_Outdoors,2022-08-14,ColonyOutdoorsBee2,6,Reward,Reward,Reward,Reward,Previsited,Previsited,Reward,Reward,Previsited,Previsited,Previsited,Reward,Previsited,Previsited,Reward,,,,,,,,,,,,,,,,,,,,,,,,,,,,,,,,,,,,,,,,,,,,,,,Three,,,,,,,,,,,,,,,,,,,,,,,,,,,,,,,,Summer,,,,
OdorControl,OdorControl_Outdoors,2022-08-14,ColonyOutdoorsBee2,6,,L3,L1,L3,R3,O4,R3,O4,L3,L3,L1,L2,L1,L2,L1,,,,,,,,,,,,,,,,,,,,,,,,,,,,,,,,,,,,,,,,,,,,,,,Four,,,,,,,,,,,,,,,,,,,,,,,,,,,,,,,,Summer,,,,
OdorControl,OdorControl_Outdoors,2022-08-14,ColonyOutdoorsBee2,7,1,4,8,4,7,7,2,5,2,7,8,2,1,6,5,6,4,6,8,1,3,,,,,,,,,,,,,,,,,,,,,,,,,,,,,,,,,,,,,,,,8,One,21,1,8,12,3,4,4,2,1,3,2,1,5,5,7,0.25,0.25,0.35,0.1,0.05,4,6,11,6,17,0.375,0.3529411765,-0.147058824,0.1470588235,,,Summer,,,,
OdorControl,OdorControl_Outdoors,2022-08-14,ColonyOutdoorsBee2,7,11.61188,11.31411,10.66885,9.189046,11.025309,10.246175,11.000902,9.839093,9.229115,9.408109,9.827378,9.531837,11.556554,10.919929,9.621801,10.504,9.457765,10.801203,10.194432,11.636983,9.907502,,,,,,,,,,,,,,,,,,,,,,,,,,,,,,,,,,,,,,,,,Two,,,,,,,,,,,,,,,,,,,,,,,,,,,,,,0,21,Summer,,,,
OdorControl,OdorControl_Outdoors,2022-08-14,ColonyOutdoorsBee2,7,Reward,Reward,Reward,Previsited,Reward,Same,Reward,Reward,Previsited,Previsited,Previsited,Previsited,Previsited,Reward,Previsited,Previsited,Previsited,Previsited,Previsited,Previsited,Reward,,,,,,,,,,,,,,,,,,,,,,,,,,,,,,,,,,,,,,,,,Three,,,,,,,,,,,,,,,,,,,,,,,,,,,,,,,,Summer,,,,
OdorControl,OdorControl_Outdoors,2022-08-14,ColonyOutdoorsBee2,7,,L3,O4,O4,L3,S0,L3,L3,R3,R3,L1,L2,R1,R3,R1,L1,R2,L2,L2,L1,L2,,,,,,,,,,,,,,,,,,,,,,,,,,,,,,,,,,,,,,,,,Four,,,,,,,,,,,,,,,,,,,,,,,,,,,,,,,,Summer,,,,
OdorControl,OdorControl_Outdoors,2022-08-14,ColonyOutdoorsBee2,8,4,1,6,7,8,1,2,4,5,1,2,6,7,1,5,8,2,6,3,,,,,,,,,,,,,,,,,,,,,,,,,,,,,,,,,,,,,,,,,,8,One,19,0,8,11,7,3,1,0,0,3,4,0,7,3,4,0.3888888889,0.1666666667,0.2222222222,0.2222222222,0,6,2,11,3,14,0.1538461538,0.2142857143,-0.285714286,0.2857142857,,,Summer,Used,,,
OdorControl,OdorControl_Outdoors,2022-08-14,ColonyOutdoorsBee2,8,6.708821,10.490854,10.46533,11.290361,11.650108,6.703647,11.343326,9.986358,10.920232,5.986795,9.428764,9.500127,11.686826,11.147244,8.318401,11.896519,11.3982,11.020057,10.119778,,,,,,,,,,,,,,,,,,,,,,,,,,,,,,,,,,,,,,,,,,,Two,,,,,,,,,,,,,,,,,,,,,,,,,,,,,,4,15,Summer,Used,,,
OdorControl,OdorControl_Outdoors,2022-08-14,ColonyOutdoorsBee2,8,Reward,Reward,Reward,Reward,Reward,Previsited,Reward,Previsited,Reward,Previsited,Previsited,Previsited,Previsited,Previsited,Previsited,Previsited,Previsited,Previsited,Reward,,,,,,,,,,,,,,,,,,,,,,,,,,,,,,,,,,,,,,,,,,,Three,,,,,,,,,,,,,,,,,,,,,,,,,,,,,,,,Summer,Used,,,
OdorControl,OdorControl_Outdoors,2022-08-14,ColonyOutdoorsBee2,8,,R3,R3,L1,L1,L1,L1,L2,L1,O4,L1,O4,L1,L2,O4,L3,L2,O4,R3,,,,,,,,,,,,,,,,,,,,,,,,,,,,,,,,,,,,,,,,,,,Four,,,,,,,,,,,,,,,,,,,,,,,,,,,,,,,,Summer,Used,,,
OdorControl,OdorControl_Outdoors,2022-08-14,ColonyOutdoorsBee2,9,4,7,6,1,1,8,2,5,5,5,8,3,3,3,2,1,6,,,,,,,,,,,,,,,,,,,,,,,,,,,,,,,,,,,,,,,,,,,,8,One,17,5,8,4,0,1,5,4,0,1,0,5,4,1,6,0.25,0.0625,0.375,0,0.3125,5,5,6,5,11,0.5,0.4545454545,-0.045454545,0.0454545455,,,Summer,New,,,
OdorControl,OdorControl_Outdoors,2022-08-14,ColonyOutdoorsBee2,9,10.87055,11.384459,9.962575,10.035348,11.469597,11.728383,10.051419,9.848123,4.360885,10.604563,8.505908,10.894194,10.14129,11.38802,11.858165,11.889176,10.033017,,,,,,,,,,,,,,,,,,,,,,,,,,,,,,,,,,,,,,,,,,,,,Two,,,,,,,,,,,,,,,,,,,,,,,,,,,,,,2,15,Summer,New,,,
OdorControl,OdorControl_Outdoors,2022-08-14,ColonyOutdoorsBee2,9,Reward,Reward,Reward,Reward,Same,Reward,Reward,Reward,Same,Same,Previsited,Reward,Same,Same,Previsited,Previsited,Previsited,,,,,,,,,,,,,,,,,,,,,,,,,,,,,,,,,,,,,,,,,,,,,Three,,,,,,,,,,,,,,,,,,,,,,,,,,,,,,,,Summer,New,,,
OdorControl,OdorControl_Outdoors,2022-08-14,ColonyOutdoorsBee2,9,,L3,R1,L3,S0,R1,L2,L3,S0,S0,L3,L3,S0,S0,R1,R1,R3,,,,,,,,,,,,,,,,,,,,,,,,,,,,,,,,,,,,,,,,,,,,,Four,,,,,,,,,,,,,,,,,,,,,,,,,,,,,,,,Summer,New,,,
OdorControl,OdorControl_Outdoors,2022-08-14,ColonyOutdoorsBee3,1,5,8,7,8,1,2,7,8,1,8,6,4,5,3,,,,,,,,,,,,,,,,,,,,,,,,,,,,,,,,,,,,,,,,,,,,,,,8,One,14,0,8,6,6,0,1,2,3,1,0,0,8,3,2,0.6153846154,0.2307692308,0.1538461538,0,0,4,7,7,6,13,0.5833333333,0.4615384615,-0.038461538,0.0384615385,,,Summer,,,,
OdorControl,OdorControl_Outdoors,2022-08-14,ColonyOutdoorsBee3,1,10.221242,11.118354,10.663459,11.481012,11.259813,11.176095,10.131387,11.493433,10.419878,9.842778,10.861006,11.338995,6.840913,10.117351,,,,,,,,,,,,,,,,,,,,,,,,,,,,,,,,,,,,,,,,,,,,,,,,Two,,,,,,,,,,,,,,,,,,,,,,,,,,,,,,1,13,Summer,,,,
OdorControl,OdorControl_Outdoors,2022-08-14,ColonyOutdoorsBee3,1,Reward,Reward,Reward,Previsited,Reward,Reward,Previsited,Previsited,Previsited,Previsited,Reward,Reward,Previsited,Reward,,,,,,,,,,,,,,,,,,,,,,,,,,,,,,,,,,,,,,,,,,,,,,,,Three,,,,,,,,,,,,,,,,,,,,,,,,,,,,,,,,Summer,,,,
OdorControl,OdorControl_Outdoors,2022-08-14,ColonyOutdoorsBee3,1,,L3,R1,L1,L1,L1,R3,L1,L1,R1,R2,R2,L1,R2,,,,,,,,,,,,,,,,,,,,,,,,,,,,,,,,,,,,,,,,,,,,,,,,Four,,,,,,,,,,,,,,,,,,,,,,,,,,,,,,,,Summer,,,,
OdorControl,OdorControl_Outdoors,2022-08-14,ColonyOutdoorsBee3,2,5,5,3,2,4,3,6,8,7,4,5,3,7,8,1,,,,,,,,,,,,,,,,,,,,,,,,,,,,,,,,,,,,,,,,,,,,,,8,One,15,1,8,6,3,2,1,3,2,1,1,1,6,4,2,0.4285714286,0.2857142857,0.1428571429,0.0714285714,0.0714285714,2,7,6,6,12,0.6363636364,0.5,0,0,,,Summer,,,,
OdorControl,OdorControl_Outdoors,2022-08-14,ColonyOutdoorsBee3,2,4.962037,4.742045,11.303475,11.206767,10.947313,8.809761,11.611528,10.11049,10.134215,10.405501,11.421417,9.439508,10.838441,9.419663,10.065062,,,,,,,,,,,,,,,,,,,,,,,,,,,,,,,,,,,,,,,,,,,,,,,Two,,,,,,,,,,,,,,,,,,,,,,,,,,,,,,3,12,Summer,,,,
OdorControl,OdorControl_Outdoors,2022-08-14,ColonyOutdoorsBee3,2,Reward,Same,Reward,Reward,Reward,Previsited,Reward,Reward,Reward,Previsited,Previsited,Previsited,Previsited,Previsited,Reward,,,,,,,,,,,,,,,,,,,,,,,,,,,,,,,,,,,,,,,,,,,,,,,Three,,,,,,,,,,,,,,,,,,,,,,,,,,,,,,,,Summer,,,,
OdorControl,OdorControl_Outdoors,2022-08-14,ColonyOutdoorsBee3,2,,S0,R2,R1,L2,R1,L3,L2,R1,R3,L1,R2,O4,L1,L1,,,,,,,,,,,,,,,,,,,,,,,,,,,,,,,,,,,,,,,,,,,,,,,Four,,,,,,,,,,,,,,,,,,,,,,,,,,,,,,,,Summer,,,,
OdorControl,OdorControl_Outdoors,2022-08-14,ColonyOutdoorsBee3,3,5,2,1,8,7,6,4,3,,,,,,,,,,,,,,,,,,,,,,,,,,,,,,,,,,,,,,,,,,,,,,,,,,,,,8,One,8,0,8,0,0,0,0,5,1,1,0,0,5,1,1,0.7142857143,0.1428571429,0.1428571429,0,0,8,0,0,7,7,0,1,0.5,0.5,,,Summer,,,,
OdorControl,OdorControl_Outdoors,2022-08-14,ColonyOutdoorsBee3,3,11.526626,11.297662,11.490126,10.002117,11.190631,9.833565,10.916215,10.122918,,,,,,,,,,,,,,,,,,,,,,,,,,,,,,,,,,,,,,,,,,,,,,,,,,,,,,Two,,,,,,,,,,,,,,,,,,,,,,,,,,,,,,0,8,Summer,,,,
OdorControl,OdorControl_Outdoors,2022-08-14,ColonyOutdoorsBee3,3,Reward,Reward,Reward,Reward,Reward,Reward,Reward,Reward,,,,,,,,,,,,,,,,,,,,,,,,,,,,,,,,,,,,,,,,,,,,,,,,,,,,,,Three,,,,,,,,,,,,,,,,,,,,,,,,,,,,,,,,Summer,,,,
OdorControl,OdorControl_Outdoors,2022-08-14,ColonyOutdoorsBee3,3,,R3,R1,R1,R1,R1,R2,R1,,,,,,,,,,,,,,,,,,,,,,,,,,,,,,,,,,,,,,,,,,,,,,,,,,,,,,Four,,,,,,,,,,,,,,,,,,,,,,,,,,,,,,,,Summer,,,,
OdorControl,OdorControl_Outdoors,2022-08-14,ColonyOutdoorsBee3,4,4,5,8,7,6,5,4,6,2,1,8,7,2,3,,,,,,,,,,,,,,,,,,,,,,,,,,,,,,,,,,,,,,,,,,,,,,,8,One,14,0,8,6,2,1,2,7,0,0,1,0,9,1,2,0.6923076923,0.0769230769,0.1538461538,0.0769230769,0,6,4,5,7,12,0.3636363636,0.5833333333,0.0833333333,0.0833333333,,,Summer,,,,
OdorControl,OdorControl_Outdoors,2022-08-14,ColonyOutdoorsBee3,4,11.478431,11.544994,10.26558,10.401229,10.32048,9.682708,5.799953,9.4119,11.386342,11.273775,8.811089,8.107165,10.283167,9.921559,,,,,,,,,,,,,,,,,,,,,,,,,,,,,,,,,,,,,,,,,,,,,,,,Two,,,,,,,,,,,,,,,,,,,,,,,,,,,,,,3,11,Summer,,,,
OdorControl,OdorControl_Outdoors,2022-08-14,ColonyOutdoorsBee3,4,Reward,Reward,Reward,Reward,Reward,Previsited,Previsited,Previsited,Reward,Reward,Previsited,Previsited,Previsited,Reward,,,,,,,,,,,,,,,,,,,,,,,,,,,,,,,,,,,,,,,,,,,,,,,,Three,,,,,,,,,,,,,,,,,,,,,,,,,,,,,,,,Summer,,,,
OdorControl,OdorControl_Outdoors,2022-08-14,ColonyOutdoorsBee3,4,,L1,L3,R1,R1,R1,R1,L2,O4,R1,R1,R1,L3,L1,,,,,,,,,,,,,,,,,,,,,,,,,,,,,,,,,,,,,,,,,,,,,,,,Four,,,,,,,,,,,,,,,,,,,,,,,,,,,,,,,,Summer,,,,
OdorControl,OdorControl_Outdoors,2022-08-14,ColonyOutdoorsBee3,5,6,3,7,1,2,1,2,4,4,8,7,1,8,7,8,2,3,6,5,,,,,,,,,,,,,,,,,,,,,,,,,,,,,,,,,,,,,,,,,,8,One,19,1,8,10,4,4,1,5,0,1,2,1,9,4,2,0.5,0.2222222222,0.1111111111,0.1111111111,0.0555555556,6,8,9,6,15,0.5714285714,0.4,-0.1,0.1,,,Summer,,,,
OdorControl,OdorControl_Outdoors,2022-08-14,ColonyOutdoorsBee3,5,7.508807,11.002603,11.771002,10.605868,9.605499,9.536559,9.079315,9.886704,9.923543,11.179809,9.750015,9.929729,9.958916,9.662052,11.942244,10.284286,10.226142,11.770605,10.094302,,,,,,,,,,,,,,,,,,,,,,,,,,,,,,,,,,,,,,,,,,,Two,,,,,,,,,,,,,,,,,,,,,,,,,,,,,,1,18,Summer,,,,
OdorControl,OdorControl_Outdoors,2022-08-14,ColonyOutdoorsBee3,5,Reward,Reward,Reward,Reward,Reward,Previsited,Previsited,Reward,Same,Reward,Previsited,Previsited,Previsited,Previsited,Previsited,Previsited,Previsited,Previsited,Reward,,,,,,,,,,,,,,,,,,,,,,,,,,,,,,,,,,,,,,,,,,,Three,,,,,,,,,,,,,,,,,,,,,,,,,,,,,,,,Summer,,,,
OdorControl,OdorControl_Outdoors,2022-08-14,ColonyOutdoorsBee3,5,,R3,O4,L2,L1,R1,L1,L2,S0,O4,R1,L2,R1,R1,L1,L2,L1,L3,R1,,,,,,,,,,,,,,,,,,,,,,,,,,,,,,,,,,,,,,,,,,,Four,,,,,,,,,,,,,,,,,,,,,,,,,,,,,,,,Summer,,,,
OdorControl,OdorControl_Outdoors,2022-08-14,ColonyOutdoorsBee3,6,8,3,2,8,5,4,3,6,5,6,1,7,,,,,,,,,,,,,,,,,,,,,,,,,,,,,,,,,,,,,,,,,,,,,,,,,8,One,12,0,8,4,1,0,3,4,2,1,0,0,5,2,4,0.4545454545,0.1818181818,0.3636363636,0,0,4,5,4,7,11,0.5,0.6363636364,0.1363636364,0.1363636364,,,Summer,,,,
OdorControl,OdorControl_Outdoors,2022-08-14,ColonyOutdoorsBee3,6,10.413796,9.73573,9.841015,9.339549,10.18257,10.072554,9.187519,10.460598,10.325541,9.13315,10.570761,10.597944,,,,,,,,,,,,,,,,,,,,,,,,,,,,,,,,,,,,,,,,,,,,,,,,,,Two,,,,,,,,,,,,,,,,,,,,,,,,,,,,,,0,12,Summer,,,,
OdorControl,OdorControl_Outdoors,2022-08-14,ColonyOutdoorsBee3,6,Reward,Reward,Reward,Previsited,Reward,Reward,Previsited,Reward,Previsited,Previsited,Reward,Reward,,,,,,,,,,,,,,,,,,,,,,,,,,,,,,,,,,,,,,,,,,,,,,,,,,Three,,,,,,,,,,,,,,,,,,,,,,,,,,,,,,,,Summer,,,,
OdorControl,OdorControl_Outdoors,2022-08-14,ColonyOutdoorsBee3,6,,L3,R1,R2,R3,R1,R1,L3,R1,L1,L3,R2,,,,,,,,,,,,,,,,,,,,,,,,,,,,,,,,,,,,,,,,,,,,,,,,,,Four,,,,,,,,,,,,,,,,,,,,,,,,,,,,,,,,Summer,,,,
OdorControl,OdorControl_Outdoors,2022-08-14,ColonyOutdoorsBee3,7,2,1,8,7,2,8,4,3,8,2,1,5,7,8,7,1,8,5,6,,,,,,,,,,,,,,,,,,,,,,,,,,,,,,,,,,,,,,,,,,8,One,19,0,8,11,2,3,1,7,1,2,2,0,9,4,3,0.5,0.2222222222,0.1666666667,0.1111111111,0,5,9,6,10,16,0.6,0.625,0.125,0.125,,,Summer,,,,
OdorControl,OdorControl_Outdoors,2022-08-14,ColonyOutdoorsBee3,7,10.152548,11.597636,9.931888,11.3359,8.586626,11.532915,9.864617,11.497503,9.361917,6.515133,9.411133,11.044387,9.97419,9.487397,11.560719,9.530446,11.688977,11.254272,9.777505,,,,,,,,,,,,,,,,,,,,,,,,,,,,,,,,,,,,,,,,,,,Two,,,,,,,,,,,,,,,,,,,,,,,,,,,,,,2,17,Summer,,,,
OdorControl,OdorControl_Outdoors,2022-08-14,ColonyOutdoorsBee3,7,Reward,Reward,Reward,Reward,Previsited,Previsited,Reward,Reward,Previsited,Previsited,Previsited,Reward,Previsited,Previsited,Previsited,Previsited,Previsited,Previsited,Reward,,,,,,,,,,,,,,,,,,,,,,,,,,,,,,,,,,,,,,,,,,,Three,,,,,,,,,,,,,,,,,,,,,,,,,,,,,,,,Summer,,,,
OdorControl,OdorControl_Outdoors,2022-08-14,ColonyOutdoorsBee3,7,,R1,R1,R1,L3,R2,O4,R1,R3,L2,R1,O4,L2,L1,R1,L2,R1,R3,L1,,,,,,,,,,,,,,,,,,,,,,,,,,,,,,,,,,,,,,,,,,,Four,,,,,,,,,,,,,,,,,,,,,,,,,,,,,,,,Summer,,,,
OdorControl,OdorControl_Outdoors,2022-08-14,ColonyOutdoorsBee3,8,2,6,8,1,3,2,7,1,4,3,5,,,,,,,,,,,,,,,,,,,,,,,,,,,,,,,,,,,,,,,,,,,,,,,,,,8,One,11,0,8,3,1,4,1,2,0,1,1,0,3,4,2,0.3,0.4,0.2,0.1,0,6,4,6,3,9,0.5,0.3333333333,-0.166666667,0.1666666667,,,Summer,New,,,
OdorControl,OdorControl_Outdoors,2022-08-14,ColonyOutdoorsBee3,8,10.652467,9.840757,9.866988,10.122147,10.848867,8.318495,9.940108,4.914552,9.94644,11.567765,9.99073,,,,,,,,,,,,,,,,,,,,,,,,,,,,,,,,,,,,,,,,,,,,,,,,,,,Two,,,,,,,,,,,,,,,,,,,,,,,,,,,,,,2,9,Summer,New,,,
OdorControl,OdorControl_Outdoors,2022-08-14,ColonyOutdoorsBee3,8,Reward,Reward,Reward,Reward,Reward,Previsited,Reward,Previsited,Reward,Previsited,Reward,,,,,,,,,,,,,,,,,,,,,,,,,,,,,,,,,,,,,,,,,,,,,,,,,,,Three,,,,,,,,,,,,,,,,,,,,,,,,,,,,,,,,Summer,New,,,
OdorControl,OdorControl_Outdoors,2022-08-14,ColonyOutdoorsBee3,8,,O4,L2,L1,L2,R1,R3,L2,L3,R1,L2,,,,,,,,,,,,,,,,,,,,,,,,,,,,,,,,,,,,,,,,,,,,,,,,,,,Four,,,,,,,,,,,,,,,,,,,,,,,,,,,,,,,,Summer,New,,,
OdorControl,OdorControl_Outdoors,2022-08-14,ColonyOutdoorsBee3,9,8,5,8,2,8,3,4,5,3,2,7,8,6,5,6,7,8,7,6,1,,,,,,,,,,,,,,,,,,,,,,,,,,,,,,,,,,,,,,,,,8,One,20,0,8,12,6,1,3,4,3,2,0,0,10,4,5,0.5263157895,0.2105263158,0.2631578947,0,0,3,9,10,9,19,0.5,0.4736842105,-0.026315789,0.0263157895,,,Summer,Used,,,
OdorControl,OdorControl_Outdoors,2022-08-14,ColonyOutdoorsBee3,9,11.869305,11.185735,11.530887,10.583017,10.081858,11.342776,11.136135,9.63676,9.309132,10.723885,11.781612,6.004611,11.453951,9.7893,11.393274,10.136715,9.926136,10.45961,10.267897,10.919375,,,,,,,,,,,,,,,,,,,,,,,,,,,,,,,,,,,,,,,,,,Two,,,,,,,,,,,,,,,,,,,,,,,,,,,,,,1,19,Summer,Used,,,
OdorControl,OdorControl_Outdoors,2022-08-14,ColonyOutdoorsBee3,9,Reward,Reward,Previsited,Reward,Previsited,Reward,Reward,Previsited,Previsited,Previsited,Reward,Previsited,Reward,Previsited,Previsited,Previsited,Previsited,Previsited,Previsited,Reward,,,,,,,,,,,,,,,,,,,,,,,,,,,,,,,,,,,,,,,,,,Three,,,,,,,,,,,,,,,,,,,,,,,,,,,,,,,,Summer,Used,,,
OdorControl,OdorControl_Outdoors,2022-08-14,ColonyOutdoorsBee3,9,,R3,L3,L2,R2,L3,L1,L1,R2,R1,R3,L1,R2,R1,L1,L1,L1,R1,R1,L3,,,,,,,,,,,,,,,,,,,,,,,,,,,,,,,,,,,,,,,,,,Four,,,,,,,,,,,,,,,,,,,,,,,,,,,,,,,,Summer,Used,,,
OdorControl,OdorControl_Outdoors,2022-08-15,ColonyOutdoorsBee4,1,5,6,7,6,5,8,1,5,7,8,1,1,1,2,4,5,4,5,7,1,8,1,8,4,5,4,1,2,1,5,1,6,5,4,1,3,,,,,,,,,,,,,,,,,,,,,,,,,8,One,36,2,8,26,11,5,1,9,0,3,4,2,20,5,4,0.5714285714,0.1428571429,0.1142857143,0.1142857143,0.0571428571,4,12,17,12,29,0.4285714286,0.4137931034,-0.086206897,0.0862068966,,,Summer,,,,
OdorControl,OdorControl_Outdoors,2022-08-15,ColonyOutdoorsBee4,1,10.517965,11.790345,12.089026,11.84843,11.542022,11.778154,10.148822,10.986611,10.849226,10.802502,10.751768,4.561183,11.488361,11.393753,9.800524,9.534454,11.144446,9.609617,10.453944,11.142592,11.974258,11.611209,10.021956,11.329175,11.57649,9.685526,11.338032,11.483474,10.21592,11.294763,10.802646,11.013705,8.119178,8.648716,9.809351,9.666106,,,,,,,,,,,,,,,,,,,,,,,,,,Two,,,,,,,,,,,,,,,,,,,,,,,,,,,,,,3,33,Summer,,,,
OdorControl,OdorControl_Outdoors,2022-08-15,ColonyOutdoorsBee4,1,Reward,Reward,Reward,Previsited,Previsited,Reward,Reward,Previsited,Previsited,Previsited,Previsited,Same,Same,Reward,Reward,Previsited,Previsited,Previsited,Previsited,Previsited,Previsited,Previsited,Previsited,Previsited,Previsited,Previsited,Previsited,Previsited,Previsited,Previsited,Previsited,Previsited,Previsited,Previsited,Previsited,Reward,,,,,,,,,,,,,,,,,,,,,,,,,,Three,,,,,,,,,,,,,,,,,,,,,,,,,,,,,,,,Summer,,,,
OdorControl,OdorControl_Outdoors,2022-08-15,ColonyOutdoorsBee4,1,,L1,L1,R1,R1,L3,L1,O4,L2,L1,L1,S0,S0,L1,L2,L1,R1,L1,L2,L2,R1,L1,R1,O4,L1,R1,R3,L1,R1,O4,O4,R3,R1,R1,R3,L2,,,,,,,,,,,,,,,,,,,,,,,,,,Four,,,,,,,,,,,,,,,,,,,,,,,,,,,,,,,,Summer,,,,
OdorControl,OdorControl_Outdoors,2022-08-15,ColonyOutdoorsBee4,2,7,5,4,3,2,3,7,2,1,8,7,8,1,4,5,8,4,7,8,1,2,1,5,2,6,,,,,,,,,,,,,,,,,,,,,,,,,,,,,,,,,,,,8,One,25,0,8,17,7,0,4,7,1,1,4,0,14,1,5,0.5833333333,0.0416666667,0.2083333333,0.1666666667,0,6,4,11,9,20,0.2105263158,0.45,-0.05,0.05,,,Summer,,,,
OdorControl,OdorControl_Outdoors,2022-08-15,ColonyOutdoorsBee4,2,10.26011,9.903094,11.546902,10.944036,10.940313,9.745175,11.61767,9.30641,9.831661,11.530329,4.48025,11.649606,11.321602,9.912518,11.596846,10.307308,10.132252,10.082554,11.531141,10.041174,9.862621,11.267064,9.915899,11.698429,10.80905,,,,,,,,,,,,,,,,,,,,,,,,,,,,,,,,,,,,,Two,,,,,,,,,,,,,,,,,,,,,,,,,,,,,,1,24,Summer,,,,
OdorControl,OdorControl_Outdoors,2022-08-15,ColonyOutdoorsBee4,2,Reward,Reward,Reward,Reward,Reward,Previsited,Previsited,Previsited,Reward,Reward,Previsited,Previsited,Previsited,Previsited,Previsited,Previsited,Previsited,Previsited,Previsited,Previsited,Previsited,Previsited,Previsited,Previsited,Reward,,,,,,,,,,,,,,,,,,,,,,,,,,,,,,,,,,,,,Three,,,,,,,,,,,,,,,,,,,,,,,,,,,,,,,,Summer,,,,
OdorControl,OdorControl_Outdoors,2022-08-15,ColonyOutdoorsBee4,2,,R2,R1,R1,R1,L1,O4,L3,R1,R1,R1,L1,L1,L3,L1,L3,O4,L3,L1,L1,L1,R1,O4,R3,O4,,,,,,,,,,,,,,,,,,,,,,,,,,,,,,,,,,,,,Four,,,,,,,,,,,,,,,,,,,,,,,,,,,,,,,,Summer,,,,
OdorControl,OdorControl_Outdoors,2022-08-15,ColonyOutdoorsBee4,3,7,1,8,7,3,2,3,5,4,2,3,4,3,7,6,,,,,,,,,,,,,,,,,,,,,,,,,,,,,,,,,,,,,,,,,,,,,,8,One,15,0,8,7,3,2,0,6,1,0,2,0,9,3,0,0.6428571429,0.2142857143,0,0.1428571429,0,4,5,5,7,12,0.4545454545,0.5833333333,0.0833333333,0.0833333333,,,Summer,,,,
OdorControl,OdorControl_Outdoors,2022-08-15,ColonyOutdoorsBee4,3,11.253891,11.266597,11.286545,9.007214,11.295816,11.09712,9.641876,12.061131,9.875657,9.544037,9.089507,11.286424,8.378919,9.737472,11.749123,,,,,,,,,,,,,,,,,,,,,,,,,,,,,,,,,,,,,,,,,,,,,,,Two,,,,,,,,,,,,,,,,,,,,,,,,,,,,,,1,14,Summer,,,,
OdorControl,OdorControl_Outdoors,2022-08-15,ColonyOutdoorsBee4,3,Reward,Reward,Reward,Previsited,Reward,Reward,Previsited,Reward,Reward,Previsited,Previsited,Previsited,Previsited,Previsited,Reward,,,,,,,,,,,,,,,,,,,,,,,,,,,,,,,,,,,,,,,,,,,,,,,Three,,,,,,,,,,,,,,,,,,,,,,,,,,,,,,,,Summer,,,,
OdorControl,OdorControl_Outdoors,2022-08-15,ColonyOutdoorsBee4,3,,L2,R1,R1,O4,R1,L1,L2,R1,R2,L1,L1,R1,O4,R1,,,,,,,,,,,,,,,,,,,,,,,,,,,,,,,,,,,,,,,,,,,,,,,Four,,,,,,,,,,,,,,,,,,,,,,,,,,,,,,,,Summer,,,,
OdorControl,OdorControl_Outdoors,2022-08-15,ColonyOutdoorsBee4,4,3,2,2,2,3,4,3,8,4,5,5,4,5,6,3,7,4,8,1,,,,,,,,,,,,,,,,,,,,,,,,,,,,,,,,,,,,,,,,,,8,One,19,3,8,8,6,0,0,3,0,3,3,3,9,0,3,0.5,0,0.1666666667,0.1666666667,0.1666666667,3,7,6,6,12,0.6363636364,0.5,0,0,,,Summer,,,,
OdorControl,OdorControl_Outdoors,2022-08-15,ColonyOutdoorsBee4,4,9.640016,10.180962,11.085257,4.363744,10.011234,10.982991,9.548264,11.631621,10.180981,9.820235,9.871313,11.201495,11.464956,11.460127,11.044316,11.920924,10.979512,11.630415,11.005702,,,,,,,,,,,,,,,,,,,,,,,,,,,,,,,,,,,,,,,,,,,Two,,,,,,,,,,,,,,,,,,,,,,,,,,,,,,1,18,Summer,,,,
OdorControl,OdorControl_Outdoors,2022-08-15,ColonyOutdoorsBee4,4,Reward,Reward,Same,Same,Previsited,Reward,Previsited,Reward,Previsited,Reward,Same,Previsited,Previsited,Reward,Previsited,Reward,Previsited,Previsited,Reward,,,,,,,,,,,,,,,,,,,,,,,,,,,,,,,,,,,,,,,,,,,Three,,,,,,,,,,,,,,,,,,,,,,,,,,,,,,,,Summer,,,,
OdorControl,OdorControl_Outdoors,2022-08-15,ColonyOutdoorsBee4,4,,R1,S0,S0,L1,L1,R1,R3,O4,L1,S0,R1,L1,L1,R3,O4,R3,O4,L1,,,,,,,,,,,,,,,,,,,,,,,,,,,,,,,,,,,,,,,,,,,Four,,,,,,,,,,,,,,,,,,,,,,,,,,,,,,,,Summer,,,,
OdorControl,OdorControl_Outdoors,2022-08-15,ColonyOutdoorsBee4,5,2,1,3,4,5,6,7,6,6,7,8,1,,,,,,,,,,,,,,,,,,,,,,,,,,,,,,,,,,,,,,,,,,,,,,,,,8,One,12,1,8,3,7,1,0,2,0,0,0,1,9,1,0,0.8181818182,0.0909090909,0,0,0.0909090909,8,3,8,2,10,0.3333333333,0.2,-0.3,0.3,,,Summer,,,,
OdorControl,OdorControl_Outdoors,2022-08-15,ColonyOutdoorsBee4,5,11.311594,4.375744,11.283747,9.68462,11.217754,11.315075,11.868763,4.359275,9.865941,11.825853,11.86786,10.671115,,,,,,,,,,,,,,,,,,,,,,,,,,,,,,,,,,,,,,,,,,,,,,,,,,Two,,,,,,,,,,,,,,,,,,,,,,,,,,,,,,2,10,Summer,,,,
OdorControl,OdorControl_Outdoors,2022-08-15,ColonyOutdoorsBee4,5,Reward,Reward,Reward,Reward,Reward,Reward,Reward,Previsited,Same,Previsited,Reward,Previsited,,,,,,,,,,,,,,,,,,,,,,,,,,,,,,,,,,,,,,,,,,,,,,,,,,Three,,,,,,,,,,,,,,,,,,,,,,,,,,,,,,,,Summer,,,,
OdorControl,OdorControl_Outdoors,2022-08-15,ColonyOutdoorsBee4,5,,R1,L2,L1,L1,L1,L1,R1,S0,L1,L1,L1,,,,,,,,,,,,,,,,,,,,,,,,,,,,,,,,,,,,,,,,,,,,,,,,,,Four,,,,,,,,,,,,,,,,,,,,,,,,,,,,,,,,Summer,,,,
OdorControl,OdorControl_Outdoors,2022-08-15,ColonyOutdoorsBee4,6,3,2,7,6,7,8,1,2,1,6,1,2,1,2,1,2,6,7,8,3,4,5,,,,,,,,,,,,,,,,,,,,,,,,,,,,,,,,,,,,,,,8,One,22,0,8,14,11,0,2,5,0,2,1,0,16,0,4,0.7619047619,0,0.1904761905,0.0476190476,0,5,7,13,7,20,0.3684210526,0.35,-0.15,0.15,,,Summer,,,,
OdorControl,OdorControl_Outdoors,2022-08-15,ColonyOutdoorsBee4,6,10.956016,11.400936,11.382593,12.045024,11.783697,11.751313,11.458987,9.455725,11.156351,10.14006,11.351795,10.913054,11.561832,10.976973,10.513813,11.314782,11.715229,11.815481,11.894208,11.115128,11.09264,10.553986,,,,,,,,,,,,,,,,,,,,,,,,,,,,,,,,,,,,,,,,Two,,,,,,,,,,,,,,,,,,,,,,,,,,,,,,0,22,Summer,,,,
OdorControl,OdorControl_Outdoors,2022-08-15,ColonyOutdoorsBee4,6,Reward,Reward,Reward,Reward,Previsited,Reward,Reward,Previsited,Previsited,Previsited,Previsited,Previsited,Previsited,Previsited,Previsited,Previsited,Previsited,Previsited,Previsited,Previsited,Reward,Reward,,,,,,,,,,,,,,,,,,,,,,,,,,,,,,,,,,,,,,,,Three,,,,,,,,,,,,,,,,,,,,,,,,,,,,,,,,Summer,,,,
OdorControl,OdorControl_Outdoors,2022-08-15,ColonyOutdoorsBee4,6,,R1,R3,R1,L1,L1,L1,L1,R1,R3,L3,L1,R1,L1,R1,L1,O4,L1,L1,L3,L1,L1,,,,,,,,,,,,,,,,,,,,,,,,,,,,,,,,,,,,,,,,Four,,,,,,,,,,,,,,,,,,,,,,,,,,,,,,,,Summer,,,,
OdorControl,OdorControl_Outdoors,2022-08-15,ColonyOutdoorsBee4,7,5,4,3,4,5,1,1,8,7,4,5,4,3,5,1,2,8,7,3,2,2,5,1,4,4,3,6,,,,,,,,,,,,,,,,,,,,,,,,,,,,,,,,,,8,One,27,3,8,16,4,1,3,9,1,1,4,3,13,2,4,0.5,0.0769230769,0.1538461538,0.1538461538,0.1153846154,4,9,8,11,19,0.5,0.5789473684,0.0789473684,0.0789473684,,,Summer,,,,
OdorControl,OdorControl_Outdoors,2022-08-15,ColonyOutdoorsBee4,7,11.252297,11.025928,10.598385,9.563991,9.530753,11.149203,11.256489,11.610268,11.686843,8.176666,6.420045,5.482116,10.946013,10.800968,11.547357,11.256194,9.859933,12.313455,10.117351,5.214417,11.335505,11.308027,11.459872,11.348892,11.102758,11.268033,10.178626,,,,,,,,,,,,,,,,,,,,,,,,,,,,,,,,,,,Two,,,,,,,,,,,,,,,,,,,,,,,,,,,,,,4,23,Summer,,,,
OdorControl,OdorControl_Outdoors,2022-08-15,ColonyOutdoorsBee4,7,Reward,Reward,Reward,Previsited,Previsited,Reward,Same,Reward,Reward,Previsited,Previsited,Previsited,Previsited,Previsited,Previsited,Reward,Previsited,Previsited,Previsited,Previsited,Same,Previsited,Previsited,Previsited,Same,Previsited,Reward,,,,,,,,,,,,,,,,,,,,,,,,,,,,,,,,,,,Three,,,,,,,,,,,,,,,,,,,,,,,,,,,,,,,,Summer,,,,
OdorControl,OdorControl_Outdoors,2022-08-15,ColonyOutdoorsBee4,7,,R1,R1,L1,L1,O4,S0,R1,R1,R3,L1,R1,R1,L2,O4,L1,R2,R1,O4,R1,S0,L3,O4,L3,S0,R1,L3,,,,,,,,,,,,,,,,,,,,,,,,,,,,,,,,,,,Four,,,,,,,,,,,,,,,,,,,,,,,,,,,,,,,,Summer,,,,
OdorControl,OdorControl_Outdoors,2022-08-15,ColonyOutdoorsBee4,8,8,8,1,8,8,3,7,8,7,6,5,4,3,6,4,1,8,7,2,,,,,,,,,,,,,,,,,,,,,,,,,,,,,,,,,,,,,,,,,,8,One,19,2,8,9,2,0,3,8,1,1,1,2,10,1,4,0.5555555556,0.0555555556,0.2222222222,0.0555555556,0.1111111111,2,6,5,10,15,0.4285714286,0.6666666667,0.1666666667,0.1666666667,,,Summer,Used,,,
OdorControl,OdorControl_Outdoors,2022-08-15,ColonyOutdoorsBee4,8,11.256939,5.53868,11.575042,11.472469,11.630197,11.597771,11.497622,10.777771,9.652787,9.67709,10.933415,11.177211,11.329106,10.927423,11.027996,10.905139,9.678822,11.448521,10.609415,,,,,,,,,,,,,,,,,,,,,,,,,,,,,,,,,,,,,,,,,,,Two,,,,,,,,,,,,,,,,,,,,,,,,,,,,,,1,18,Summer,Used,,,
OdorControl,OdorControl_Outdoors,2022-08-15,ColonyOutdoorsBee4,8,Reward,Same,Reward,Previsited,Same,Reward,Reward,Previsited,Previsited,Reward,Reward,Reward,Previsited,Previsited,Previsited,Previsited,Previsited,Previsited,Reward,,,,,,,,,,,,,,,,,,,,,,,,,,,,,,,,,,,,,,,,,,,Three,,,,,,,,,,,,,,,,,,,,,,,,,,,,,,,,Summer,Used,,,
OdorControl,OdorControl_Outdoors,2022-08-15,ColonyOutdoorsBee4,8,,S0,L1,R1,S0,L3,O4,L1,R1,R1,R1,R1,R1,L3,R2,R3,R1,R1,L3,,,,,,,,,,,,,,,,,,,,,,,,,,,,,,,,,,,,,,,,,,,Four,,,,,,,,,,,,,,,,,,,,,,,,,,,,,,,,Summer,Used,,,
OdorControl,OdorControl_Outdoors,2022-08-15,ColonyOutdoorsBee4,9,3,2,3,3,3,7,8,1,8,5,6,3,2,3,2,4,,,,,,,,,,,,,,,,,,,,,,,,,,,,,,,,,,,,,,,,,,,,,8,One,16,2,8,6,5,1,0,4,0,2,1,2,9,1,2,0.6,0.0666666667,0.1333333333,0.0666666667,0.1333333333,3,7,6,6,12,0.6363636364,0.5,0,0,,,Summer,New,,,
OdorControl,OdorControl_Outdoors,2022-08-15,ColonyOutdoorsBee4,9,10.806832,11.086049,9.943402,4.4138,9.50064,11.7976,11.85116,11.717758,6.874822,9.885146,10.542843,9.726415,10.458511,10.974415,11.255917,10.120356,,,,,,,,,,,,,,,,,,,,,,,,,,,,,,,,,,,,,,,,,,,,,,Two,,,,,,,,,,,,,,,,,,,,,,,,,,,,,,2,14,Summer,New,,,
OdorControl,OdorControl_Outdoors,2022-08-15,ColonyOutdoorsBee4,9,Reward,Reward,Previsited,Same,Same,Reward,Reward,Reward,Previsited,Reward,Reward,Previsited,Previsited,Previsited,Previsited,Reward,,,,,,,,,,,,,,,,,,,,,,,,,,,,,,,,,,,,,,,,,,,,,,Three,,,,,,,,,,,,,,,,,,,,,,,,,,,,,,,,Summer,New,,,
OdorControl,OdorControl_Outdoors,2022-08-15,ColonyOutdoorsBee4,9,,R1,L1,S0,S0,O4,L1,L1,R1,R3,L1,R3,R1,L1,R1,L2,,,,,,,,,,,,,,,,,,,,,,,,,,,,,,,,,,,,,,,,,,,,,,Four,,,,,,,,,,,,,,,,,,,,,,,,,,,,,,,,Summer,New,,,
OdorControl,OdorControl_Outdoors,2022-08-15,ColonyOutdoorsBee5,1,3,4,2,3,2,3,4,2,1,6,4,8,2,5,1,2,1,8,1,8,7,,,,,,,,,,,,,,,,,,,,,,,,,,,,,,,,,,,,,,,,8,One,21,0,8,13,6,1,1,6,3,1,2,0,12,4,2,0.6,0.2,0.1,0.1,0,4,9,8,10,18,0.5294117647,0.5555555556,0.0555555556,0.0555555556,,,Summer,,,,
OdorControl,OdorControl_Outdoors,2022-08-15,ColonyOutdoorsBee5,1,10.757369,11.128974,10.316702,10.89906,8.632225,9.739633,9.387866,10.025807,11.743547,9.701874,8.665086,11.725607,5.990961,9.588864,10.115521,10.614264,11.477633,11.023895,11.888192,11.058198,10.917572,,,,,,,,,,,,,,,,,,,,,,,,,,,,,,,,,,,,,,,,,Two,,,,,,,,,,,,,,,,,,,,,,,,,,,,,,3,18,Summer,,,,
OdorControl,OdorControl_Outdoors,2022-08-15,ColonyOutdoorsBee5,1,Reward,Reward,Reward,Previsited,Previsited,Previsited,Previsited,Previsited,Reward,Reward,Previsited,Reward,Previsited,Reward,Previsited,Previsited,Previsited,Previsited,Previsited,Previsited,Reward,,,,,,,,,,,,,,,,,,,,,,,,,,,,,,,,,,,,,,,,,Three,,,,,,,,,,,,,,,,,,,,,,,,,,,,,,,,Summer,,,,
OdorControl,OdorControl_Outdoors,2022-08-15,ColonyOutdoorsBee5,1,,L1,R2,L1,R1,L1,L1,R2,R1,R3,R2,O4,L2,L3,O4,L1,R1,R1,L1,R1,R1,,,,,,,,,,,,,,,,,,,,,,,,,,,,,,,,,,,,,,,,,Four,,,,,,,,,,,,,,,,,,,,,,,,,,,,,,,,Summer,,,,
OdorControl,OdorControl_Outdoors,2022-08-15,ColonyOutdoorsBee5,2,5,6,7,8,7,6,3,8,1,3,2,6,5,3,5,8,1,4,,,,,,,,,,,,,,,,,,,,,,,,,,,,,,,,,,,,,,,,,,,8,One,18,0,8,10,5,2,2,4,1,2,1,0,9,3,4,0.5294117647,0.1764705882,0.2352941176,0.0588235294,0,5,4,9,7,16,0.2666666667,0.4375,-0.0625,0.0625,,,Summer,,,,
OdorControl,OdorControl_Outdoors,2022-08-15,ColonyOutdoorsBee5,2,11.452607,11.926351,11.924357,11.743083,6.805832,9.201532,9.625183,9.054441,11.694913,9.493744,11.378893,9.485651,9.637529,11.015899,9.218866,11.708589,9.640016,10.88279,,,,,,,,,,,,,,,,,,,,,,,,,,,,,,,,,,,,,,,,,,,,Two,,,,,,,,,,,,,,,,,,,,,,,,,,,,,,1,17,Summer,,,,
OdorControl,OdorControl_Outdoors,2022-08-15,ColonyOutdoorsBee5,2,Reward,Reward,Reward,Reward,Previsited,Previsited,Reward,Previsited,Reward,Previsited,Reward,Previsited,Previsited,Previsited,Previsited,Previsited,Previsited,Reward,,,,,,,,,,,,,,,,,,,,,,,,,,,,,,,,,,,,,,,,,,,,Three,,,,,,,,,,,,,,,,,,,,,,,,,,,,,,,,Summer,,,,
OdorControl,OdorControl_Outdoors,2022-08-15,ColonyOutdoorsBee5,2,,L1,L1,L1,R1,R1,R3,R3,L1,L2,R1,O4,R1,R2,L2,L3,L1,L3,,,,,,,,,,,,,,,,,,,,,,,,,,,,,,,,,,,,,,,,,,,,Four,,,,,,,,,,,,,,,,,,,,,,,,,,,,,,,,Summer,,,,
OdorControl,OdorControl_Outdoors,2022-08-15,ColonyOutdoorsBee5,3,5,6,7,4,5,2,8,4,3,2,6,7,5,6,8,4,7,8,2,6,5,3,2,5,4,3,2,1,,,,,,,,,,,,,,,,,,,,,,,,,,,,,,,,,8,One,28,0,8,20,6,2,2,8,3,2,4,0,14,5,4,0.5185185185,0.1851851852,0.1481481481,0.1481481481,0,5,9,10,13,23,0.4090909091,0.5652173913,0.0652173913,0.0652173913,,,Summer,,,,
OdorControl,OdorControl_Outdoors,2022-08-15,ColonyOutdoorsBee5,3,11.755675,11.723546,11.753038,10.961762,12.091009,11.275037,11.061388,10.335428,11.301198,8.847802,10.151511,9.781591,11.482149,11.729131,11.435028,11.439698,10.49988,10.841264,11.100651,9.931888,11.648485,11.660326,11.282555,10.564877,11.460773,11.370513,9.787389,10.949431,,,,,,,,,,,,,,,,,,,,,,,,,,,,,,,,,,Two,,,,,,,,,,,,,,,,,,,,,,,,,,,,,,1,27,Summer,,,,
OdorControl,OdorControl_Outdoors,2022-08-15,ColonyOutdoorsBee5,3,Reward,Reward,Reward,Reward,Previsited,Reward,Reward,Previsited,Reward,Previsited,Previsited,Previsited,Previsited,Previsited,Previsited,Previsited,Previsited,Previsited,Previsited,Previsited,Previsited,Previsited,Previsited,Previsited,Previsited,Previsited,Previsited,Reward,,,,,,,,,,,,,,,,,,,,,,,,,,,,,,,,,,Three,,,,,,,,,,,,,,,,,,,,,,,,,,,,,,,,Summer,,,,
OdorControl,OdorControl_Outdoors,2022-08-15,ColonyOutdoorsBee5,3,,L1,L1,R3,L1,R3,R2,O4,R1,R1,O4,L1,R2,L1,L2,O4,L3,L1,L2,O4,R1,R2,R1,L3,R1,R1,R1,R1,,,,,,,,,,,,,,,,,,,,,,,,,,,,,,,,,,Four,,,,,,,,,,,,,,,,,,,,,,,,,,,,,,,,Summer,,,,
OdorControl,OdorControl_Outdoors,2022-08-15,ColonyOutdoorsBee5,4,4,3,7,8,1,4,5,6,5,3,8,7,6,3,8,4,7,6,5,2,,,,,,,,,,,,,,,,,,,,,,,,,,,,,,,,,,,,,,,,,8,One,20,0,8,12,4,0,2,6,1,4,2,0,10,1,6,0.5263157895,0.0526315789,0.3157894737,0.1052631579,0,6,4,6,11,17,0.25,0.6470588235,0.1470588235,0.1470588235,,,Summer,,,,
OdorControl,OdorControl_Outdoors,2022-08-15,ColonyOutdoorsBee5,4,11.240962,9.899235,11.679385,11.045587,11.120283,6.930369,11.55399,11.587833,8.507649,10.473001,9.901913,9.964003,11.792329,10.948381,10.427937,11.127432,12.160599,11.618341,11.476733,9.528707,,,,,,,,,,,,,,,,,,,,,,,,,,,,,,,,,,,,,,,,,,Two,,,,,,,,,,,,,,,,,,,,,,,,,,,,,,2,18,Summer,,,,
OdorControl,OdorControl_Outdoors,2022-08-15,ColonyOutdoorsBee5,4,Reward,Reward,Reward,Reward,Reward,Previsited,Reward,Reward,Previsited,Previsited,Previsited,Previsited,Previsited,Previsited,Previsited,Previsited,Previsited,Previsited,Previsited,Reward,,,,,,,,,,,,,,,,,,,,,,,,,,,,,,,,,,,,,,,,,,Three,,,,,,,,,,,,,,,,,,,,,,,,,,,,,,,,Summer,,,,
OdorControl,OdorControl_Outdoors,2022-08-15,ColonyOutdoorsBee5,4,,R1,O4,L1,L1,L3,L1,L1,R1,R2,R3,R1,R1,R3,R3,O4,L3,R1,R1,R3,,,,,,,,,,,,,,,,,,,,,,,,,,,,,,,,,,,,,,,,,,Four,,,,,,,,,,,,,,,,,,,,,,,,,,,,,,,,Summer,,,,
OdorControl,OdorControl_Outdoors,2022-08-15,ColonyOutdoorsBee5,5,5,7,8,1,2,7,2,1,2,7,3,3,2,3,2,6,4,,,,,,,,,,,,,,,,,,,,,,,,,,,,,,,,,,,,,,,,,,,,8,One,17,1,8,8,5,1,1,3,1,2,2,1,8,2,3,0.5,0.125,0.1875,0.125,0.0625,6,7,7,6,13,0.5833333333,0.4615384615,-0.038461538,0.0384615385,,,Summer,,,,
OdorControl,OdorControl_Outdoors,2022-08-15,ColonyOutdoorsBee5,5,11.271337,11.812313,11.948265,11.535417,11.475782,9.395234,9.746415,11.680419,11.498859,11.756835,11.098613,9.790654,11.456248,9.986846,11.916557,11.610117,9.399963,,,,,,,,,,,,,,,,,,,,,,,,,,,,,,,,,,,,,,,,,,,,,Two,,,,,,,,,,,,,,,,,,,,,,,,,,,,,,0,17,Summer,,,,
OdorControl,OdorControl_Outdoors,2022-08-15,ColonyOutdoorsBee5,5,Reward,Reward,Reward,Reward,Reward,Previsited,Previsited,Previsited,Previsited,Previsited,Reward,Same,Previsited,Previsited,Previsited,Reward,Reward,,,,,,,,,,,,,,,,,,,,,,,,,,,,,,,,,,,,,,,,,,,,,Three,,,,,,,,,,,,,,,,,,,,,,,,,,,,,,,,Summer,,,,
OdorControl,OdorControl_Outdoors,2022-08-15,ColonyOutdoorsBee5,5,,L2,L1,L1,L1,R3,L3,R1,L1,R3,O4,S0,R1,L1,R1,O4,R2,,,,,,,,,,,,,,,,,,,,,,,,,,,,,,,,,,,,,,,,,,,,,Four,,,,,,,,,,,,,,,,,,,,,,,,,,,,,,,,Summer,,,,
OdorControl,OdorControl_Outdoors,2022-08-15,ColonyOutdoorsBee5,6,8,4,6,7,8,3,5,5,6,3,2,8,3,5,4,3,8,7,6,5,4,5,4,2,1,,,,,,,,,,,,,,,,,,,,,,,,,,,,,,,,,,,,8,One,25,1,8,16,4,3,2,9,2,2,1,1,13,5,4,0.5416666667,0.2083333333,0.1666666667,0.0416666667,0.0416666667,5,5,9,13,22,0.2380952381,0.5909090909,0.0909090909,0.0909090909,,,Summer,,,,
OdorControl,OdorControl_Outdoors,2022-08-15,ColonyOutdoorsBee5,6,11.511142,11.405859,10.642654,11.241899,11.151685,9.998453,9.682547,9.678278,9.406824,9.909941,11.875774,11.571724,11.722299,10.225837,9.985792,11.364717,11.596174,11.192704,10.87055,11.2829,11.294004,10.121993,11.059537,12.069209,10.429302,,,,,,,,,,,,,,,,,,,,,,,,,,,,,,,,,,,,,Two,,,,,,,,,,,,,,,,,,,,,,,,,,,,,,0,25,Summer,,,,
OdorControl,OdorControl_Outdoors,2022-08-15,ColonyOutdoorsBee5,6,Reward,Reward,Reward,Reward,Previsited,Reward,Reward,Same,Previsited,Previsited,Reward,Previsited,Previsited,Previsited,Previsited,Previsited,Previsited,Previsited,Previsited,Previsited,Previsited,Previsited,Previsited,Previsited,Reward,,,,,,,,,,,,,,,,,,,,,,,,,,,,,,,,,,,,,Three,,,,,,,,,,,,,,,,,,,,,,,,,,,,,,,,Summer,,,,
OdorControl,OdorControl_Outdoors,2022-08-15,ColonyOutdoorsBee5,6,,O4,L2,L1,L1,L3,L2,S0,L1,R3,R1,R2,L3,L2,R1,R1,R3,R1,R1,R1,R1,L1,R1,R2,R1,,,,,,,,,,,,,,,,,,,,,,,,,,,,,,,,,,,,,Four,,,,,,,,,,,,,,,,,,,,,,,,,,,,,,,,Summer,,,,
OdorControl,OdorControl_Outdoors,2022-08-15,ColonyOutdoorsBee5,7,8,8,1,8,1,6,1,2,3,4,4,5,6,2,3,2,6,7,,,,,,,,,,,,,,,,,,,,,,,,,,,,,,,,,,,,,,,,,,,8,One,18,2,8,8,9,0,1,2,0,1,2,2,11,0,2,0.6470588235,0,0.1176470588,0.1176470588,0.1176470588,2,6,10,3,13,0.5,0.2307692308,-0.269230769,0.2692307692,,,Summer,,,,
OdorControl,OdorControl_Outdoors,2022-08-15,ColonyOutdoorsBee5,7,10.97889,4.350278,11.458987,8.92722,10.891778,11.933671,11.185178,11.176095,11.269486,10.037524,11.513564,11.073505,9.934047,9.34174,10.7374,11.820231,9.850656,9.952905,,,,,,,,,,,,,,,,,,,,,,,,,,,,,,,,,,,,,,,,,,,,Two,,,,,,,,,,,,,,,,,,,,,,,,,,,,,,2,16,Summer,,,,
OdorControl,OdorControl_Outdoors,2022-08-15,ColonyOutdoorsBee5,7,Reward,Same,Reward,Previsited,Previsited,Reward,Previsited,Reward,Reward,Reward,Same,Reward,Previsited,Previsited,Previsited,Previsited,Previsited,Reward,,,,,,,,,,,,,,,,,,,,,,,,,,,,,,,,,,,,,,,,,,,,Three,,,,,,,,,,,,,,,,,,,,,,,,,,,,,,,,Summer,,,,
OdorControl,OdorControl_Outdoors,2022-08-15,ColonyOutdoorsBee5,7,,S0,L1,R1,L1,R3,L3,L1,L1,L1,S0,L1,L1,O4,L1,R1,O4,L1,,,,,,,,,,,,,,,,,,,,,,,,,,,,,,,,,,,,,,,,,,,,Four,,,,,,,,,,,,,,,,,,,,,,,,,,,,,,,,Summer,,,,
OdorControl,OdorControl_Outdoors,2022-08-15,ColonyOutdoorsBee5,8,5,6,3,4,5,6,7,6,1,6,5,3,2,1,2,7,8,,,,,,,,,,,,,,,,,,,,,,,,,,,,,,,,,,,,,,,,,,,,8,One,17,0,8,9,7,0,1,4,1,3,0,0,11,1,4,0.6875,0.0625,0.25,0,0,5,8,8,8,16,0.5333333333,0.5,0,0,,,Summer,New,,,
OdorControl,OdorControl_Outdoors,2022-08-15,ColonyOutdoorsBee5,8,11.459515,11.372982,10.597282,11.03789,8.021526,10.410838,10.469241,11.304716,10.369114,10.248153,11.248555,10.457896,10.440734,11.086752,9.96324,11.861271,11.957365,,,,,,,,,,,,,,,,,,,,,,,,,,,,,,,,,,,,,,,,,,,,,Two,,,,,,,,,,,,,,,,,,,,,,,,,,,,,,1,16,Summer,New,,,
OdorControl,OdorControl_Outdoors,2022-08-15,ColonyOutdoorsBee5,8,Reward,Reward,Reward,Reward,Previsited,Previsited,Reward,Previsited,Reward,Previsited,Previsited,Previsited,Reward,Previsited,Previsited,Previsited,Reward,,,,,,,,,,,,,,,,,,,,,,,,,,,,,,,,,,,,,,,,,,,,,Three,,,,,,,,,,,,,,,,,,,,,,,,,,,,,,,,Summer,New,,,
OdorControl,OdorControl_Outdoors,2022-08-15,ColonyOutdoorsBee5,8,,L1,R3,L1,L1,L1,L1,R1,L3,R3,R1,R2,R1,R1,L1,R3,L1,,,,,,,,,,,,,,,,,,,,,,,,,,,,,,,,,,,,,,,,,,,,,Four,,,,,,,,,,,,,,,,,,,,,,,,,,,,,,,,Summer,New,,,
OdorControl,OdorControl_Outdoors,2022-08-15,ColonyOutdoorsBee5,9,5,6,7,8,1,2,3,4,,,,,,,,,,,,,,,,,,,,,,,,,,,,,,,,,,,,,,,,,,,,,,,,,,,,,8,One,8,0,8,0,7,0,0,0,0,0,0,0,7,0,0,1,0,0,0,0,8,0,7,0,7,0,0,-0.5,0.5,,,Summer,Used,,,
OdorControl,OdorControl_Outdoors,2022-08-15,ColonyOutdoorsBee5,9,11.002603,11.752308,11.741887,11.736358,11.727353,10.466112,10.131387,9.837211,,,,,,,,,,,,,,,,,,,,,,,,,,,,,,,,,,,,,,,,,,,,,,,,,,,,,,Two,,,,,,,,,,,,,,,,,,,,,,,,,,,,,,0,8,Summer,Used,,,
OdorControl,OdorControl_Outdoors,2022-08-15,ColonyOutdoorsBee5,9,Reward,Reward,Reward,Reward,Reward,Reward,Reward,Reward,,,,,,,,,,,,,,,,,,,,,,,,,,,,,,,,,,,,,,,,,,,,,,,,,,,,,,Three,,,,,,,,,,,,,,,,,,,,,,,,,,,,,,,,Summer,Used,,,
OdorControl,OdorControl_Outdoors,2022-08-15,ColonyOutdoorsBee5,9,,L1,L1,L1,L1,L1,L1,L1,,,,,,,,,,,,,,,,,,,,,,,,,,,,,,,,,,,,,,,,,,,,,,,,,,,,,,Four,,,,,,,,,,,,,,,,,,,,,,,,,,,,,,,,Summer,Used,,,
OdorControl,OdorControl_Outdoors,2022-08-15,ColonyOutdoorsBee6,1,4,4,2,6,5,4,3,7,6,3,7,8,3,7,8,1,,,,,,,,,,,,,,,,,,,,,,,,,,,,,,,,,,,,,,,,,,,,,8,One,16,1,8,7,3,0,1,4,1,1,4,1,7,1,2,0.4666666667,0.0666666667,0.1333333333,0.2666666667,0.0666666667,2,1,4,6,10,0.1111111111,0.6,0.1,0.1,,,Summer,,,,
OdorControl,OdorControl_Outdoors,2022-08-15,ColonyOutdoorsBee6,1,11.406611,11.650108,11.869748,11.440397,11.401551,11.331222,12.114202,11.295384,10.966953,12.09794,11.140685,11.615287,11.811356,11.476716,11.522567,12.010261,,,,,,,,,,,,,,,,,,,,,,,,,,,,,,,,,,,,,,,,,,,,,,Two,,,,,,,,,,,,,,,,,,,,,,,,,,,,,,0,16,Summer,,,,
OdorControl,OdorControl_Outdoors,2022-08-15,ColonyOutdoorsBee6,1,Reward,Same,Reward,Reward,Reward,Previsited,Reward,Reward,Previsited,Previsited,Previsited,Reward,Previsited,Previsited,Previsited,Reward,,,,,,,,,,,,,,,,,,,,,,,,,,,,,,,,,,,,,,,,,,,,,,Three,,,,,,,,,,,,,,,,,,,,,,,,,,,,,,,,Summer,,,,
OdorControl,OdorControl_Outdoors,2022-08-15,ColonyOutdoorsBee6,1,,S0,R2,O4,R1,R1,R1,O4,R1,R3,O4,L1,L3,O4,L1,L1,,,,,,,,,,,,,,,,,,,,,,,,,,,,,,,,,,,,,,,,,,,,,,Four,,,,,,,,,,,,,,,,,,,,,,,,,,,,,,,,Summer,,,,
OdorControl,OdorControl_Outdoors,2022-08-15,ColonyOutdoorsBee6,2,7,3,3,7,6,8,7,8,1,8,3,6,7,8,3,6,2,2,5,4,,,,,,,,,,,,,,,,,,,,,,,,,,,,,,,,,,,,,,,,,8,One,20,2,8,10,4,1,5,4,0,0,3,2,8,1,5,0.4210526316,0.0526315789,0.2631578947,0.1578947368,0.1052631579,3,6,10,4,14,0.4615384615,0.2857142857,-0.214285714,0.2142857143,,,Summer,,,,
OdorControl,OdorControl_Outdoors,2022-08-15,ColonyOutdoorsBee6,2,11.635224,11.192826,11.654374,11.918128,11.577787,12.074118,11.757764,11.828375,11.862898,11.37293,10.519318,10.94254,7.898671,11.062709,11.114672,10.25935,11.497503,11.910864,10.888234,11.333493,,,,,,,,,,,,,,,,,,,,,,,,,,,,,,,,,,,,,,,,,,Two,,,,,,,,,,,,,,,,,,,,,,,,,,,,,,1,19,Summer,,,,
OdorControl,OdorControl_Outdoors,2022-08-15,ColonyOutdoorsBee6,2,Reward,Reward,Same,Previsited,Reward,Reward,Previsited,Previsited,Reward,Previsited,Previsited,Previsited,Previsited,Previsited,Previsited,Previsited,Reward,Same,Reward,Reward,,,,,,,,,,,,,,,,,,,,,,,,,,,,,,,,,,,,,,,,,,Three,,,,,,,,,,,,,,,,,,,,,,,,,,,,,,,,Summer,,,,
OdorControl,OdorControl_Outdoors,2022-08-15,ColonyOutdoorsBee6,2,,O4,S0,O4,R1,L2,R1,L1,L1,R1,L3,L3,L1,L1,L3,L3,O4,S0,L3,R1,,,,,,,,,,,,,,,,,,,,,,,,,,,,,,,,,,,,,,,,,,Four,,,,,,,,,,,,,,,,,,,,,,,,,,,,,,,,Summer,,,,
OdorControl,OdorControl_Outdoors,2022-08-15,ColonyOutdoorsBee6,3,6,2,1,4,3,4,2,1,5,6,5,6,7,8,,,,,,,,,,,,,,,,,,,,,,,,,,,,,,,,,,,,,,,,,,,,,,,8,One,14,0,8,6,5,0,1,4,1,0,2,0,9,1,1,0.6923076923,0.0769230769,0.0769230769,0.1538461538,0,6,7,6,5,11,0.7,0.4545454545,-0.045454545,0.0454545455,,,Summer,,,,
OdorControl,OdorControl_Outdoors,2022-08-15,ColonyOutdoorsBee6,3,11.847837,11.195281,11.12808,11.328831,11.31554,10.458511,11.317538,10.620194,11.954561,11.999626,11.565877,11.852723,11.744078,11.750716,,,,,,,,,,,,,,,,,,,,,,,,,,,,,,,,,,,,,,,,,,,,,,,,Two,,,,,,,,,,,,,,,,,,,,,,,,,,,,,,0,14,Summer,,,,
OdorControl,OdorControl_Outdoors,2022-08-15,ColonyOutdoorsBee6,3,Reward,Reward,Reward,Reward,Reward,Previsited,Previsited,Previsited,Reward,Previsited,Previsited,Previsited,Reward,Reward,,,,,,,,,,,,,,,,,,,,,,,,,,,,,,,,,,,,,,,,,,,,,,,,Three,,,,,,,,,,,,,,,,,,,,,,,,,,,,,,,,Summer,,,,
OdorControl,OdorControl_Outdoors,2022-08-15,ColonyOutdoorsBee6,3,,O4,R1,L3,R1,L1,R2,R1,O4,L1,R1,L1,L1,L1,,,,,,,,,,,,,,,,,,,,,,,,,,,,,,,,,,,,,,,,,,,,,,,,Four,,,,,,,,,,,,,,,,,,,,,,,,,,,,,,,,Summer,,,,
OdorControl,OdorControl_Outdoors,2022-08-15,ColonyOutdoorsBee6,4,6,1,8,7,7,4,4,1,8,7,5,2,5,6,4,2,1,7,3,,,,,,,,,,,,,,,,,,,,,,,,,,,,,,,,,,,,,,,,,,8,One,19,2,8,9,1,0,2,5,4,3,1,2,6,4,5,0.3333333333,0.2222222222,0.2777777778,0.0555555556,0.1111111111,5,3,3,12,15,0.2142857143,0.8,0.3,0.3,,,Summer,,,,
OdorControl,OdorControl_Outdoors,2022-08-15,ColonyOutdoorsBee6,4,11.338995,10.098954,11.175624,11.312318,11.345199,11.240962,11.633364,11.742352,11.461692,10.10833,10.182053,11.867334,11.622367,11.394369,11.207445,10.361291,11.926449,11.546429,10.162737,,,,,,,,,,,,,,,,,,,,,,,,,,,,,,,,,,,,,,,,,,,Two,,,,,,,,,,,,,,,,,,,,,,,,,,,,,,0,19,Summer,,,,
OdorControl,OdorControl_Outdoors,2022-08-15,ColonyOutdoorsBee6,4,Reward,Reward,Reward,Reward,Same,Reward,Same,Previsited,Previsited,Previsited,Reward,Reward,Previsited,Previsited,Previsited,Previsited,Previsited,Previsited,Reward,,,,,,,,,,,,,,,,,,,,,,,,,,,,,,,,,,,,,,,,,,,Three,,,,,,,,,,,,,,,,,,,,,,,,,,,,,,,,Summer,,,,
OdorControl,OdorControl_Outdoors,2022-08-15,ColonyOutdoorsBee6,4,,L3,R1,R1,S0,R3,S0,R3,R1,R1,R2,R3,L3,L1,R2,R2,R1,R2,O4,,,,,,,,,,,,,,,,,,,,,,,,,,,,,,,,,,,,,,,,,,,Four,,,,,,,,,,,,,,,,,,,,,,,,,,,,,,,,Summer,,,,
OdorControl,OdorControl_Outdoors,2022-08-15,ColonyOutdoorsBee6,5,8,7,6,3,1,1,2,8,3,7,6,3,6,5,6,4,,,,,,,,,,,,,,,,,,,,,,,,,,,,,,,,,,,,,,,,,,,,,8,One,16,1,8,7,2,0,2,4,3,2,1,1,6,3,4,0.4,0.2,0.2666666667,0.0666666667,0.0666666667,6,8,4,9,13,0.6666666667,0.6923076923,0.1923076923,0.1923076923,,,Summer,,,,
OdorControl,OdorControl_Outdoors,2022-08-15,ColonyOutdoorsBee6,5,11.909931,10.318365,11.504672,11.251206,10.998616,12.072262,11.577096,10.255074,11.412419,10.586553,10.666072,11.479161,9.031938,11.24365,11.207897,9.859933,,,,,,,,,,,,,,,,,,,,,,,,,,,,,,,,,,,,,,,,,,,,,,Two,,,,,,,,,,,,,,,,,,,,,,,,,,,,,,0,16,Summer,,,,
OdorControl,OdorControl_Outdoors,2022-08-15,ColonyOutdoorsBee6,5,Reward,Reward,Reward,Reward,Reward,Same,Reward,Previsited,Previsited,Previsited,Previsited,Previsited,Previsited,Reward,Previsited,Reward,,,,,,,,,,,,,,,,,,,,,,,,,,,,,,,,,,,,,,,,,,,,,,Three,,,,,,,,,,,,,,,,,,,,,,,,,,,,,,,,Summer,,,,
OdorControl,OdorControl_Outdoors,2022-08-15,ColonyOutdoorsBee6,5,,R1,R1,R3,R2,S0,L1,R2,L3,O4,R1,R3,L3,R1,L1,R2,,,,,,,,,,,,,,,,,,,,,,,,,,,,,,,,,,,,,,,,,,,,,,Four,,,,,,,,,,,,,,,,,,,,,,,,,,,,,,,,Summer,,,,
OdorControl,OdorControl_Outdoors,2022-08-15,ColonyOutdoorsBee6,6,7,6,5,2,1,8,5,4,4,3,1,7,3,8,,,,,,,,,,,,,,,,,,,,,,,,,,,,,,,,,,,,,,,,,,,,,,,8,One,14,1,8,5,0,0,0,6,2,3,1,1,6,2,3,0.4615384615,0.1538461538,0.2307692308,0.0769230769,0.0769230769,7,0,0,11,11,0,1,0.5,0.5,,,Summer,,,,
OdorControl,OdorControl_Outdoors,2022-08-15,ColonyOutdoorsBee6,6,10.434235,11.587598,11.18706,11.26978,10.287261,11.224147,11.753038,11.493433,11.670152,10.486059,11.63328,11.632007,11.243459,10.231344,,,,,,,,,,,,,,,,,,,,,,,,,,,,,,,,,,,,,,,,,,,,,,,,Two,,,,,,,,,,,,,,,,,,,,,,,,,,,,,,0,14,Summer,,,,
OdorControl,OdorControl_Outdoors,2022-08-15,ColonyOutdoorsBee6,6,Reward,Reward,Reward,Reward,Reward,Reward,Previsited,Reward,Same,Reward,Previsited,Previsited,Previsited,Previsited,,,,,,,,,,,,,,,,,,,,,,,,,,,,,,,,,,,,,,,,,,,,,,,,Three,,,,,,,,,,,,,,,,,,,,,,,,,,,,,,,,Summer,,,,
OdorControl,OdorControl_Outdoors,2022-08-15,ColonyOutdoorsBee6,6,,R1,R1,R3,R1,R1,R3,R1,S0,R1,R2,R2,O4,R3,,,,,,,,,,,,,,,,,,,,,,,,,,,,,,,,,,,,,,,,,,,,,,,,Four,,,,,,,,,,,,,,,,,,,,,,,,,,,,,,,,Summer,,,,
OdorControl,OdorControl_Outdoors,2022-08-15,ColonyOutdoorsBee6,7,6,3,2,8,4,3,1,7,5,,,,,,,,,,,,,,,,,,,,,,,,,,,,,,,,,,,,,,,,,,,,,,,,,,,,8,One,9,0,8,1,0,0,0,2,4,1,1,0,2,4,1,0.25,0.5,0.125,0.125,0,6,0,0,7,7,0,1,0.5,0.5,,,Summer,,,,
OdorControl,OdorControl_Outdoors,2022-08-15,ColonyOutdoorsBee6,7,11.595552,12.164766,12.048373,11.544116,11.019279,12.22729,12.258767,10.896072,11.663201,,,,,,,,,,,,,,,,,,,,,,,,,,,,,,,,,,,,,,,,,,,,,,,,,,,,,Two,,,,,,,,,,,,,,,,,,,,,,,,,,,,,,0,9,Summer,,,,
OdorControl,OdorControl_Outdoors,2022-08-15,ColonyOutdoorsBee6,7,Reward,Reward,Reward,Reward,Reward,Previsited,Reward,Reward,Reward,,,,,,,,,,,,,,,,,,,,,,,,,,,,,,,,,,,,,,,,,,,,,,,,,,,,,Three,,,,,,,,,,,,,,,,,,,,,,,,,,,,,,,,Summer,,,,
OdorControl,OdorControl_Outdoors,2022-08-15,ColonyOutdoorsBee6,7,,R3,R1,R2,O4,R1,R2,R2,R2,,,,,,,,,,,,,,,,,,,,,,,,,,,,,,,,,,,,,,,,,,,,,,,,,,,,,Four,,,,,,,,,,,,,,,,,,,,,,,,,,,,,,,,Summer,,,,
OdorControl,OdorControl_Outdoors,2022-08-15,ColonyOutdoorsBee6,8,3,2,1,8,7,6,3,2,1,8,7,6,4,2,1,1,8,6,5,,,,,,,,,,,,,,,,,,,,,,,,,,,,,,,,,,,,,,,,,,8,One,19,1,8,10,0,0,0,13,3,1,0,1,13,3,1,0.7222222222,0.1666666667,0.0555555556,0,0.0555555556,7,0,0,17,17,0,1,0.5,0.5,,,Summer,Used,,,
OdorControl,OdorControl_Outdoors,2022-08-15,ColonyOutdoorsBee6,8,11.966898,10.894069,11.187548,12.499496,12.315244,11.957365,10.974273,11.687226,12.443714,12.222953,12.470503,12.478019,11.031372,11.907852,12.115586,4.345481,12.281563,12.481674,11.155722,,,,,,,,,,,,,,,,,,,,,,,,,,,,,,,,,,,,,,,,,,,Two,,,,,,,,,,,,,,,,,,,,,,,,,,,,,,1,18,Summer,Used,,,
OdorControl,OdorControl_Outdoors,2022-08-15,ColonyOutdoorsBee6,8,Reward,Reward,Reward,Reward,Reward,Reward,Previsited,Previsited,Previsited,Previsited,Previsited,Previsited,Reward,Previsited,Previsited,Same,Previsited,Previsited,Reward,,,,,,,,,,,,,,,,,,,,,,,,,,,,,,,,,,,,,,,,,,,Three,,,,,,,,,,,,,,,,,,,,,,,,,,,,,,,,Summer,Used,,,
OdorControl,OdorControl_Outdoors,2022-08-15,ColonyOutdoorsBee6,8,,R1,R1,R1,R1,R1,R3,R1,R1,R1,R1,R1,R2,R2,R1,S0,R1,R2,R1,,,,,,,,,,,,,,,,,,,,,,,,,,,,,,,,,,,,,,,,,,,Four,,,,,,,,,,,,,,,,,,,,,,,,,,,,,,,,Summer,Used,,,
OdorControl,OdorControl_Outdoors,2022-08-15,ColonyOutdoorsBee6,9,6,3,7,4,2,1,8,6,4,1,7,5,,,,,,,,,,,,,,,,,,,,,,,,,,,,,,,,,,,,,,,,,,,,,,,,,8,One,12,0,8,4,0,0,0,2,5,3,1,0,2,5,3,0.1818181818,0.4545454545,0.2727272727,0.0909090909,0,8,0,0,10,10,0,1,0.5,0.5,,,Summer,New,,,
OdorControl,OdorControl_Outdoors,2022-08-15,ColonyOutdoorsBee6,9,11.214973,10.997783,11.369793,10.800337,11.735644,11.005844,11.603282,11.153887,12.187626,11.819522,12.259403,11.12759,,,,,,,,,,,,,,,,,,,,,,,,,,,,,,,,,,,,,,,,,,,,,,,,,,Two,,,,,,,,,,,,,,,,,,,,,,,,,,,,,,0,12,Summer,New,,,
OdorControl,OdorControl_Outdoors,2022-08-15,ColonyOutdoorsBee6,9,Reward,Reward,Reward,Reward,Reward,Reward,Reward,Previsited,Previsited,Previsited,Previsited,Reward,,,,,,,,,,,,,,,,,,,,,,,,,,,,,,,,,,,,,,,,,,,,,,,,,,Three,,,,,,,,,,,,,,,,,,,,,,,,,,,,,,,,Summer,New,,,
OdorControl,OdorControl_Outdoors,2022-08-15,ColonyOutdoorsBee6,9,,R3,O4,R3,R2,R1,R1,R2,R2,R3,R2,R2,,,,,,,,,,,,,,,,,,,,,,,,,,,,,,,,,,,,,,,,,,,,,,,,,,Four,,,,,,,,,,,,,,,,,,,,,,,,,,,,,,,,Summer,New,,,
OdorControl,OdorControl_Outdoors,2022-08-17,ColonyOutdoorsBee7,1,1,4,2,2,3,1,4,7,4,6,3,1,4,8,4,7,4,7,2,5,,,,,,,,,,,,,,,,,,,,,,,,,,,,,,,,,,,,,,,,,8,One,20,1,8,11,1,1,8,0,3,3,2,1,1,4,11,0.0526315789,0.2105263158,0.5789473684,0.1052631579,0.0526315789,4,10,10,6,16,0.6666666667,0.375,-0.125,0.125,,,Summer,,,,
OdorControl,OdorControl_Outdoors,2022-08-17,ColonyOutdoorsBee7,1,12.488559,12.475754,12.498841,12.493881,12.498919,12.364655,12.497359,12.329844,12.392653,12.164301,12.496751,12.483767,12.258385,12.498841,12.335724,12.489636,10.933362,12.482127,12.420148,10.410838,,,,,,,,,,,,,,,,,,,,,,,,,,,,,,,,,,,,,,,,,,Two,,,,,,,,,,,,,,,,,,,,,,,,,,,,,,0,20,Summer,,,,
OdorControl,OdorControl_Outdoors,2022-08-17,ColonyOutdoorsBee7,1,Reward,Reward,Reward,Same,Reward,Previsited,Previsited,Reward,Previsited,Reward,Previsited,Previsited,Previsited,Reward,Previsited,Previsited,Previsited,Previsited,Previsited,Reward,,,,,,,,,,,,,,,,,,,,,,,,,,,,,,,,,,,,,,,,,,Three,,,,,,,,,,,,,,,,,,,,,,,,,,,,,,,,Summer,,,,
OdorControl,OdorControl_Outdoors,2022-08-17,ColonyOutdoorsBee7,1,,L3,R2,S0,L1,R2,L3,L3,R3,L2,R3,R2,L3,O4,O4,L3,R3,L3,L3,L3,,,,,,,,,,,,,,,,,,,,,,,,,,,,,,,,,,,,,,,,,,Four,,,,,,,,,,,,,,,,,,,,,,,,,,,,,,,,Summer,,,,
OdorControl,OdorControl_Outdoors,2022-08-17,ColonyOutdoorsBee7,2,4,5,2,4,8,4,8,5,2,4,7,2,4,1,3,8,5,1,3,4,1,4,6,,,,,,,,,,,,,,,,,,,,,,,,,,,,,,,,,,,,,,8,One,23,0,8,15,2,6,3,0,0,7,4,0,2,6,10,0.0909090909,0.2727272727,0.4545454545,0.1818181818,0,4,10,11,7,18,0.5882352941,0.3888888889,-0.111111111,0.1111111111,,,Summer,,,,
OdorControl,OdorControl_Outdoors,2022-08-17,ColonyOutdoorsBee7,2,12.241836,12.440973,12.11343,12.328833,12.425718,8.381036,12.461872,12.468627,8.851349,12.283452,12.462013,8.414021,10.622635,12.374472,12.473879,9.508987,12.44561,12.192679,12.365033,7.978912,12.492633,6.919757,10.964695,,,,,,,,,,,,,,,,,,,,,,,,,,,,,,,,,,,,,,,Two,,,,,,,,,,,,,,,,,,,,,,,,,,,,,,5,18,Summer,,,,
OdorControl,OdorControl_Outdoors,2022-08-17,ColonyOutdoorsBee7,2,Reward,Reward,Reward,Previsited,Reward,Previsited,Previsited,Previsited,Previsited,Previsited,Reward,Previsited,Previsited,Reward,Reward,Previsited,Previsited,Previsited,Previsited,Previsited,Previsited,Previsited,Reward,,,,,,,,,,,,,,,,,,,,,,,,,,,,,,,,,,,,,,,Three,,,,,,,,,,,,,,,,,,,,,,,,,,,,,,,,Summer,,,,
OdorControl,OdorControl_Outdoors,2022-08-17,ColonyOutdoorsBee7,2,,L1,R3,L2,O4,O4,O4,R3,R3,L2,L3,L3,L2,R3,L2,R3,R3,O4,L2,L1,R3,L3,L2,,,,,,,,,,,,,,,,,,,,,,,,,,,,,,,,,,,,,,,Four,,,,,,,,,,,,,,,,,,,,,,,,,,,,,,,,Summer,,,,
OdorControl,OdorControl_Outdoors,2022-08-17,ColonyOutdoorsBee7,3,1,5,2,3,4,8,1,5,6,7,,,,,,,,,,,,,,,,,,,,,,,,,,,,,,,,,,,,,,,,,,,,,,,,,,,8,One,10,0,8,2,5,0,0,0,0,1,3,0,5,0,1,0.5555555556,0,0.1111111111,0.3333333333,0,7,1,5,1,6,0.2,0.1666666667,-0.333333333,0.3333333333,,,Summer,,,,
OdorControl,OdorControl_Outdoors,2022-08-17,ColonyOutdoorsBee7,3,12.392904,12.426299,11.169814,12.49541,12.402401,11.882682,12.189801,12.49842,12.499621,10.843386,,,,,,,,,,,,,,,,,,,,,,,,,,,,,,,,,,,,,,,,,,,,,,,,,,,,Two,,,,,,,,,,,,,,,,,,,,,,,,,,,,,,0,10,Summer,,,,
OdorControl,OdorControl_Outdoors,2022-08-17,ColonyOutdoorsBee7,3,Reward,Reward,Reward,Reward,Reward,Reward,Previsited,Previsited,Reward,Reward,,,,,,,,,,,,,,,,,,,,,,,,,,,,,,,,,,,,,,,,,,,,,,,,,,,,Three,,,,,,,,,,,,,,,,,,,,,,,,,,,,,,,,Summer,,,,
OdorControl,OdorControl_Outdoors,2022-08-17,ColonyOutdoorsBee7,3,,O4,R3,L1,L1,O4,L1,O4,L1,L1,,,,,,,,,,,,,,,,,,,,,,,,,,,,,,,,,,,,,,,,,,,,,,,,,,,,Four,,,,,,,,,,,,,,,,,,,,,,,,,,,,,,,,Summer,,,,
OdorControl,OdorControl_Outdoors,2022-08-17,ColonyOutdoorsBee7,4,8,1,3,5,6,7,1,5,3,8,4,1,4,8,6,7,8,5,8,3,6,7,6,2,,,,,,,,,,,,,,,,,,,,,,,,,,,,,,,,,,,,,8,One,24,0,8,16,6,3,4,1,2,3,4,0,7,5,7,0.3043478261,0.2173913043,0.3043478261,0.1739130435,0,7,7,13,6,19,0.3888888889,0.3157894737,-0.184210526,0.1842105263,,,Summer,,,,
OdorControl,OdorControl_Outdoors,2022-08-17,ColonyOutdoorsBee7,4,12.085672,11.009687,12.474254,12.184859,11.29642,12.383841,12.2504,10.759688,10.626304,11.944643,12.479878,12.06669,11.833631,12.024746,12.063976,12.383983,10.897468,12.371684,10.545283,12.489168,11.807708,12.35606,12.287085,11.090549,,,,,,,,,,,,,,,,,,,,,,,,,,,,,,,,,,,,,,Two,,,,,,,,,,,,,,,,,,,,,,,,,,,,,,0,24,Summer,,,,
OdorControl,OdorControl_Outdoors,2022-08-17,ColonyOutdoorsBee7,4,Reward,Reward,Reward,Reward,Reward,Reward,Previsited,Previsited,Previsited,Previsited,Reward,Previsited,Previsited,Previsited,Previsited,Previsited,Previsited,Previsited,Previsited,Previsited,Previsited,Previsited,Previsited,Reward,,,,,,,,,,,,,,,,,,,,,,,,,,,,,,,,,,,,,,Three,,,,,,,,,,,,,,,,,,,,,,,,,,,,,,,,Summer,,,,
OdorControl,OdorControl_Outdoors,2022-08-17,ColonyOutdoorsBee7,4,,L1,L2,L2,L1,L1,L2,O4,R2,R3,O4,R3,L3,O4,R2,L1,L1,R3,L3,L3,L3,L1,R1,O4,,,,,,,,,,,,,,,,,,,,,,,,,,,,,,,,,,,,,,Four,,,,,,,,,,,,,,,,,,,,,,,,,,,,,,,,Summer,,,,
OdorControl,OdorControl_Outdoors,2022-08-17,ColonyOutdoorsBee7,5,7,1,2,8,1,7,2,3,4,6,3,4,6,8,1,6,2,6,3,4,5,,,,,,,,,,,,,,,,,,,,,,,,,,,,,,,,,,,,,,,,8,One,21,0,8,13,8,4,1,0,2,3,2,0,8,6,4,0.4,0.3,0.2,0.1,0,5,8,13,5,18,0.4705882353,0.2777777778,-0.222222222,0.2222222222,,,Summer,,,,
OdorControl,OdorControl_Outdoors,2022-08-17,ColonyOutdoorsBee7,5,10.917572,11.297834,11.909832,12.08793,10.531892,10.860432,10.608312,12.454221,12.332184,12.183227,11.336932,11.44394,10.244881,10.767258,12.496548,12.497921,10.496965,10.679387,12.4002,11.03812,10.917572,,,,,,,,,,,,,,,,,,,,,,,,,,,,,,,,,,,,,,,,,Two,,,,,,,,,,,,,,,,,,,,,,,,,,,,,,0,21,Summer,,,,
OdorControl,OdorControl_Outdoors,2022-08-17,ColonyOutdoorsBee7,5,Reward,Reward,Reward,Reward,Previsited,Previsited,Previsited,Reward,Reward,Reward,Previsited,Previsited,Previsited,Previsited,Previsited,Previsited,Previsited,Previsited,Previsited,Previsited,Reward,,,,,,,,,,,,,,,,,,,,,,,,,,,,,,,,,,,,,,,,,Three,,,,,,,,,,,,,,,,,,,,,,,,,,,,,,,,Summer,,,,
OdorControl,OdorControl_Outdoors,2022-08-17,ColonyOutdoorsBee7,5,,L2,L1,R2,L1,R2,L3,L1,L1,L2,R3,L1,L2,L2,L1,R3,O4,O4,R3,L1,L1,,,,,,,,,,,,,,,,,,,,,,,,,,,,,,,,,,,,,,,,,Four,,,,,,,,,,,,,,,,,,,,,,,,,,,,,,,,Summer,,,,
OdorControl,OdorControl_Outdoors,2022-08-17,ColonyOutdoorsBee7,6,1,6,1,6,1,2,4,7,2,7,8,3,4,8,1,2,4,7,8,4,5,,,,,,,,,,,,,,,,,,,,,,,,,,,,,,,,,,,,,,,,8,One,21,0,8,13,7,2,6,0,0,3,2,0,7,2,9,0.35,0.1,0.45,0.1,0,3,5,15,3,18,0.2941176471,0.1666666667,-0.333333333,0.3333333333,,,Summer,,,,
OdorControl,OdorControl_Outdoors,2022-08-17,ColonyOutdoorsBee7,6,12.478426,10.704181,12.473379,12.145153,7.722881,12.298994,11.835755,12.129591,12.345344,11.993646,12.165407,12.494224,9.018461,11.974632,12.499044,12.326366,9.43926,12.404947,12.222953,8.556016,10.848562,,,,,,,,,,,,,,,,,,,,,,,,,,,,,,,,,,,,,,,,,Two,,,,,,,,,,,,,,,,,,,,,,,,,,,,,,2,19,Summer,,,,
OdorControl,OdorControl_Outdoors,2022-08-17,ColonyOutdoorsBee7,6,Reward,Reward,Previsited,Previsited,Previsited,Reward,Reward,Reward,Previsited,Previsited,Reward,Reward,Previsited,Previsited,Previsited,Previsited,Previsited,Previsited,Previsited,Previsited,Reward,,,,,,,,,,,,,,,,,,,,,,,,,,,,,,,,,,,,,,,,,Three,,,,,,,,,,,,,,,,,,,,,,,,,,,,,,,,Summer,,,,
OdorControl,OdorControl_Outdoors,2022-08-17,ColonyOutdoorsBee7,6,,R3,L3,R3,L3,L1,L2,L3,L3,R3,L1,L3,L1,O4,L1,L1,L2,L3,L1,O4,L1,,,,,,,,,,,,,,,,,,,,,,,,,,,,,,,,,,,,,,,,,Four,,,,,,,,,,,,,,,,,,,,,,,,,,,,,,,,Summer,,,,
OdorControl,OdorControl_Outdoors,2022-08-17,ColonyOutdoorsBee7,7,3,7,4,8,1,4,6,3,7,8,3,7,8,4,6,7,1,3,7,2,5,,,,,,,,,,,,,,,,,,,,,,,,,,,,,,,,,,,,,,,,8,One,21,0,8,13,4,4,4,0,0,2,6,0,4,4,6,0.2,0.2,0.3,0.3,0,6,3,12,2,14,0.2307692308,0.1428571429,-0.357142857,0.3571428571,,,Summer,,,,
OdorControl,OdorControl_Outdoors,2022-08-17,ColonyOutdoorsBee7,7,12.219301,10.937194,10.789322,11.617251,11.697396,8.614458,12.484251,12.081026,11.198432,12.391363,10.474434,8.746363,12.440268,8.397695,12.323329,10.318063,12.498919,11.919125,8.010218,12.446032,12.370455,,,,,,,,,,,,,,,,,,,,,,,,,,,,,,,,,,,,,,,,,Two,,,,,,,,,,,,,,,,,,,,,,,,,,,,,,4,17,Summer,,,,
OdorControl,OdorControl_Outdoors,2022-08-17,ColonyOutdoorsBee7,7,Reward,Reward,Reward,Reward,Reward,Previsited,Reward,Previsited,Previsited,Previsited,Previsited,Previsited,Previsited,Previsited,Previsited,Previsited,Previsited,Previsited,Previsited,Reward,Reward,,,,,,,,,,,,,,,,,,,,,,,,,,,,,,,,,,,,,,,,,Three,,,,,,,,,,,,,,,,,,,,,,,,,,,,,,,,Summer,,,,
OdorControl,OdorControl_Outdoors,2022-08-17,ColonyOutdoorsBee7,7,,O4,R3,O4,L1,L3,L2,R3,O4,L1,L3,O4,L1,O4,L2,L1,L2,L2,O4,L3,L3,,,,,,,,,,,,,,,,,,,,,,,,,,,,,,,,,,,,,,,,,Four,,,,,,,,,,,,,,,,,,,,,,,,,,,,,,,,Summer,,,,
OdorControl,OdorControl_Outdoors,2022-08-17,ColonyOutdoorsBee7,8,6,4,7,2,3,4,4,2,3,4,6,7,1,5,6,8,,,,,,,,,,,,,,,,,,,,,,,,,,,,,,,,,,,,,,,,,,,,,8,One,16,1,8,7,6,3,2,0,2,0,1,1,6,5,2,0.4,0.3333333333,0.1333333333,0.0666666667,0.0666666667,6,3,11,2,13,0.25,0.1538461538,-0.346153846,0.3461538462,,,Summer,New,,,
OdorControl,OdorControl_Outdoors,2022-08-17,ColonyOutdoorsBee7,8,4.898621,11.605953,12.48692,11.83368,11.446324,10.55031,12.187626,11.800508,10.596914,12.063345,12.043664,12.454847,12.043163,12.319153,12.498919,11.306716,,,,,,,,,,,,,,,,,,,,,,,,,,,,,,,,,,,,,,,,,,,,,,Two,,,,,,,,,,,,,,,,,,,,,,,,,,,,,,1,15,Summer,New,,,
OdorControl,OdorControl_Outdoors,2022-08-17,ColonyOutdoorsBee7,8,Reward,Reward,Reward,Reward,Reward,Previsited,Same,Previsited,Previsited,Previsited,Previsited,Previsited,Reward,Reward,Previsited,Reward,,,,,,,,,,,,,,,,,,,,,,,,,,,,,,,,,,,,,,,,,,,,,,Three,,,,,,,,,,,,,,,,,,,,,,,,,,,,,,,,Summer,New,,,
OdorControl,OdorControl_Outdoors,2022-08-17,ColonyOutdoorsBee7,8,,R2,L3,L3,L1,L1,S0,R2,L1,L1,L2,L1,L2,O4,L1,L2,,,,,,,,,,,,,,,,,,,,,,,,,,,,,,,,,,,,,,,,,,,,,,Four,,,,,,,,,,,,,,,,,,,,,,,,,,,,,,,,Summer,New,,,
OdorControl,OdorControl_Outdoors,2022-08-17,ColonyOutdoorsBee7,9,5,5,1,5,8,7,7,8,4,6,7,8,1,6,3,8,1,2,,,,,,,,,,,,,,,,,,,,,,,,,,,,,,,,,,,,,,,,,,,8,One,18,2,8,8,6,1,1,1,0,3,3,2,7,1,4,0.4117647059,0.0588235294,0.2352941176,0.1764705882,0.1176470588,2,4,8,4,12,0.3636363636,0.3333333333,-0.166666667,0.1666666667,,,Summer,Used,,,
OdorControl,OdorControl_Outdoors,2022-08-17,ColonyOutdoorsBee7,9,11.965529,9.963143,12.220848,5.056864,12.027663,12.05473,12.429592,12.103127,12.489121,12.012306,12.404947,12.005781,12.469002,12.379386,12.447285,6.378283,8.628657,11.260696,,,,,,,,,,,,,,,,,,,,,,,,,,,,,,,,,,,,,,,,,,,,Two,,,,,,,,,,,,,,,,,,,,,,,,,,,,,,3,15,Summer,Used,,,
OdorControl,OdorControl_Outdoors,2022-08-17,ColonyOutdoorsBee7,9,Reward,Same,Reward,Previsited,Reward,Reward,Same,Previsited,Reward,Reward,Previsited,Previsited,Previsited,Previsited,Reward,Previsited,Previsited,Reward,,,,,,,,,,,,,,,,,,,,,,,,,,,,,,,,,,,,,,,,,,,,Three,,,,,,,,,,,,,,,,,,,,,,,,,,,,,,,,Summer,Used,,,
OdorControl,OdorControl_Outdoors,2022-08-17,ColonyOutdoorsBee7,9,,S0,O4,O4,L3,R1,S0,L1,O4,L2,L1,L1,L1,R3,R3,R3,L1,L1,,,,,,,,,,,,,,,,,,,,,,,,,,,,,,,,,,,,,,,,,,,,Four,,,,,,,,,,,,,,,,,,,,,,,,,,,,,,,,Summer,Used,,,
OdorControl,OdorControl_Outdoors,2022-08-17,ColonyOutdoorsBee8,1,5,7,2,2,3,3,8,3,7,4,1,2,8,1,3,7,4,8,1,2,3,1,8,4,5,4,1,4,6,,,,,,,,,,,,,,,,,,,,,,,,,,,,,,,,8,One,29,2,8,19,7,3,3,2,2,5,4,2,9,5,8,0.3214285714,0.1785714286,0.2857142857,0.1428571429,0.0714285714,4,12,13,9,22,0.5714285714,0.4090909091,-0.090909091,0.0909090909,,,Summer,,,,
OdorControl,OdorControl_Outdoors,2022-08-17,ColonyOutdoorsBee8,1,12.150448,12.499044,4.353593,11.998716,11.017173,11.801697,12.492664,8.054482,12.16233,11.008129,12.494864,11.931058,12.360161,12.472566,10.263871,12.483642,12.004758,11.02149,11.258428,10.8239,12.057963,12.322934,12.397936,11.176095,10.570983,10.471382,12.212759,11.848496,11.294159,,,,,,,,,,,,,,,,,,,,,,,,,,,,,,,,,Two,,,,,,,,,,,,,,,,,,,,,,,,,,,,,,2,27,Summer,,,,
OdorControl,OdorControl_Outdoors,2022-08-17,ColonyOutdoorsBee8,1,Reward,Reward,Reward,Same,Reward,Same,Reward,Previsited,Previsited,Reward,Reward,Previsited,Previsited,Previsited,Previsited,Previsited,Previsited,Previsited,Previsited,Previsited,Previsited,Previsited,Previsited,Previsited,Previsited,Previsited,Previsited,Previsited,Reward,,,,,,,,,,,,,,,,,,,,,,,,,,,,,,,,,Three,,,,,,,,,,,,,,,,,,,,,,,,,,,,,,,,Summer,,,,
OdorControl,OdorControl_Outdoors,2022-08-17,ColonyOutdoorsBee8,1,,L2,L3,S0,L1,S0,R3,L3,O4,R3,R3,L1,R2,L1,L2,O4,R3,O4,L1,L1,L1,R2,R1,O4,L1,R1,R3,L3,L2,,,,,,,,,,,,,,,,,,,,,,,,,,,,,,,,,Four,,,,,,,,,,,,,,,,,,,,,,,,,,,,,,,,Summer,,,,
OdorControl,OdorControl_Outdoors,2022-08-17,ColonyOutdoorsBee8,2,1,2,4,5,8,1,5,7,3,8,1,5,6,,,,,,,,,,,,,,,,,,,,,,,,,,,,,,,,,,,,,,,,,,,,,,,,8,One,13,0,8,5,5,2,1,0,0,1,3,0,5,2,2,0.4166666667,0.1666666667,0.1666666667,0.25,0,6,2,8,1,9,0.25,0.1111111111,-0.388888889,0.3888888889,,,Summer,,,,
OdorControl,OdorControl_Outdoors,2022-08-17,ColonyOutdoorsBee8,2,12.479566,12.073279,12.196835,12.300214,11.37401,9.01431,9.760345,12.496923,11.62396,9.623664,7.637093,8.628431,10.643808,,,,,,,,,,,,,,,,,,,,,,,,,,,,,,,,,,,,,,,,,,,,,,,,,Two,,,,,,,,,,,,,,,,,,,,,,,,,,,,,,2,11,Summer,,,,
OdorControl,OdorControl_Outdoors,2022-08-17,ColonyOutdoorsBee8,2,Reward,Reward,Reward,Reward,Reward,Previsited,Previsited,Reward,Reward,Previsited,Previsited,Previsited,Reward,,,,,,,,,,,,,,,,,,,,,,,,,,,,,,,,,,,,,,,,,,,,,,,,,Three,,,,,,,,,,,,,,,,,,,,,,,,,,,,,,,,Summer,,,,
OdorControl,OdorControl_Outdoors,2022-08-17,ColonyOutdoorsBee8,2,,L1,L2,L1,L3,L1,O4,L2,O4,R3,L1,O4,L1,,,,,,,,,,,,,,,,,,,,,,,,,,,,,,,,,,,,,,,,,,,,,,,,,Four,,,,,,,,,,,,,,,,,,,,,,,,,,,,,,,,Summer,,,,
OdorControl,OdorControl_Outdoors,2022-08-17,ColonyOutdoorsBee8,3,5,2,1,2,7,4,8,6,7,8,2,7,8,5,1,3,,,,,,,,,,,,,,,,,,,,,,,,,,,,,,,,,,,,,,,,,,,,,8,One,16,0,8,8,4,2,0,1,1,5,2,0,5,3,5,0.3333333333,0.2,0.3333333333,0.1333333333,0,4,7,6,7,13,0.5833333333,0.5384615385,0.0384615385,0.0384615385,,,Summer,,,,
OdorControl,OdorControl_Outdoors,2022-08-17,ColonyOutdoorsBee8,3,10.708606,11.933622,12.49973,8.618643,11.899402,12.147448,11.219405,11.867334,11.618173,12.43834,8.508176,11.692846,12.479566,9.680916,12.426299,10.726502,,,,,,,,,,,,,,,,,,,,,,,,,,,,,,,,,,,,,,,,,,,,,,Two,,,,,,,,,,,,,,,,,,,,,,,,,,,,,,2,14,Summer,,,,
OdorControl,OdorControl_Outdoors,2022-08-17,ColonyOutdoorsBee8,3,Reward,Reward,Reward,Previsited,Reward,Reward,Reward,Reward,Previsited,Previsited,Previsited,Previsited,Previsited,Previsited,Previsited,Reward,,,,,,,,,,,,,,,,,,,,,,,,,,,,,,,,,,,,,,,,,,,,,,Three,,,,,,,,,,,,,,,,,,,,,,,,,,,,,,,,Summer,,,,
OdorControl,OdorControl_Outdoors,2022-08-17,ColonyOutdoorsBee8,3,,R3,R1,L1,R3,R3,O4,R2,L1,L1,L2,R3,L1,R3,O4,L2,,,,,,,,,,,,,,,,,,,,,,,,,,,,,,,,,,,,,,,,,,,,,,Four,,,,,,,,,,,,,,,,,,,,,,,,,,,,,,,,Summer,,,,
OdorControl,OdorControl_Outdoors,2022-08-17,ColonyOutdoorsBee8,4,8,6,4,5,8,1,2,5,7,8,5,6,4,7,8,4,1,8,1,7,3,,,,,,,,,,,,,,,,,,,,,,,,,,,,,,,,,,,,,,,,8,One,21,0,8,13,7,1,3,1,4,2,2,0,8,5,5,0.4,0.25,0.25,0.1,0,5,8,11,7,18,0.4705882353,0.3888888889,-0.111111111,0.1111111111,,,Summer,,,,
OdorControl,OdorControl_Outdoors,2022-08-17,ColonyOutdoorsBee8,4,12.499356,11.314523,11.374987,11.896076,8.692038,11.244742,12.07252,8.48868,12.48692,9.282081,10.91884,9.621497,10.264555,10.94644,8.756698,10.170043,11.541177,5.239143,11.224633,11.084906,11.537968,,,,,,,,,,,,,,,,,,,,,,,,,,,,,,,,,,,,,,,,,Two,,,,,,,,,,,,,,,,,,,,,,,,,,,,,,4,17,Summer,,,,
OdorControl,OdorControl_Outdoors,2022-08-17,ColonyOutdoorsBee8,4,Reward,Reward,Reward,Reward,Previsited,Reward,Reward,Previsited,Reward,Previsited,Previsited,Previsited,Previsited,Previsited,Previsited,Previsited,Previsited,Previsited,Previsited,Previsited,Reward,,,,,,,,,,,,,,,,,,,,,,,,,,,,,,,,,,,,,,,,,Three,,,,,,,,,,,,,,,,,,,,,,,,,,,,,,,,Summer,,,,
OdorControl,OdorControl_Outdoors,2022-08-17,ColonyOutdoorsBee8,4,,R2,R2,L1,L3,L1,L1,L3,L2,L1,R3,L1,R2,L3,L1,O4,R3,R1,L1,R2,O4,,,,,,,,,,,,,,,,,,,,,,,,,,,,,,,,,,,,,,,,,Four,,,,,,,,,,,,,,,,,,,,,,,,,,,,,,,,Summer,,,,
OdorControl,OdorControl_Outdoors,2022-08-17,ColonyOutdoorsBee8,5,8,5,7,4,8,5,8,1,5,2,8,3,2,8,2,3,6,2,5,3,8,6,5,6,7,,,,,,,,,,,,,,,,,,,,,,,,,,,,,,,,,,,,8,One,25,0,8,17,4,2,4,2,4,5,3,0,6,6,9,0.25,0.25,0.375,0.125,0,5,9,10,11,21,0.45,0.5238095238,0.0238095238,0.0238095238,,,Summer,,,,
OdorControl,OdorControl_Outdoors,2022-08-17,ColonyOutdoorsBee8,5,12.344696,12.481674,5.789794,11.728383,11.618173,10.276322,10.394761,12.238492,7.977666,11.732571,12.344696,11.275642,11.508077,7.515527,11.433852,12.417558,11.237632,10.835203,11.23935,11.002992,7.575589,11.076198,8.572586,10.919072,11.087174,,,,,,,,,,,,,,,,,,,,,,,,,,,,,,,,,,,,,Two,,,,,,,,,,,,,,,,,,,,,,,,,,,,,,5,20,Summer,,,,
OdorControl,OdorControl_Outdoors,2022-08-17,ColonyOutdoorsBee8,5,Reward,Reward,Reward,Reward,Previsited,Previsited,Previsited,Reward,Previsited,Reward,Previsited,Reward,Previsited,Previsited,Previsited,Previsited,Reward,Previsited,Previsited,Previsited,Previsited,Previsited,Previsited,Previsited,Previsited,,,,,,,,,,,,,,,,,,,,,,,,,,,,,,,,,,,,,Three,,,,,,,,,,,,,,,,,,,,,,,,,,,,,,,,Summer,,,,
OdorControl,OdorControl_Outdoors,2022-08-17,ColonyOutdoorsBee8,5,,R3,L2,R3,O4,R3,L3,L1,O4,R3,R2,L3,R1,R2,L2,L1,L3,O4,L3,R2,R3,R2,R1,L1,L1,,,,,,,,,,,,,,,,,,,,,,,,,,,,,,,,,,,,,Four,,,,,,,,,,,,,,,,,,,,,,,,,,,,,,,,Summer,,,,
OdorControl,OdorControl_Outdoors,2022-08-17,ColonyOutdoorsBee8,6,8,6,3,2,7,4,3,7,1,1,2,3,4,5,,,,,,,,,,,,,,,,,,,,,,,,,,,,,,,,,,,,,,,,,,,,,,,8,One,14,1,8,5,4,1,0,2,1,3,1,1,6,2,3,0.4615384615,0.1538461538,0.2307692308,0.0769230769,0.0769230769,7,1,5,6,11,0.1,0.5454545455,0.0454545455,0.0454545455,,,Summer,,,,
OdorControl,OdorControl_Outdoors,2022-08-17,ColonyOutdoorsBee8,6,12.495612,11.035612,11.008748,11.992606,12.194342,10.681048,7.827449,10.93682,12.135503,4.350144,11.002301,4.611462,10.210328,10.57467,,,,,,,,,,,,,,,,,,,,,,,,,,,,,,,,,,,,,,,,,,,,,,,,Two,,,,,,,,,,,,,,,,,,,,,,,,,,,,,,3,11,Summer,,,,
OdorControl,OdorControl_Outdoors,2022-08-17,ColonyOutdoorsBee8,6,Reward,Reward,Reward,Reward,Reward,Reward,Previsited,Previsited,Reward,Same,Previsited,Previsited,Previsited,Reward,,,,,,,,,,,,,,,,,,,,,,,,,,,,,,,,,,,,,,,,,,,,,,,,Three,,,,,,,,,,,,,,,,,,,,,,,,,,,,,,,,Summer,,,,
OdorControl,OdorControl_Outdoors,2022-08-17,ColonyOutdoorsBee8,6,,R2,R3,R1,R3,R3,R1,O4,L2,S0,L1,L1,L1,L1,,,,,,,,,,,,,,,,,,,,,,,,,,,,,,,,,,,,,,,,,,,,,,,,Four,,,,,,,,,,,,,,,,,,,,,,,,,,,,,,,,Summer,,,,
OdorControl,OdorControl_Outdoors,2022-08-17,ColonyOutdoorsBee8,7,4,6,4,3,4,7,2,4,8,1,8,4,2,5,,,,,,,,,,,,,,,,,,,,,,,,,,,,,,,,,,,,,,,,,,,,,,,8,One,14,0,8,6,2,2,3,2,2,0,2,0,4,4,3,0.3076923077,0.3076923077,0.2307692308,0.1538461538,0,3,4,7,4,11,0.4,0.3636363636,-0.136363636,0.1363636364,,,Summer,,,,
OdorControl,OdorControl_Outdoors,2022-08-17,ColonyOutdoorsBee8,7,12.380535,11.353855,11.763449,11.121439,10.791869,12.186043,12.083785,8.407833,11.787551,11.589751,10.42517,10.821594,12.198705,10.672869,,,,,,,,,,,,,,,,,,,,,,,,,,,,,,,,,,,,,,,,,,,,,,,,Two,,,,,,,,,,,,,,,,,,,,,,,,,,,,,,1,13,Summer,,,,
OdorControl,OdorControl_Outdoors,2022-08-17,ColonyOutdoorsBee8,7,Reward,Reward,Previsited,Reward,Previsited,Reward,Reward,Previsited,Reward,Reward,Previsited,Previsited,Previsited,Reward,,,,,,,,,,,,,,,,,,,,,,,,,,,,,,,,,,,,,,,,,,,,,,,,Three,,,,,,,,,,,,,,,,,,,,,,,,,,,,,,,,Summer,,,,
OdorControl,OdorControl_Outdoors,2022-08-17,ColonyOutdoorsBee8,7,,L2,R2,R1,L1,L3,L3,L2,O4,L1,R1,O4,R2,L3,,,,,,,,,,,,,,,,,,,,,,,,,,,,,,,,,,,,,,,,,,,,,,,,Four,,,,,,,,,,,,,,,,,,,,,,,,,,,,,,,,Summer,,,,
OdorControl,OdorControl_Outdoors,2022-08-17,ColonyOutdoorsBee8,8,5,2,6,2,6,2,6,7,2,8,1,7,8,3,6,2,8,5,2,5,1,5,3,8,3,2,1,7,5,3,8,7,8,3,7,4,,,,,,,,,,,,,,,,,,,,,,,,,8,One,36,0,8,28,4,0,6,3,7,6,9,0,7,7,12,0.2,0.2,0.3428571429,0.2571428571,0,4,12,10,16,26,0.48,0.6153846154,0.1153846154,0.1153846154,,,Summer,Used,,,
OdorControl,OdorControl_Outdoors,2022-08-17,ColonyOutdoorsBee8,8,11.036901,11.241361,11.211966,9.295281,8.998099,10.851041,9.231543,11.474508,7.160747,11.78889,11.61767,12.134925,11.662382,11.087789,10.528171,11.038685,10.922231,6.748885,11.649489,5.710709,11.402013,5.983929,12.49867,11.029675,10.813035,12.184859,11.596023,11.486461,5.334489,12.251625,11.788609,12.239161,6.247299,10.836858,10.644999,10.988137,,,,,,,,,,,,,,,,,,,,,,,,,,Two,,,,,,,,,,,,,,,,,,,,,,,,,,,,,,7,29,Summer,Used,,,
OdorControl,OdorControl_Outdoors,2022-08-17,ColonyOutdoorsBee8,8,Reward,Reward,Reward,Previsited,Previsited,Previsited,Previsited,Reward,Previsited,Reward,Reward,Previsited,Previsited,Reward,Previsited,Previsited,Previsited,Previsited,Previsited,Previsited,Previsited,Previsited,Previsited,Previsited,Previsited,Previsited,Previsited,Previsited,Previsited,Previsited,Previsited,Previsited,Previsited,Previsited,Previsited,Reward,,,,,,,,,,,,,,,,,,,,,,,,,,Three,,,,,,,,,,,,,,,,,,,,,,,,,,,,,,,,Summer,Used,,,
OdorControl,OdorControl_Outdoors,2022-08-17,ColonyOutdoorsBee8,8,,R3,O4,O4,O4,O4,O4,L1,L3,R2,L1,R2,L1,L3,L3,O4,R2,R3,R3,L3,O4,O4,R2,R3,L3,R1,R1,R2,R2,R2,R3,R1,L1,L3,O4,R3,,,,,,,,,,,,,,,,,,,,,,,,,,Four,,,,,,,,,,,,,,,,,,,,,,,,,,,,,,,,Summer,Used,,,
OdorControl,OdorControl_Outdoors,2022-08-17,ColonyOutdoorsBee8,9,7,4,8,4,7,3,4,8,5,2,8,6,5,7,3,6,7,8,3,4,6,7,4,1,6,6,3,1,,,,,,,,,,,,,,,,,,,,,,,,,,,,,,,,,8,One,28,1,8,19,5,2,3,1,3,7,5,1,6,5,10,0.2222222222,0.1851851852,0.3703703704,0.1851851852,0.037037037,4,4,10,11,21,0.2,0.5238095238,0.0238095238,0.0238095238,,,Summer,New,,,
OdorControl,OdorControl_Outdoors,2022-08-17,ColonyOutdoorsBee8,9,11.080562,11.316625,10.516686,6.34135,9.972353,11.260817,10.992305,10.436868,11.758957,11.870586,12.168291,11.086049,12.405308,11.718972,11.253891,10.601456,8.758813,6.916291,12.418249,7.739924,5.432073,11.296851,6.422838,4.671976,9.124609,12.480503,11.801697,11.434534,,,,,,,,,,,,,,,,,,,,,,,,,,,,,,,,,,Two,,,,,,,,,,,,,,,,,,,,,,,,,,,,,,7,21,Summer,New,,,
OdorControl,OdorControl_Outdoors,2022-08-17,ColonyOutdoorsBee8,9,Reward,Reward,Reward,Previsited,Previsited,Reward,Previsited,Previsited,Reward,Reward,Previsited,Reward,Previsited,Previsited,Previsited,Previsited,Previsited,Previsited,Previsited,Previsited,Previsited,Previsited,Previsited,Reward,Previsited,Same,Previsited,Previsited,,,,,,,,,,,,,,,,,,,,,,,,,,,,,,,,,,Three,,,,,,,,,,,,,,,,,,,,,,,,,,,,,,,,Summer,New,,,
OdorControl,OdorControl_Outdoors,2022-08-17,ColonyOutdoorsBee8,9,,R3,O4,O4,L3,O4,L1,O4,R3,R3,R2,R2,R1,L2,O4,L3,L1,L1,L3,L1,L2,L1,R3,R3,R3,S0,R3,R2,,,,,,,,,,,,,,,,,,,,,,,,,,,,,,,,,,Four,,,,,,,,,,,,,,,,,,,,,,,,,,,,,,,,Summer,New,,,
OdorControl,OdorControl_Outdoors,2022-08-21,ColonyOutdoorsBee9,1,7,4,1,4,5,4,3,3,4,1,7,4,2,2,2,7,8,3,4,1,5,4,3,8,3,2,8,5,4,1,6,,,,,,,,,,,,,,,,,,,,,,,,,,,,,,8,One,31,3,8,20,4,0,3,6,3,10,1,3,10,3,13,0.3333333333,0.1,0.4333333333,0.0333333333,0.1,4,8,7,19,26,0.32,0.7307692308,0.2307692308,0.2307692308,,,Summer,,,,
OdorControl,OdorControl_Outdoors,2022-08-21,ColonyOutdoorsBee9,1,5.299551,11.004445,12.190505,12.244304,11.937591,12.387429,12.45541,11.800921,10.921357,12.173528,12.389648,12.169764,12.497297,4.402878,12.486437,12.284975,12.49842,12.499044,12.373763,12.49842,12.270131,5.506525,12.494864,12.421278,12.48589,12.457225,12.310811,11.144184,12.338173,12.499621,12.216557,,,,,,,,,,,,,,,,,,,,,,,,,,,,,,,Two,,,,,,,,,,,,,,,,,,,,,,,,,,,,,,3,28,Summer,,,,
OdorControl,OdorControl_Outdoors,2022-08-21,ColonyOutdoorsBee9,1,Reward,Reward,Reward,Previsited,Reward,Previsited,Reward,Same,Previsited,Previsited,Previsited,Previsited,Reward,Same,Same,Previsited,Reward,Previsited,Previsited,Previsited,Previsited,Previsited,Previsited,Previsited,Previsited,Previsited,Previsited,Previsited,Previsited,Previsited,Reward,,,,,,,,,,,,,,,,,,,,,,,,,,,,,,,Three,,,,,,,,,,,,,,,,,,,,,,,,,,,,,,,,Summer,,,,
OdorControl,OdorControl_Outdoors,2022-08-21,ColonyOutdoorsBee9,1,,R3,R3,L3,L1,R1,R1,S0,L1,R3,R2,R3,R2,S0,S0,R3,L1,L3,L1,R3,O4,R1,R1,R3,L3,R1,R2,R3,R1,R3,R3,,,,,,,,,,,,,,,,,,,,,,,,,,,,,,,Four,,,,,,,,,,,,,,,,,,,,,,,,,,,,,,,,Summer,,,,
OdorControl,OdorControl_Outdoors,2022-08-21,ColonyOutdoorsBee9,2,6,7,7,6,6,1,2,2,3,2,6,1,5,1,1,5,4,3,2,1,7,1,6,4,3,8,,,,,,,,,,,,,,,,,,,,,,,,,,,,,,,,,,,8,One,26,4,8,14,3,1,2,7,2,2,4,4,10,3,4,0.4,0.12,0.16,0.16,0.16,3,7,6,11,17,0.4375,0.6470588235,0.1470588235,0.1470588235,,,Summer,,,,
OdorControl,OdorControl_Outdoors,2022-08-21,ColonyOutdoorsBee9,2,12.19781,12.075458,12.28142,12.198577,11.380606,12.49973,11.889488,8.628498,12.47327,9.054441,4.483381,12.487763,11.644485,12.481674,12.496502,6.914939,12.454002,12.472566,12.13735,12.481924,12.258385,12.498919,12.333306,12.378315,12.496923,11.853364,,,,,,,,,,,,,,,,,,,,,,,,,,,,,,,,,,,,Two,,,,,,,,,,,,,,,,,,,,,,,,,,,,,,3,23,Summer,,,,
OdorControl,OdorControl_Outdoors,2022-08-21,ColonyOutdoorsBee9,2,Reward,Reward,Same,Previsited,Same,Reward,Reward,Same,Reward,Previsited,Previsited,Previsited,Reward,Previsited,Same,Previsited,Reward,Previsited,Previsited,Previsited,Previsited,Previsited,Previsited,Previsited,Previsited,Reward,,,,,,,,,,,,,,,,,,,,,,,,,,,,,,,,,,,,Three,,,,,,,,,,,,,,,,,,,,,,,,,,,,,,,,Summer,,,,
OdorControl,OdorControl_Outdoors,2022-08-21,ColonyOutdoorsBee9,2,,L1,S0,R1,S0,L3,L1,S0,L1,R1,O4,L3,O4,O4,S0,O4,R1,R1,R1,R1,R2,L2,R3,R2,R1,R3,,,,,,,,,,,,,,,,,,,,,,,,,,,,,,,,,,,,Four,,,,,,,,,,,,,,,,,,,,,,,,,,,,,,,,Summer,,,,
OdorControl,OdorControl_Outdoors,2022-08-21,ColonyOutdoorsBee9,3,6,8,1,6,2,3,5,1,8,3,7,2,6,6,7,4,,,,,,,,,,,,,,,,,,,,,,,,,,,,,,,,,,,,,,,,,,,,,8,One,16,1,8,7,3,2,2,1,0,2,4,1,4,2,4,0.2666666667,0.1333333333,0.2666666667,0.2666666667,0.0666666667,4,5,7,3,10,0.5555555556,0.3,-0.2,0.2,,,Summer,,,,
OdorControl,OdorControl_Outdoors,2022-08-21,ColonyOutdoorsBee9,3,11.906821,11.095891,12.498919,12.324215,12.443103,11.66935,11.904316,12.49413,11.05744,12.473426,12.153785,12.264649,11.430391,11.730327,12.152325,10.677927,,,,,,,,,,,,,,,,,,,,,,,,,,,,,,,,,,,,,,,,,,,,,,Two,,,,,,,,,,,,,,,,,,,,,,,,,,,,,,0,16,Summer,,,,
OdorControl,OdorControl_Outdoors,2022-08-21,ColonyOutdoorsBee9,3,Reward,Reward,Reward,Previsited,Reward,Reward,Reward,Previsited,Previsited,Previsited,Reward,Previsited,Previsited,Same,Previsited,Reward,,,,,,,,,,,,,,,,,,,,,,,,,,,,,,,,,,,,,,,,,,,,,,Three,,,,,,,,,,,,,,,,,,,,,,,,,,,,,,,,Summer,,,,
OdorControl,OdorControl_Outdoors,2022-08-21,ColonyOutdoorsBee9,3,,L2,L1,R3,O4,L1,L2,O4,R1,L3,O4,L3,O4,S0,L1,R3,,,,,,,,,,,,,,,,,,,,,,,,,,,,,,,,,,,,,,,,,,,,,,Four,,,,,,,,,,,,,,,,,,,,,,,,,,,,,,,,Summer,,,,
OdorControl,OdorControl_Outdoors,2022-08-21,ColonyOutdoorsBee9,4,6,8,5,4,5,5,4,7,2,4,1,8,3,4,5,2,7,8,7,6,,,,,,,,,,,,,,,,,,,,,,,,,,,,,,,,,,,,,,,,,8,One,20,1,8,11,4,2,3,5,0,4,0,1,9,2,7,0.4736842105,0.1052631579,0.3684210526,0,0.0526315789,5,9,9,9,18,0.5294117647,0.5,0,0,,,Summer,,,,
OdorControl,OdorControl_Outdoors,2022-08-21,ColonyOutdoorsBee9,4,4.9159,11.296989,11.714763,12.470269,4.363968,12.369241,12.419771,12.49867,11.903006,12.326366,12.461387,12.465735,12.121859,11.660544,11.469597,11.618341,12.449352,10.767801,12.48692,10.9205,,,,,,,,,,,,,,,,,,,,,,,,,,,,,,,,,,,,,,,,,,Two,,,,,,,,,,,,,,,,,,,,,,,,,,,,,,2,18,Summer,,,,
OdorControl,OdorControl_Outdoors,2022-08-21,ColonyOutdoorsBee9,4,Reward,Reward,Reward,Reward,Previsited,Same,Previsited,Reward,Reward,Previsited,Reward,Previsited,Reward,Previsited,Previsited,Previsited,Previsited,Previsited,Previsited,Previsited,,,,,,,,,,,,,,,,,,,,,,,,,,,,,,,,,,,,,,,,,,Three,,,,,,,,,,,,,,,,,,,,,,,,,,,,,,,,Summer,,,,
OdorControl,OdorControl_Outdoors,2022-08-21,ColonyOutdoorsBee9,4,,L2,R3,R1,L1,S0,R1,L3,L3,L2,R3,R1,L3,L1,L1,R3,R3,L1,R1,R1,,,,,,,,,,,,,,,,,,,,,,,,,,,,,,,,,,,,,,,,,,Four,,,,,,,,,,,,,,,,,,,,,,,,,,,,,,,,Summer,,,,
OdorControl,OdorControl_Outdoors,2022-08-21,ColonyOutdoorsBee9,5,5,8,1,4,4,5,7,8,4,5,6,7,8,1,1,4,2,1,6,5,2,8,5,5,4,3,,,,,,,,,,,,,,,,,,,,,,,,,,,,,,,,,,,8,One,26,3,8,15,8,1,3,4,2,3,1,3,12,3,6,0.48,0.12,0.24,0.04,0.12,5,1,12,9,21,0.05,0.4285714286,-0.071428571,0.0714285714,,,Summer,,,,
OdorControl,OdorControl_Outdoors,2022-08-21,ColonyOutdoorsBee9,5,12.454221,12.214706,12.212998,11.287927,11.569921,12.497859,12.494864,11.482251,11.272167,12.497359,12.286308,12.49491,7.071917,10.757514,12.491056,12.301688,12.014253,12.343575,12.483127,11.297403,11.757614,10.379147,10.830435,8.648175,10.435356,11.798526,,,,,,,,,,,,,,,,,,,,,,,,,,,,,,,,,,,,Two,,,,,,,,,,,,,,,,,,,,,,,,,,,,,,2,24,Summer,,,,
OdorControl,OdorControl_Outdoors,2022-08-21,ColonyOutdoorsBee9,5,Reward,Reward,Reward,Reward,Same,Previsited,Reward,Previsited,Previsited,Previsited,Reward,Previsited,Previsited,Previsited,Same,Previsited,Reward,Previsited,Previsited,Previsited,Previsited,Previsited,Previsited,Same,Previsited,Reward,,,,,,,,,,,,,,,,,,,,,,,,,,,,,,,,,,,,Three,,,,,,,,,,,,,,,,,,,,,,,,,,,,,,,,Summer,,,,
OdorControl,OdorControl_Outdoors,2022-08-21,ColonyOutdoorsBee9,5,,L3,L1,L3,S0,L1,L2,L1,O4,L1,L1,L1,L1,L1,S0,L3,R2,R1,R3,R1,R3,R2,R3,S0,R1,R1,,,,,,,,,,,,,,,,,,,,,,,,,,,,,,,,,,,,Four,,,,,,,,,,,,,,,,,,,,,,,,,,,,,,,,Summer,,,,
OdorControl,OdorControl_Outdoors,2022-08-21,ColonyOutdoorsBee9,6,7,7,7,2,3,4,5,6,7,2,3,8,2,7,8,3,3,2,1,,,,,,,,,,,,,,,,,,,,,,,,,,,,,,,,,,,,,,,,,,8,One,19,3,8,8,7,1,3,2,0,2,0,3,9,1,5,0.5,0.0555555556,0.2777777778,0,0.1666666667,2,5,11,4,15,0.3571428571,0.2666666667,-0.233333333,0.2333333333,,,Summer,,,,
OdorControl,OdorControl_Outdoors,2022-08-21,ColonyOutdoorsBee9,6,4.415919,4.420772,12.497359,12.03335,11.899222,12.128418,11.945948,11.550885,10.990974,11.960185,11.854811,11.217459,7.229586,6.62067,11.590121,11.751794,12.129591,7.131752,11.301888,,,,,,,,,,,,,,,,,,,,,,,,,,,,,,,,,,,,,,,,,,,Two,,,,,,,,,,,,,,,,,,,,,,,,,,,,,,5,14,Summer,,,,
OdorControl,OdorControl_Outdoors,2022-08-21,ColonyOutdoorsBee9,6,Reward,Same,Same,Reward,Reward,Reward,Reward,Reward,Previsited,Previsited,Previsited,Reward,Previsited,Previsited,Previsited,Previsited,Same,Previsited,Reward,,,,,,,,,,,,,,,,,,,,,,,,,,,,,,,,,,,,,,,,,,,Three,,,,,,,,,,,,,,,,,,,,,,,,,,,,,,,,Summer,,,,
OdorControl,OdorControl_Outdoors,2022-08-21,ColonyOutdoorsBee9,6,,S0,S0,L3,L1,L1,L1,L1,L1,L3,L1,R3,L2,R3,L1,L3,S0,R1,R1,,,,,,,,,,,,,,,,,,,,,,,,,,,,,,,,,,,,,,,,,,,Four,,,,,,,,,,,,,,,,,,,,,,,,,,,,,,,,Summer,,,,
OdorControl,OdorControl_Outdoors,2022-08-21,ColonyOutdoorsBee9,7,6,7,3,7,8,2,8,7,6,4,7,6,3,2,5,4,3,3,3,8,3,8,1,,,,,,,,,,,,,,,,,,,,,,,,,,,,,,,,,,,,,,8,One,23,2,8,13,3,1,3,6,2,3,2,2,9,3,6,0.4090909091,0.1363636364,0.2727272727,0.0909090909,0.0909090909,4,8,7,11,18,0.4705882353,0.6111111111,0.1111111111,0.1111111111,,,Summer,,,,
OdorControl,OdorControl_Outdoors,2022-08-21,ColonyOutdoorsBee9,7,12.282008,12.487763,11.75647,10.871482,12.200606,12.202444,10.420626,11.826842,10.550439,11.172693,7.712071,8.652975,9.353064,12.333306,11.904725,10.81655,7.134157,4.611462,9.090794,12.07252,7.205036,12.041075,10.834502,,,,,,,,,,,,,,,,,,,,,,,,,,,,,,,,,,,,,,,Two,,,,,,,,,,,,,,,,,,,,,,,,,,,,,,5,18,Summer,,,,
OdorControl,OdorControl_Outdoors,2022-08-21,ColonyOutdoorsBee9,7,Reward,Reward,Reward,Previsited,Reward,Reward,Previsited,Previsited,Previsited,Reward,Previsited,Previsited,Previsited,Previsited,Reward,Previsited,Previsited,Same,Same,Previsited,Previsited,Previsited,Reward,,,,,,,,,,,,,,,,,,,,,,,,,,,,,,,,,,,,,,,Three,,,,,,,,,,,,,,,,,,,,,,,,,,,,,,,,Summer,,,,
OdorControl,OdorControl_Outdoors,2022-08-21,ColonyOutdoorsBee9,7,,L1,O4,O4,L1,L2,R2,R1,R1,R2,L3,R1,R3,R1,L3,R1,R1,S0,S0,R3,L3,R3,L1,,,,,,,,,,,,,,,,,,,,,,,,,,,,,,,,,,,,,,,Four,,,,,,,,,,,,,,,,,,,,,,,,,,,,,,,,Summer,,,,
OdorControl,OdorControl_Outdoors,2022-08-21,ColonyOutdoorsBee9,8,5,4,6,6,7,8,1,2,1,1,2,6,6,5,4,3,,,,,,,,,,,,,,,,,,,,,,,,,,,,,,,,,,,,,,,,,,,,,8,One,16,3,8,5,5,1,0,5,0,0,1,3,10,1,0,0.6666666667,0.0666666667,0,0.0666666667,0.2,4,4,6,5,11,0.4,0.4545454545,-0.045454545,0.0454545455,,,Summer,New,,,
OdorControl,OdorControl_Outdoors,2022-08-21,ColonyOutdoorsBee9,8,5.532517,11.116864,12.491743,4.368967,12.430032,12.198561,12.228502,12.356502,10.531503,12.482611,11.963525,11.390758,4.388155,12.264998,11.605315,11.406679,,,,,,,,,,,,,,,,,,,,,,,,,,,,,,,,,,,,,,,,,,,,,,Two,,,,,,,,,,,,,,,,,,,,,,,,,,,,,,3,13,Summer,New,,,
OdorControl,OdorControl_Outdoors,2022-08-21,ColonyOutdoorsBee9,8,Reward,Reward,Reward,Same,Reward,Reward,Reward,Reward,Previsited,Same,Previsited,Previsited,Same,Previsited,Previsited,Reward,,,,,,,,,,,,,,,,,,,,,,,,,,,,,,,,,,,,,,,,,,,,,,Three,,,,,,,,,,,,,,,,,,,,,,,,,,,,,,,,Summer,New,,,
OdorControl,OdorControl_Outdoors,2022-08-21,ColonyOutdoorsBee9,8,,R1,L2,S0,L1,L1,L1,L1,R1,S0,L1,O4,S0,R1,R1,R1,,,,,,,,,,,,,,,,,,,,,,,,,,,,,,,,,,,,,,,,,,,,,,Four,,,,,,,,,,,,,,,,,,,,,,,,,,,,,,,,Summer,New,,,
OdorControl,OdorControl_Outdoors,2022-08-21,ColonyOutdoorsBee9,9,5,4,5,2,3,4,5,4,3,2,2,3,6,8,8,2,7,8,6,5,4,1,,,,,,,,,,,,,,,,,,,,,,,,,,,,,,,,,,,,,,,8,One,22,2,8,12,6,2,1,6,1,3,0,2,12,3,4,0.5714285714,0.1428571429,0.1904761905,0,0.0952380952,3,8,9,10,19,0.4444444444,0.5263157895,0.0263157895,0.0263157895,,,Summer,Used,,,
OdorControl,OdorControl_Outdoors,2022-08-21,ColonyOutdoorsBee9,9,11.84351,12.412848,12.431349,12.068386,10.836858,11.126328,10.872755,10.920946,10.891402,12.48756,12.203785,11.945002,12.243222,12.222076,10.550606,10.905496,11.780934,8.601958,10.530578,12.491181,12.477644,11.027519,,,,,,,,,,,,,,,,,,,,,,,,,,,,,,,,,,,,,,,,Two,,,,,,,,,,,,,,,,,,,,,,,,,,,,,,1,21,Summer,Used,,,
OdorControl,OdorControl_Outdoors,2022-08-21,ColonyOutdoorsBee9,9,Reward,Reward,Previsited,Reward,Reward,Previsited,Previsited,Previsited,Previsited,Previsited,Same,Previsited,Reward,Reward,Same,Previsited,Reward,Previsited,Previsited,Previsited,Previsited,Reward,,,,,,,,,,,,,,,,,,,,,,,,,,,,,,,,,,,,,,,,Three,,,,,,,,,,,,,,,,,,,,,,,,,,,,,,,,Summer,Used,,,
OdorControl,OdorControl_Outdoors,2022-08-21,ColonyOutdoorsBee9,9,,R1,L1,R3,L1,L1,L1,R1,R1,R1,S0,L1,L3,L2,S0,L2,R3,L1,R2,R1,R1,R3,,,,,,,,,,,,,,,,,,,,,,,,,,,,,,,,,,,,,,,,Four,,,,,,,,,,,,,,,,,,,,,,,,,,,,,,,,Summer,Used,,,
OdorControl,OdorControl_Outdoors,2022-08-21,ColonyOutdoorsBee10,1,7,3,4,1,6,2,3,2,3,4,7,2,3,2,3,4,4,3,6,2,1,8,7,5,,,,,,,,,,,,,,,,,,,,,,,,,,,,,,,,,,,,,8,One,24,1,8,15,7,0,3,6,1,2,3,1,13,1,5,0.5652173913,0.0434782609,0.2173913043,0.1304347826,0.0434782609,7,9,10,9,19,0.5,0.4736842105,-0.026315789,0.0263157895,,,Summer,,,,
OdorControl,OdorControl_Outdoors,2022-08-21,ColonyOutdoorsBee10,1,12.486671,10.605096,11.986314,12.283087,12.486171,10.918804,12.475192,12.108231,10.602578,12.49842,12.488669,10.629386,12.305728,12.107587,11.657986,12.428651,12.24397,12.171062,12.479613,10.590363,12.236326,12.328706,12.008508,10.751696,,,,,,,,,,,,,,,,,,,,,,,,,,,,,,,,,,,,,,Two,,,,,,,,,,,,,,,,,,,,,,,,,,,,,,0,24,Summer,,,,
OdorControl,OdorControl_Outdoors,2022-08-21,ColonyOutdoorsBee10,1,Reward,Reward,Reward,Reward,Reward,Reward,Previsited,Previsited,Previsited,Previsited,Previsited,Previsited,Previsited,Previsited,Previsited,Previsited,Same,Previsited,Previsited,Previsited,Previsited,Reward,Previsited,Reward,,,,,,,,,,,,,,,,,,,,,,,,,,,,,,,,,,,,,,Three,,,,,,,,,,,,,,,,,,,,,,,,,,,,,,,,Summer,,,,
OdorControl,OdorControl_Outdoors,2022-08-21,ColonyOutdoorsBee10,1,,O4,L1,R3,R3,O4,L1,R1,L1,L1,L3,L3,L1,R1,L1,L1,S0,R1,L3,O4,R1,R1,R1,R2,,,,,,,,,,,,,,,,,,,,,,,,,,,,,,,,,,,,,,Four,,,,,,,,,,,,,,,,,,,,,,,,,,,,,,,,Summer,,,,
OdorControl,OdorControl_Outdoors,2022-08-21,ColonyOutdoorsBee10,2,6,7,1,5,3,4,2,3,4,5,5,6,6,2,5,8,,,,,,,,,,,,,,,,,,,,,,,,,,,,,,,,,,,,,,,,,,,,,8,One,16,2,8,6,6,1,2,0,2,0,2,2,6,3,2,0.4,0.2,0.1333333333,0.1333333333,0.1333333333,8,4,9,2,11,0.4,0.1818181818,-0.318181818,0.3181818182,,,Summer,,,,
OdorControl,OdorControl_Outdoors,2022-08-21,ColonyOutdoorsBee10,2,12.479003,12.479191,12.490916,12.497359,11.822606,12.301054,11.928411,11.114286,4.535469,11.590255,11.478074,4.699598,4.346019,12.036007,11.368147,11.749836,,,,,,,,,,,,,,,,,,,,,,,,,,,,,,,,,,,,,,,,,,,,,,Two,,,,,,,,,,,,,,,,,,,,,,,,,,,,,,3,13,Summer,,,,
OdorControl,OdorControl_Outdoors,2022-08-21,ColonyOutdoorsBee10,2,Reward,Reward,Reward,Reward,Reward,Reward,Reward,Previsited,Previsited,Previsited,Same,Previsited,Same,Previsited,Previsited,Reward,,,,,,,,,,,,,,,,,,,,,,,,,,,,,,,,,,,,,,,,,,,,,,Three,,,,,,,,,,,,,,,,,,,,,,,,,,,,,,,,Summer,,,,
OdorControl,OdorControl_Outdoors,2022-08-21,ColonyOutdoorsBee10,2,,L1,L2,O4,R2,L1,R2,L1,L1,L1,S0,L1,S0,O4,L3,L3,,,,,,,,,,,,,,,,,,,,,,,,,,,,,,,,,,,,,,,,,,,,,,Four,,,,,,,,,,,,,,,,,,,,,,,,,,,,,,,,Summer,,,,
OdorControl,OdorControl_Outdoors,2022-08-21,ColonyOutdoorsBee10,3,5,2,1,4,8,3,4,1,8,5,3,4,6,7,,,,,,,,,,,,,,,,,,,,,,,,,,,,,,,,,,,,,,,,,,,,,,,8,One,14,0,8,6,3,1,2,2,1,3,1,0,5,2,5,0.3846153846,0.1538461538,0.3846153846,0.0769230769,0,7,3,6,6,12,0.2727272727,0.5,0,0,,,Summer,,,,
OdorControl,OdorControl_Outdoors,2022-08-21,ColonyOutdoorsBee10,3,11.705425,11.846028,11.981158,12.099212,12.163244,12.372456,12.063345,12.187866,12.044377,11.805908,11.449338,10.76264,10.951069,10.964695,,,,,,,,,,,,,,,,,,,,,,,,,,,,,,,,,,,,,,,,,,,,,,,,Two,,,,,,,,,,,,,,,,,,,,,,,,,,,,,,0,14,Summer,,,,
OdorControl,OdorControl_Outdoors,2022-08-21,ColonyOutdoorsBee10,3,Reward,Reward,Reward,Reward,Reward,Reward,Previsited,Previsited,Previsited,Previsited,Previsited,Previsited,Reward,Reward,,,,,,,,,,,,,,,,,,,,,,,,,,,,,,,,,,,,,,,,,,,,,,,,Three,,,,,,,,,,,,,,,,,,,,,,,,,,,,,,,,Summer,,,,
OdorControl,OdorControl_Outdoors,2022-08-21,ColonyOutdoorsBee10,3,,R3,R1,L3,O4,L3,L1,R3,R1,R3,R2,L1,L2,L1,,,,,,,,,,,,,,,,,,,,,,,,,,,,,,,,,,,,,,,,,,,,,,,,Four,,,,,,,,,,,,,,,,,,,,,,,,,,,,,,,,Summer,,,,
OdorControl,OdorControl_Outdoors,2022-08-21,ColonyOutdoorsBee10,4,8,2,1,2,1,8,1,5,3,6,8,5,6,5,3,5,5,5,5,4,7,,,,,,,,,,,,,,,,,,,,,,,,,,,,,,,,,,,,,,,,8,One,21,3,8,10,3,3,2,5,2,1,1,3,8,5,3,0.4,0.25,0.15,0.05,0.15,4,12,8,8,16,0.8,0.5,0,0,,,Summer,,,,
OdorControl,OdorControl_Outdoors,2022-08-21,ColonyOutdoorsBee10,4,10.43685,12.372503,12.150448,10.769159,12.364276,10.629954,12.427805,12.491759,11.338737,10.92398,6.818308,11.126066,10.781315,12.119446,12.464171,4.533965,4.54234,4.359812,11.554597,12.463858,10.786467,,,,,,,,,,,,,,,,,,,,,,,,,,,,,,,,,,,,,,,,,Two,,,,,,,,,,,,,,,,,,,,,,,,,,,,,,4,17,Summer,,,,
OdorControl,OdorControl_Outdoors,2022-08-21,ColonyOutdoorsBee10,4,Reward,Reward,Reward,Previsited,Previsited,Previsited,Previsited,Reward,Reward,Reward,Previsited,Previsited,Previsited,Previsited,Previsited,Previsited,Same,Same,Same,Reward,Reward,,,,,,,,,,,,,,,,,,,,,,,,,,,,,,,,,,,,,,,,,Three,,,,,,,,,,,,,,,,,,,,,,,,,,,,,,,,Summer,,,,
OdorControl,OdorControl_Outdoors,2022-08-21,ColonyOutdoorsBee10,4,,L2,R1,L1,R1,R1,L1,O4,R2,L3,L2,R3,L1,R1,R2,L2,S0,S0,S0,R1,L3,,,,,,,,,,,,,,,,,,,,,,,,,,,,,,,,,,,,,,,,,Four,,,,,,,,,,,,,,,,,,,,,,,,,,,,,,,,Summer,,,,
OdorControl,OdorControl_Outdoors,2022-08-21,ColonyOutdoorsBee10,5,6,8,7,8,1,3,4,3,5,4,2,1,8,7,6,,,,,,,,,,,,,,,,,,,,,,,,,,,,,,,,,,,,,,,,,,,,,,8,One,15,0,8,7,3,3,0,7,1,0,0,0,10,4,0,0.7142857143,0.2857142857,0,0,0,4,5,6,8,14,0.3846153846,0.5714285714,0.0714285714,0.0714285714,,,Summer,,,,
OdorControl,OdorControl_Outdoors,2022-08-21,ColonyOutdoorsBee10,5,7.504236,12.411089,11.878219,12.076959,11.132073,12.272275,10.677981,9.10365,11.631001,10.046608,12.007242,4.711197,11.740609,6.275504,11.026087,,,,,,,,,,,,,,,,,,,,,,,,,,,,,,,,,,,,,,,,,,,,,,,Two,,,,,,,,,,,,,,,,,,,,,,,,,,,,,,3,12,Summer,,,,
OdorControl,OdorControl_Outdoors,2022-08-21,ColonyOutdoorsBee10,5,Reward,Reward,Reward,Previsited,Reward,Reward,Reward,Previsited,Reward,Previsited,Reward,Previsited,Previsited,Previsited,Previsited,,,,,,,,,,,,,,,,,,,,,,,,,,,,,,,,,,,,,,,,,,,,,,,Three,,,,,,,,,,,,,,,,,,,,,,,,,,,,,,,,Summer,,,,
OdorControl,OdorControl_Outdoors,2022-08-21,ColonyOutdoorsBee10,5,,L2,R1,L1,L1,L2,L1,R1,L2,R1,R2,R1,R1,R1,R1,,,,,,,,,,,,,,,,,,,,,,,,,,,,,,,,,,,,,,,,,,,,,,,Four,,,,,,,,,,,,,,,,,,,,,,,,,,,,,,,,Summer,,,,
OdorControl,OdorControl_Outdoors,2022-08-21,ColonyOutdoorsBee10,6,4,6,4,3,6,7,8,1,2,6,2,1,4,3,2,5,,,,,,,,,,,,,,,,,,,,,,,,,,,,,,,,,,,,,,,,,,,,,8,One,16,0,8,8,4,1,3,4,1,0,2,0,8,2,3,0.5333333333,0.1333333333,0.2,0.1333333333,0,3,6,8,5,13,0.5,0.3846153846,-0.115384615,0.1153846154,,,Summer,,,,
OdorControl,OdorControl_Outdoors,2022-08-21,ColonyOutdoorsBee10,6,10.191085,10.394761,12.233474,11.054689,10.841264,11.283747,11.112287,11.446324,10.768525,6.16289,10.059502,12.493615,12.079654,12.105413,12.411953,10.401828,,,,,,,,,,,,,,,,,,,,,,,,,,,,,,,,,,,,,,,,,,,,,,Two,,,,,,,,,,,,,,,,,,,,,,,,,,,,,,1,15,Summer,,,,
OdorControl,OdorControl_Outdoors,2022-08-21,ColonyOutdoorsBee10,6,Reward,Reward,Previsited,Reward,Previsited,Reward,Reward,Reward,Reward,Previsited,Previsited,Previsited,Previsited,Previsited,Previsited,Reward,,,,,,,,,,,,,,,,,,,,,,,,,,,,,,,,,,,,,,,,,,,,,,Three,,,,,,,,,,,,,,,,,,,,,,,,,,,,,,,,Summer,,,,
OdorControl,OdorControl_Outdoors,2022-08-21,ColonyOutdoorsBee10,6,,L2,R2,R1,L3,L1,L1,L1,L1,O4,O4,R1,L3,R1,R1,L3,,,,,,,,,,,,,,,,,,,,,,,,,,,,,,,,,,,,,,,,,,,,,,Four,,,,,,,,,,,,,,,,,,,,,,,,,,,,,,,,Summer,,,,
OdorControl,OdorControl_Outdoors,2022-08-21,ColonyOutdoorsBee10,7,4,6,3,6,8,2,3,6,7,8,1,6,7,8,1,8,7,6,5,,,,,,,,,,,,,,,,,,,,,,,,,,,,,,,,,,,,,,,,,,8,One,19,0,8,11,7,3,2,4,0,2,0,0,11,3,4,0.6111111111,0.1666666667,0.2222222222,0,0,4,5,12,6,18,0.2941176471,0.3333333333,-0.166666667,0.1666666667,,,Summer,,,,
OdorControl,OdorControl_Outdoors,2022-08-21,ColonyOutdoorsBee10,7,11.531952,12.485312,12.392999,10.310144,12.186539,11.610923,12.264108,10.636993,10.488884,10.127769,11.449338,10.215023,11.968005,12.31613,10.422665,4.535985,10.502813,10.429302,10.994237,,,,,,,,,,,,,,,,,,,,,,,,,,,,,,,,,,,,,,,,,,,Two,,,,,,,,,,,,,,,,,,,,,,,,,,,,,,1,18,Summer,,,,
OdorControl,OdorControl_Outdoors,2022-08-21,ColonyOutdoorsBee10,7,Reward,Reward,Reward,Previsited,Reward,Reward,Previsited,Previsited,Reward,Previsited,Reward,Previsited,Previsited,Previsited,Previsited,Previsited,Previsited,Previsited,Reward,,,,,,,,,,,,,,,,,,,,,,,,,,,,,,,,,,,,,,,,,,,Three,,,,,,,,,,,,,,,,,,,,,,,,,,,,,,,,Summer,,,,
OdorControl,OdorControl_Outdoors,2022-08-21,ColonyOutdoorsBee10,7,,L2,R3,L3,L2,L2,L1,L3,L1,L1,L1,R3,L1,L1,L1,R1,R1,R1,R1,,,,,,,,,,,,,,,,,,,,,,,,,,,,,,,,,,,,,,,,,,,Four,,,,,,,,,,,,,,,,,,,,,,,,,,,,,,,,Summer,,,,
OdorControl,OdorControl_Outdoors,2022-08-21,ColonyOutdoorsBee10,8,4,3,5,6,8,2,3,4,4,5,7,6,5,4,7,7,1,,,,,,,,,,,,,,,,,,,,,,,,,,,,,,,,,,,,,,,,,,,,8,One,17,2,8,7,4,5,1,4,0,0,0,2,8,5,1,0.5,0.3125,0.0625,0,0.125,7,3,10,4,14,0.2307692308,0.2857142857,-0.214285714,0.2142857143,,,Summer,Used,,,
OdorControl,OdorControl_Outdoors,2022-08-21,ColonyOutdoorsBee10,8,4.353234,10.426143,12.230462,12.236581,11.537157,11.578982,9.382445,12.022411,10.704181,10.006462,11.087737,11.473013,9.639632,11.611074,10.572808,4.354443,11.434738,,,,,,,,,,,,,,,,,,,,,,,,,,,,,,,,,,,,,,,,,,,,,Two,,,,,,,,,,,,,,,,,,,,,,,,,,,,,,2,15,Summer,Used,,,
OdorControl,OdorControl_Outdoors,2022-08-21,ColonyOutdoorsBee10,8,Reward,Reward,Reward,Reward,Reward,Reward,Previsited,Previsited,Same,Previsited,Reward,Previsited,Previsited,Previsited,Previsited,Same,Reward,,,,,,,,,,,,,,,,,,,,,,,,,,,,,,,,,,,,,,,,,,,,,Three,,,,,,,,,,,,,,,,,,,,,,,,,,,,,,,,Summer,Used,,,
OdorControl,OdorControl_Outdoors,2022-08-21,ColonyOutdoorsBee10,8,,R1,L2,L1,L2,L2,L1,L1,S0,L1,L2,R1,R1,R1,L3,S0,L2,,,,,,,,,,,,,,,,,,,,,,,,,,,,,,,,,,,,,,,,,,,,,Four,,,,,,,,,,,,,,,,,,,,,,,,,,,,,,,,Summer,Used,,,
OdorControl,OdorControl_Outdoors,2022-08-21,ColonyOutdoorsBee10,9,6,8,4,6,7,2,2,5,7,5,8,3,6,2,1,8,7,6,1,1,,,,,,,,,,,,,,,,,,,,,,,,,,,,,,,,,,,,,,,,,8,One,20,2,8,10,1,3,6,4,1,0,2,2,5,4,6,0.2631578947,0.2105263158,0.3157894737,0.1052631579,0.1052631579,4,4,10,5,15,0.2857142857,0.3333333333,-0.166666667,0.1666666667,,,Summer,New,,,
OdorControl,OdorControl_Outdoors,2022-08-21,ColonyOutdoorsBee10,9,12.197011,12.193255,11.104566,11.119231,10.946458,11.263604,12.170005,11.435608,11.813105,10.820063,11.258878,12.49867,12.484251,12.260071,4.655383,5.677743,5.153086,12.381165,5.487341,11.456146,,,,,,,,,,,,,,,,,,,,,,,,,,,,,,,,,,,,,,,,,,Two,,,,,,,,,,,,,,,,,,,,,,,,,,,,,,4,16,Summer,New,,,
OdorControl,OdorControl_Outdoors,2022-08-21,ColonyOutdoorsBee10,9,Reward,Reward,Reward,Previsited,Reward,Reward,Same,Reward,Previsited,Previsited,Previsited,Reward,Previsited,Previsited,Reward,Previsited,Previsited,Previsited,Previsited,Same,,,,,,,,,,,,,,,,,,,,,,,,,,,,,,,,,,,,,,,,,,Three,,,,,,,,,,,,,,,,,,,,,,,,,,,,,,,,Summer,New,,,
OdorControl,OdorControl_Outdoors,2022-08-21,ColonyOutdoorsBee10,9,,L2,O4,L2,L1,L3,S0,L3,L2,R2,L3,L3,L3,O4,R1,R1,R1,R1,L3,S0,,,,,,,,,,,,,,,,,,,,,,,,,,,,,,,,,,,,,,,,,,Four,,,,,,,,,,,,,,,,,,,,,,,,,,,,,,,,Summer,New,,,
OdorControl,OdorControl_Outdoors,2022-08-22,ColonyOutdoorsBee11,1,2,5,2,5,2,5,6,2,7,4,5,1,3,6,4,1,4,6,3,3,6,5,8,,,,,,,,,,,,,,,,,,,,,,,,,,,,,,,,,,,,,,8,One,23,1,8,14,2,2,7,1,1,6,2,1,3,3,13,0.1363636364,0.1363636364,0.5909090909,0.0909090909,0.0454545455,3,12,11,8,19,0.6666666667,0.4210526316,-0.078947368,0.0789473684,,,Summer,,,,
OdorControl,OdorControl_Outdoors,2022-08-22,ColonyOutdoorsBee11,1,10.821162,11.237632,11.992525,11.224286,10.835203,11.03335,12.397999,9.644848,11.129972,11.045799,11.207201,12.335661,12.44102,10.825844,12.025199,11.156753,9.520378,10.086033,12.426926,11.022126,11.94004,8.370354,11.056523,,,,,,,,,,,,,,,,,,,,,,,,,,,,,,,,,,,,,,,Two,,,,,,,,,,,,,,,,,,,,,,,,,,,,,,1,22,Summer,,,,
OdorControl,OdorControl_Outdoors,2022-08-22,ColonyOutdoorsBee11,1,Reward,Reward,Previsited,Previsited,Previsited,Previsited,Reward,Previsited,Reward,Reward,Previsited,Reward,Reward,Previsited,Previsited,Previsited,Previsited,Previsited,Previsited,Same,Previsited,Previsited,Reward,,,,,,,,,,,,,,,,,,,,,,,,,,,,,,,,,,,,,,,Three,,,,,,,,,,,,,,,,,,,,,,,,,,,,,,,,Summer,,,,
OdorControl,OdorControl_Outdoors,2022-08-22,ColonyOutdoorsBee11,1,,L3,R3,L3,R3,L3,L1,O4,R3,R3,L1,O4,L2,L3,R2,R3,L3,L2,R3,S0,L3,R1,L3,,,,,,,,,,,,,,,,,,,,,,,,,,,,,,,,,,,,,,,Four,,,,,,,,,,,,,,,,,,,,,,,,,,,,,,,,Summer,,,,
OdorControl,OdorControl_Outdoors,2022-08-22,ColonyOutdoorsBee11,2,8,3,6,7,2,3,1,4,1,4,6,3,2,8,3,7,2,6,5,,,,,,,,,,,,,,,,,,,,,,,,,,,,,,,,,,,,,,,,,,8,One,19,0,8,11,2,1,7,2,2,2,2,0,4,3,9,0.2222222222,0.1666666667,0.5,0.1111111111,0,6,7,10,6,16,0.4666666667,0.375,-0.125,0.125,,,Summer,,,,
OdorControl,OdorControl_Outdoors,2022-08-22,ColonyOutdoorsBee11,2,11.623893,12.477254,10.482638,10.979157,12.399509,10.184197,11.278252,12.470269,11.218362,10.754306,12.343496,11.48753,11.045093,8.868531,12.452155,12.48614,12.165839,10.216301,12.206277,,,,,,,,,,,,,,,,,,,,,,,,,,,,,,,,,,,,,,,,,,,Two,,,,,,,,,,,,,,,,,,,,,,,,,,,,,,1,18,Summer,,,,
OdorControl,OdorControl_Outdoors,2022-08-22,ColonyOutdoorsBee11,2,Reward,Reward,Reward,Reward,Reward,Previsited,Reward,Reward,Previsited,Previsited,Previsited,Previsited,Previsited,Previsited,Previsited,Previsited,Previsited,Previsited,Reward,,,,,,,,,,,,,,,,,,,,,,,,,,,,,,,,,,,,,,,,,,,Three,,,,,,,,,,,,,,,,,,,,,,,,,,,,,,,,Summer,,,,
OdorControl,OdorControl_Outdoors,2022-08-22,ColonyOutdoorsBee11,2,,L3,L3,L1,L3,L1,R2,L3,R3,L3,L2,R3,R1,R2,L3,O4,L3,O4,R1,,,,,,,,,,,,,,,,,,,,,,,,,,,,,,,,,,,,,,,,,,,Four,,,,,,,,,,,,,,,,,,,,,,,,,,,,,,,,Summer,,,,
OdorControl,OdorControl_Outdoors,2022-08-22,ColonyOutdoorsBee11,3,8,1,3,4,1,6,7,8,4,1,4,5,6,7,3,1,3,6,7,2,,,,,,,,,,,,,,,,,,,,,,,,,,,,,,,,,,,,,,,,,8,One,20,0,8,12,8,2,3,0,1,3,2,0,8,3,6,0.4210526316,0.1578947368,0.3157894737,0.1052631579,0,5,6,13,4,17,0.375,0.2352941176,-0.264705882,0.2647058824,,,Summer,,,,
OdorControl,OdorControl_Outdoors,2022-08-22,ColonyOutdoorsBee11,3,12.308769,11.031054,10.802556,12.443135,10.1213,11.171367,11.479654,10.225894,10.986611,10.638753,10.134676,11.41481,12.300594,11.222879,11.126328,9.249959,11.395549,10.746328,12.488669,11.086752,,,,,,,,,,,,,,,,,,,,,,,,,,,,,,,,,,,,,,,,,,Two,,,,,,,,,,,,,,,,,,,,,,,,,,,,,,0,20,Summer,,,,
OdorControl,OdorControl_Outdoors,2022-08-22,ColonyOutdoorsBee11,3,Reward,Reward,Reward,Reward,Previsited,Reward,Reward,Previsited,Previsited,Previsited,Previsited,Reward,Previsited,Previsited,Previsited,Previsited,Previsited,Previsited,Previsited,Reward,,,,,,,,,,,,,,,,,,,,,,,,,,,,,,,,,,,,,,,,,,Three,,,,,,,,,,,,,,,,,,,,,,,,,,,,,,,,Summer,,,,
OdorControl,OdorControl_Outdoors,2022-08-22,ColonyOutdoorsBee11,3,,L1,L2,L1,R3,R3,L1,L1,O4,R3,L3,L1,L1,L1,O4,R2,L2,L3,L1,L3,,,,,,,,,,,,,,,,,,,,,,,,,,,,,,,,,,,,,,,,,,Four,,,,,,,,,,,,,,,,,,,,,,,,,,,,,,,,Summer,,,,
OdorControl,OdorControl_Outdoors,2022-08-22,ColonyOutdoorsBee11,4,2,3,5,2,8,5,7,8,2,3,2,5,7,4,5,6,8,4,8,3,5,3,8,3,4,7,8,4,7,8,5,4,4,3,5,2,5,6,1,,,,,,,,,,,,,,,,,,,,,,8,One,39,1,8,30,9,7,7,3,2,6,3,1,12,9,13,0.3157894737,0.2368421053,0.3421052632,0.0789473684,0.0263157895,4,12,23,11,34,0.3636363636,0.3235294118,-0.176470588,0.1764705882,,,Summer,,,,
OdorControl,OdorControl_Outdoors,2022-08-22,ColonyOutdoorsBee11,4,12.314389,12.366783,12.106621,11.820182,12.368233,9.972353,11.135312,12.285578,5.528535,11.524732,5.371849,10.869707,12.480815,12.30549,11.720752,12.189673,12.202188,12.454002,9.757229,11.202191,10.353273,9.599896,12.376126,12.487998,12.434437,10.768362,12.39965,12.446706,10.430703,6.168328,11.141035,9.892518,5.217108,9.438393,12.282024,12.428416,10.688272,12.243222,11.350764,,,,,,,,,,,,,,,,,,,,,,,Two,,,,,,,,,,,,,,,,,,,,,,,,,,,,,,4,35,Summer,,,,
OdorControl,OdorControl_Outdoors,2022-08-22,ColonyOutdoorsBee11,4,Reward,Reward,Reward,Previsited,Reward,Previsited,Reward,Previsited,Previsited,Previsited,Previsited,Previsited,Previsited,Reward,Previsited,Reward,Previsited,Previsited,Previsited,Previsited,Previsited,Previsited,Previsited,Previsited,Previsited,Previsited,Previsited,Previsited,Previsited,Previsited,Previsited,Previsited,Same,Previsited,Previsited,Previsited,Previsited,Previsited,Reward,,,,,,,,,,,,,,,,,,,,,,,Three,,,,,,,,,,,,,,,,,,,,,,,,,,,,,,,,Summer,,,,
OdorControl,OdorControl_Outdoors,2022-08-22,ColonyOutdoorsBee11,4,,L1,L2,R3,R2,R3,L2,L1,L2,L1,R1,L3,L2,R3,L1,L1,L2,O4,O4,L3,L2,R2,R3,L3,L1,L3,L1,O4,L3,L1,R3,R1,S0,R1,L2,R3,L3,L1,L3,,,,,,,,,,,,,,,,,,,,,,,Four,,,,,,,,,,,,,,,,,,,,,,,,,,,,,,,,Summer,,,,
OdorControl,OdorControl_Outdoors,2022-08-22,ColonyOutdoorsBee11,5,8,3,5,7,8,2,3,5,6,8,4,5,6,1,,,,,,,,,,,,,,,,,,,,,,,,,,,,,,,,,,,,,,,,,,,,,,,8,One,14,0,8,6,5,5,2,0,0,0,1,0,5,5,2,0.3846153846,0.3846153846,0.1538461538,0.0769230769,0,5,0,12,0,12,0,0,-0.5,0.5,,,Summer,,,,
OdorControl,OdorControl_Outdoors,2022-08-22,ColonyOutdoorsBee11,5,12.241964,10.904424,11.013192,12.498155,12.278309,10.730136,12.049037,5.556985,12.16789,10.126595,11.049186,11.186589,12.498919,11.126328,,,,,,,,,,,,,,,,,,,,,,,,,,,,,,,,,,,,,,,,,,,,,,,,Two,,,,,,,,,,,,,,,,,,,,,,,,,,,,,,1,13,Summer,,,,
OdorControl,OdorControl_Outdoors,2022-08-22,ColonyOutdoorsBee11,5,Reward,Reward,Reward,Reward,Previsited,Reward,Previsited,Previsited,Reward,Previsited,Reward,Previsited,Previsited,Reward,,,,,,,,,,,,,,,,,,,,,,,,,,,,,,,,,,,,,,,,,,,,,,,,Three,,,,,,,,,,,,,,,,,,,,,,,,,,,,,,,,Summer,,,,
OdorControl,OdorControl_Outdoors,2022-08-22,ColonyOutdoorsBee11,5,,L3,L2,L2,L1,L2,L1,L2,L1,L2,O4,L1,L1,L3,,,,,,,,,,,,,,,,,,,,,,,,,,,,,,,,,,,,,,,,,,,,,,,,Four,,,,,,,,,,,,,,,,,,,,,,,,,,,,,,,,Summer,,,,
OdorControl,OdorControl_Outdoors,2022-08-22,ColonyOutdoorsBee11,6,2,7,1,4,7,1,2,4,8,2,3,4,6,8,1,3,5,,,,,,,,,,,,,,,,,,,,,,,,,,,,,,,,,,,,,,,,,,,,8,One,17,0,8,9,4,8,2,0,0,1,1,0,4,8,3,0.25,0.5,0.1875,0.0625,0,5,1,14,1,15,0.0714285714,0.0666666667,-0.433333333,0.4333333333,,,Summer,,,,
OdorControl,OdorControl_Outdoors,2022-08-22,ColonyOutdoorsBee11,6,5.629162,12.385305,11.200764,12.249859,10.316249,10.811196,12.344696,9.767353,12.333053,10.699063,12.467126,9.975285,12.024746,11.729978,11.079717,10.904334,10.707714,,,,,,,,,,,,,,,,,,,,,,,,,,,,,,,,,,,,,,,,,,,,,Two,,,,,,,,,,,,,,,,,,,,,,,,,,,,,,1,16,Summer,,,,
OdorControl,OdorControl_Outdoors,2022-08-22,ColonyOutdoorsBee11,6,Reward,Reward,Reward,Reward,Previsited,Previsited,Previsited,Previsited,Reward,Previsited,Reward,Previsited,Reward,Previsited,Previsited,Previsited,Reward,,,,,,,,,,,,,,,,,,,,,,,,,,,,,,,,,,,,,,,,,,,,,Three,,,,,,,,,,,,,,,,,,,,,,,,,,,,,,,,Summer,,,,
OdorControl,OdorControl_Outdoors,2022-08-22,ColonyOutdoorsBee11,6,,R3,L2,L3,L3,L2,L1,L2,O4,L2,L1,L1,L2,L2,L1,L2,L2,,,,,,,,,,,,,,,,,,,,,,,,,,,,,,,,,,,,,,,,,,,,,Four,,,,,,,,,,,,,,,,,,,,,,,,,,,,,,,,Summer,,,,
OdorControl,OdorControl_Outdoors,2022-08-22,ColonyOutdoorsBee11,7,8,3,5,7,8,3,7,2,4,5,7,1,3,5,6,,,,,,,,,,,,,,,,,,,,,,,,,,,,,,,,,,,,,,,,,,,,,,8,One,15,0,8,7,3,7,3,0,0,0,1,0,3,7,3,0.2142857143,0.5,0.2142857143,0.0714285714,0,5,0,13,0,13,0,0,-0.5,0.5,,,Summer,,,,
OdorControl,OdorControl_Outdoors,2022-08-22,ColonyOutdoorsBee11,7,10.763455,10.963095,11.019739,10.87729,9.380263,9.617991,10.521652,10.782996,11.5934,11.035612,9.389236,10.830219,11.590491,11.971002,11.089547,,,,,,,,,,,,,,,,,,,,,,,,,,,,,,,,,,,,,,,,,,,,,,,Two,,,,,,,,,,,,,,,,,,,,,,,,,,,,,,0,15,Summer,,,,
OdorControl,OdorControl_Outdoors,2022-08-22,ColonyOutdoorsBee11,7,Reward,Reward,Reward,Reward,Previsited,Previsited,Previsited,Reward,Reward,Previsited,Previsited,Reward,Previsited,Previsited,Reward,,,,,,,,,,,,,,,,,,,,,,,,,,,,,,,,,,,,,,,,,,,,,,,Three,,,,,,,,,,,,,,,,,,,,,,,,,,,,,,,,Summer,,,,
OdorControl,OdorControl_Outdoors,2022-08-22,ColonyOutdoorsBee11,7,,L3,L2,L2,L1,L3,O4,L3,L2,L1,L2,L2,L2,L2,L1,,,,,,,,,,,,,,,,,,,,,,,,,,,,,,,,,,,,,,,,,,,,,,,Four,,,,,,,,,,,,,,,,,,,,,,,,,,,,,,,,Summer,,,,
OdorControl,OdorControl_Outdoors,2022-08-22,ColonyOutdoorsBee11,8,8,7,1,3,6,7,4,7,2,5,3,5,2,3,4,7,1,1,5,2,7,2,5,8,2,5,7,1,1,6,,,,,,,,,,,,,,,,,,,,,,,,,,,,,,,8,One,30,2,8,20,3,7,9,1,1,5,1,2,4,8,14,0.1379310345,0.275862069,0.4827586207,0.0344827586,0.0689655172,6,10,19,7,26,0.4,0.2692307692,-0.230769231,0.2307692308,,,Summer,New,,,
OdorControl,OdorControl_Outdoors,2022-08-22,ColonyOutdoorsBee11,8,11.384785,11.775622,10.781731,10.744586,12.467877,10.762351,10.950571,11.580968,10.854777,10.897557,8.510948,10.965513,12.13833,10.724267,12.499917,5.843413,11.118337,7.075224,12.461731,11.969422,12.238253,11.654758,8.063746,10.00202,11.937673,11.856077,12.456302,12.496735,12.060097,11.245938,,,,,,,,,,,,,,,,,,,,,,,,,,,,,,,,Two,,,,,,,,,,,,,,,,,,,,,,,,,,,,,,4,26,Summer,New,,,
OdorControl,OdorControl_Outdoors,2022-08-22,ColonyOutdoorsBee11,8,Reward,Reward,Reward,Reward,Reward,Previsited,Reward,Previsited,Reward,Reward,Previsited,Previsited,Previsited,Previsited,Previsited,Previsited,Previsited,Same,Previsited,Previsited,Previsited,Previsited,Previsited,Previsited,Previsited,Previsited,Previsited,Previsited,Same,Previsited,,,,,,,,,,,,,,,,,,,,,,,,,,,,,,,,Three,,,,,,,,,,,,,,,,,,,,,,,,,,,,,,,,Summer,New,,,
OdorControl,OdorControl_Outdoors,2022-08-22,ColonyOutdoorsBee11,8,,R1,L2,L2,L3,L1,R3,L3,L3,L3,R2,L2,R3,L1,L1,L3,L2,S0,O4,R3,R3,L3,L3,L3,L2,L3,L2,L2,S0,R3,,,,,,,,,,,,,,,,,,,,,,,,,,,,,,,,Four,,,,,,,,,,,,,,,,,,,,,,,,,,,,,,,,Summer,New,,,
OdorControl,OdorControl_Outdoors,2022-08-22,ColonyOutdoorsBee11,9,6,2,4,5,7,8,2,3,4,8,3,4,7,3,7,1,,,,,,,,,,,,,,,,,,,,,,,,,,,,,,,,,,,,,,,,,,,,,8,One,16,0,8,8,5,4,2,0,0,0,4,0,5,4,2,0.3333333333,0.2666666667,0.1333333333,0.2666666667,0,7,0,11,0,11,0,0,-0.5,0.5,,,Summer,Used,,,
OdorControl,OdorControl_Outdoors,2022-08-22,ColonyOutdoorsBee11,9,11.739164,11.176269,11.796295,10.888324,11.099667,11.223035,9.04007,11.132073,9.551183,9.861297,9.916941,4.463861,11.532645,12.024632,10.416585,12.491181,,,,,,,,,,,,,,,,,,,,,,,,,,,,,,,,,,,,,,,,,,,,,,Two,,,,,,,,,,,,,,,,,,,,,,,,,,,,,,1,15,Summer,Used,,,
OdorControl,OdorControl_Outdoors,2022-08-22,ColonyOutdoorsBee11,9,Reward,Reward,Reward,Reward,Reward,Reward,Previsited,Reward,Previsited,Previsited,Previsited,Previsited,Previsited,Previsited,Previsited,Reward,,,,,,,,,,,,,,,,,,,,,,,,,,,,,,,,,,,,,,,,,,,,,,Three,,,,,,,,,,,,,,,,,,,,,,,,,,,,,,,,Summer,Used,,,
OdorControl,OdorControl_Outdoors,2022-08-22,ColonyOutdoorsBee11,9,,O4,L2,L1,L2,L1,L2,L1,L1,O4,L3,L1,L3,O4,O4,L2,,,,,,,,,,,,,,,,,,,,,,,,,,,,,,,,,,,,,,,,,,,,,,Four,,,,,,,,,,,,,,,,,,,,,,,,,,,,,,,,Summer,Used,,,
OdorControl,OdorControl_Outdoors,2022-08-24,ColonyOutdoorsBee12,1,8,2,1,2,7,3,8,1,3,8,3,7,4,7,3,2,7,2,8,5,1,4,5,7,3,6,,,,,,,,,,,,,,,,,,,,,,,,,,,,,,,,,,,8,One,26,0,8,18,3,3,5,2,1,6,5,0,5,4,11,0.2,0.16,0.44,0.2,0,4,12,11,9,20,0.6315789474,0.45,-0.05,0.05,,,Summer,,,,
OdorControl,OdorControl_Outdoors,2022-08-24,ColonyOutdoorsBee12,1,5.223381,12.0119,12.498919,12.16938,12.477254,12.230845,12.498498,12.488684,12.186539,12.306535,8.101609,12.476192,10.848508,10.5762,10.59616,10.560135,8.820375,7.616442,10.773049,12.498919,12.404444,12.243269,12.475895,7.874969,9.480903,10.800318,,,,,,,,,,,,,,,,,,,,,,,,,,,,,,,,,,,,Two,,,,,,,,,,,,,,,,,,,,,,,,,,,,,,5,21,Summer,,,,
OdorControl,OdorControl_Outdoors,2022-08-24,ColonyOutdoorsBee12,1,Reward,Reward,Reward,Previsited,Reward,Reward,Previsited,Previsited,Previsited,Previsited,Previsited,Previsited,Reward,Previsited,Previsited,Previsited,Previsited,Previsited,Previsited,Reward,Previsited,Previsited,Previsited,Previsited,Previsited,Reward,,,,,,,,,,,,,,,,,,,,,,,,,,,,,,,,,,,,Three,,,,,,,,,,,,,,,,,,,,,,,,,,,,,,,,Summer,,,,
OdorControl,OdorControl_Outdoors,2022-08-24,ColonyOutdoorsBee12,1,,L2,R1,L1,R3,O4,R3,L1,L2,R3,L3,O4,R3,L3,O4,R1,R3,L3,R2,R3,O4,L3,L1,L2,O4,L3,,,,,,,,,,,,,,,,,,,,,,,,,,,,,,,,,,,,Four,,,,,,,,,,,,,,,,,,,,,,,,,,,,,,,,Summer,,,,
OdorControl,OdorControl_Outdoors,2022-08-24,ColonyOutdoorsBee12,2,6,7,3,5,8,2,8,4,5,1,5,8,1,1,3,,,,,,,,,,,,,,,,,,,,,,,,,,,,,,,,,,,,,,,,,,,,,,8,One,15,1,8,6,3,3,2,0,1,0,4,1,3,4,2,0.2142857143,0.2857142857,0.1428571429,0.2857142857,0.0714285714,7,2,8,1,9,0.25,0.1111111111,-0.388888889,0.3888888889,,,Summer,,,,
OdorControl,OdorControl_Outdoors,2022-08-24,ColonyOutdoorsBee12,2,12.499917,10.346644,4.546072,12.461731,12.124849,12.213381,10.87055,12.182123,10.876287,12.49413,10.461325,12.484251,11.052996,9.817853,10.416566,,,,,,,,,,,,,,,,,,,,,,,,,,,,,,,,,,,,,,,,,,,,,,,Two,,,,,,,,,,,,,,,,,,,,,,,,,,,,,,1,14,Summer,,,,
OdorControl,OdorControl_Outdoors,2022-08-24,ColonyOutdoorsBee12,2,Reward,Reward,Reward,Reward,Reward,Reward,Previsited,Reward,Previsited,Reward,Previsited,Previsited,Previsited,Same,Previsited,,,,,,,,,,,,,,,,,,,,,,,,,,,,,,,,,,,,,,,,,,,,,,,Three,,,,,,,,,,,,,,,,,,,,,,,,,,,,,,,,Summer,,,,
OdorControl,OdorControl_Outdoors,2022-08-24,ColonyOutdoorsBee12,2,,L1,O4,L2,L3,L2,R2,O4,L1,O4,O4,L3,L1,S0,L2,,,,,,,,,,,,,,,,,,,,,,,,,,,,,,,,,,,,,,,,,,,,,,,Four,,,,,,,,,,,,,,,,,,,,,,,,,,,,,,,,Summer,,,,
OdorControl,OdorControl_Outdoors,2022-08-24,ColonyOutdoorsBee12,3,6,3,4,5,7,8,3,8,8,7,3,7,8,1,3,5,3,7,8,1,3,8,5,3,6,2,,,,,,,,,,,,,,,,,,,,,,,,,,,,,,,,,,,8,One,26,1,8,17,7,4,2,1,2,4,4,1,8,6,6,0.32,0.24,0.24,0.16,0.04,7,7,13,7,20,0.3684210526,0.35,-0.15,0.15,,,Summer,,,,
OdorControl,OdorControl_Outdoors,2022-08-24,ColonyOutdoorsBee12,3,12.488372,12.203226,12.269733,12.44102,12.076636,12.490495,8.940377,9.650263,12.489168,10.715539,9.322001,12.488669,10.534557,12.499621,12.006641,10.862352,7.007762,10.87505,11.479993,11.755625,12.283087,11.073927,12.496236,10.479551,12.439374,10.679496,,,,,,,,,,,,,,,,,,,,,,,,,,,,,,,,,,,,Two,,,,,,,,,,,,,,,,,,,,,,,,,,,,,,2,24,Summer,,,,
OdorControl,OdorControl_Outdoors,2022-08-24,ColonyOutdoorsBee12,3,Reward,Reward,Reward,Reward,Reward,Reward,Previsited,Previsited,Same,Previsited,Previsited,Previsited,Previsited,Reward,Previsited,Previsited,Previsited,Previsited,Previsited,Previsited,Previsited,Previsited,Previsited,Previsited,Previsited,Reward,,,,,,,,,,,,,,,,,,,,,,,,,,,,,,,,,,,,Three,,,,,,,,,,,,,,,,,,,,,,,,,,,,,,,,Summer,,,,
OdorControl,OdorControl_Outdoors,2022-08-24,ColonyOutdoorsBee12,3,,R3,L1,L1,L2,L1,L3,R3,S0,R1,O4,O4,L1,L1,L2,L2,R2,O4,L1,L1,L2,R3,R3,R2,L3,O4,,,,,,,,,,,,,,,,,,,,,,,,,,,,,,,,,,,,Four,,,,,,,,,,,,,,,,,,,,,,,,,,,,,,,,Summer,,,,
OdorControl,OdorControl_Outdoors,2022-08-24,ColonyOutdoorsBee12,4,7,7,1,3,4,5,5,2,3,8,1,5,3,8,8,2,3,4,5,4,3,4,2,3,7,6,,,,,,,,,,,,,,,,,,,,,,,,,,,,,,,,,,,8,One,26,3,8,15,9,3,0,3,2,3,2,3,12,5,3,0.48,0.2,0.12,0.08,0.12,2,11,12,8,20,0.5789473684,0.4,-0.1,0.1,,,Summer,,,,
OdorControl,OdorControl_Outdoors,2022-08-24,ColonyOutdoorsBee12,4,12.492008,12.431945,12.449352,11.691045,10.83916,11.738484,8.951206,12.206277,8.141163,10.511217,10.961566,7.819326,11.536346,12.421639,5.130758,10.992659,8.295311,12.482611,12.437212,8.695716,10.570983,7.000248,12.496377,8.116945,7.810996,12.491743,,,,,,,,,,,,,,,,,,,,,,,,,,,,,,,,,,,,Two,,,,,,,,,,,,,,,,,,,,,,,,,,,,,,9,17,Summer,,,,
OdorControl,OdorControl_Outdoors,2022-08-24,ColonyOutdoorsBee12,4,Reward,Same,Reward,Reward,Reward,Reward,Same,Reward,Previsited,Reward,Previsited,Previsited,Previsited,Previsited,Same,Previsited,Previsited,Previsited,Previsited,Previsited,Previsited,Previsited,Previsited,Previsited,Previsited,Reward,,,,,,,,,,,,,,,,,,,,,,,,,,,,,,,,,,,,Three,,,,,,,,,,,,,,,,,,,,,,,,,,,,,,,,Summer,,,,
OdorControl,OdorControl_Outdoors,2022-08-24,ColonyOutdoorsBee12,4,,S0,L2,L2,L1,L1,S0,R3,L1,R3,L1,O4,R2,R3,S0,L2,L1,L1,L1,R1,R1,L1,R2,L1,O4,R1,,,,,,,,,,,,,,,,,,,,,,,,,,,,,,,,,,,,Four,,,,,,,,,,,,,,,,,,,,,,,,,,,,,,,,Summer,,,,
OdorControl,OdorControl_Outdoors,2022-08-24,ColonyOutdoorsBee12,5,7,7,4,2,5,8,4,6,6,7,1,3,,,,,,,,,,,,,,,,,,,,,,,,,,,,,,,,,,,,,,,,,,,,,,,,,8,One,12,2,8,2,1,3,2,0,1,1,1,2,1,4,3,0.0909090909,0.3636363636,0.2727272727,0.0909090909,0.1818181818,2,1,6,2,8,0.1428571429,0.25,-0.25,0.25,,,Summer,,,,
OdorControl,OdorControl_Outdoors,2022-08-24,ColonyOutdoorsBee12,5,12.45987,9.786672,11.541025,11.204418,10.825106,12.24397,7.861938,12.496377,11.674761,10.702761,12.245259,10.760032,,,,,,,,,,,,,,,,,,,,,,,,,,,,,,,,,,,,,,,,,,,,,,,,,,Two,,,,,,,,,,,,,,,,,,,,,,,,,,,,,,1,11,Summer,,,,
OdorControl,OdorControl_Outdoors,2022-08-24,ColonyOutdoorsBee12,5,Reward,Same,Reward,Reward,Reward,Reward,Previsited,Reward,Same,Previsited,Reward,Reward,,,,,,,,,,,,,,,,,,,,,,,,,,,,,,,,,,,,,,,,,,,,,,,,,,Three,,,,,,,,,,,,,,,,,,,,,,,,,,,,,,,,Summer,,,,
OdorControl,OdorControl_Outdoors,2022-08-24,ColonyOutdoorsBee12,5,,S0,R3,R2,L3,L3,O4,L2,S0,L1,L2,L2,,,,,,,,,,,,,,,,,,,,,,,,,,,,,,,,,,,,,,,,,,,,,,,,,,Four,,,,,,,,,,,,,,,,,,,,,,,,,,,,,,,,Summer,,,,
OdorControl,OdorControl_Outdoors,2022-08-24,ColonyOutdoorsBee12,6,6,7,1,3,4,5,6,7,2,3,2,3,7,4,5,5,4,3,2,6,8,,,,,,,,,,,,,,,,,,,,,,,,,,,,,,,,,,,,,,,,8,One,21,1,8,12,8,3,1,4,0,1,2,1,12,3,2,0.6,0.15,0.1,0.1,0.05,7,6,12,5,17,0.375,0.2941176471,-0.205882353,0.2058823529,,,Summer,,,,
OdorControl,OdorControl_Outdoors,2022-08-24,ColonyOutdoorsBee12,6,12.150721,11.54344,10.489609,11.844974,12.364182,10.888395,10.856483,10.443347,10.84441,10.428199,11.774959,8.027987,12.45588,12.418877,12.489636,8.977821,12.499839,7.480744,12.059968,11.078925,10.851957,,,,,,,,,,,,,,,,,,,,,,,,,,,,,,,,,,,,,,,,,Two,,,,,,,,,,,,,,,,,,,,,,,,,,,,,,3,18,Summer,,,,
OdorControl,OdorControl_Outdoors,2022-08-24,ColonyOutdoorsBee12,6,Reward,Reward,Reward,Reward,Reward,Reward,Previsited,Previsited,Reward,Previsited,Previsited,Previsited,Previsited,Previsited,Previsited,Same,Previsited,Previsited,Previsited,Previsited,Reward,,,,,,,,,,,,,,,,,,,,,,,,,,,,,,,,,,,,,,,,,Three,,,,,,,,,,,,,,,,,,,,,,,,,,,,,,,,Summer,,,,
OdorControl,OdorControl_Outdoors,2022-08-24,ColonyOutdoorsBee12,6,,L1,L2,L2,L1,L1,L1,L1,L3,L1,R1,L1,O4,R3,L1,S0,R1,R1,R1,O4,L2,,,,,,,,,,,,,,,,,,,,,,,,,,,,,,,,,,,,,,,,,Four,,,,,,,,,,,,,,,,,,,,,,,,,,,,,,,,Summer,,,,
OdorControl,OdorControl_Outdoors,2022-08-24,ColonyOutdoorsBee12,7,1,4,5,6,7,2,2,4,7,1,2,3,8,,,,,,,,,,,,,,,,,,,,,,,,,,,,,,,,,,,,,,,,,,,,,,,,8,One,13,1,8,4,5,2,3,0,0,1,0,1,5,2,4,0.4166666667,0.1666666667,0.3333333333,0,0.0833333333,7,1,10,1,11,0.1,0.0909090909,-0.409090909,0.4090909091,,,Summer,,,,
OdorControl,OdorControl_Outdoors,2022-08-24,ColonyOutdoorsBee12,7,11.677432,11.729131,12.492913,11.733833,12.158146,10.550606,4.366424,8.174615,10.726938,11.585663,11.890225,12.246087,10.90614,,,,,,,,,,,,,,,,,,,,,,,,,,,,,,,,,,,,,,,,,,,,,,,,,Two,,,,,,,,,,,,,,,,,,,,,,,,,,,,,,2,11,Summer,,,,
OdorControl,OdorControl_Outdoors,2022-08-24,ColonyOutdoorsBee12,7,Reward,Reward,Reward,Reward,Reward,Reward,Same,Previsited,Previsited,Previsited,Previsited,Reward,Reward,,,,,,,,,,,,,,,,,,,,,,,,,,,,,,,,,,,,,,,,,,,,,,,,,Three,,,,,,,,,,,,,,,,,,,,,,,,,,,,,,,,Summer,,,,
OdorControl,OdorControl_Outdoors,2022-08-24,ColonyOutdoorsBee12,7,,L3,L1,L1,L1,L3,S0,L2,L3,L2,L1,L1,R3,,,,,,,,,,,,,,,,,,,,,,,,,,,,,,,,,,,,,,,,,,,,,,,,,Four,,,,,,,,,,,,,,,,,,,,,,,,,,,,,,,,Summer,,,,
OdorControl,OdorControl_Outdoors,2022-08-24,ColonyOutdoorsBee12,8,1,2,4,5,6,7,2,1,3,8,,,,,,,,,,,,,,,,,,,,,,,,,,,,,,,,,,,,,,,,,,,,,,,,,,,8,One,10,0,8,2,4,2,1,1,0,1,0,0,5,2,2,0.5555555556,0.2222222222,0.2222222222,0,0,7,3,7,2,9,0.375,0.2222222222,-0.277777778,0.2777777778,,,Summer,Used,,,
OdorControl,OdorControl_Outdoors,2022-08-24,ColonyOutdoorsBee12,8,11.264244,10.782996,10.894069,11.136905,12.001429,12.109277,12.221996,10.790207,10.763492,6.857277,,,,,,,,,,,,,,,,,,,,,,,,,,,,,,,,,,,,,,,,,,,,,,,,,,,,Two,,,,,,,,,,,,,,,,,,,,,,,,,,,,,,1,9,Summer,Used,,,
OdorControl,OdorControl_Outdoors,2022-08-24,ColonyOutdoorsBee12,8,Reward,Reward,Reward,Reward,Reward,Reward,Previsited,Previsited,Reward,Reward,,,,,,,,,,,,,,,,,,,,,,,,,,,,,,,,,,,,,,,,,,,,,,,,,,,,Three,,,,,,,,,,,,,,,,,,,,,,,,,,,,,,,,Summer,Used,,,
OdorControl,OdorControl_Outdoors,2022-08-24,ColonyOutdoorsBee12,8,,L1,L2,L1,L1,L1,L3,R1,L2,R3,,,,,,,,,,,,,,,,,,,,,,,,,,,,,,,,,,,,,,,,,,,,,,,,,,,,Four,,,,,,,,,,,,,,,,,,,,,,,,,,,,,,,,Summer,Used,,,
OdorControl,OdorControl_Outdoors,2022-08-24,ColonyOutdoorsBee12,9,4,7,2,6,6,8,2,8,1,2,3,2,3,5,,,,,,,,,,,,,,,,,,,,,,,,,,,,,,,,,,,,,,,,,,,,,,,8,One,14,1,8,5,4,3,2,1,1,0,1,1,5,4,2,0.3846153846,0.3076923077,0.1538461538,0.0769230769,0.0769230769,5,4,9,2,11,0.4,0.1818181818,-0.318181818,0.3181818182,,,Summer,New,,,
OdorControl,OdorControl_Outdoors,2022-08-24,ColonyOutdoorsBee12,9,11.868566,12.300927,10.521078,12.49051,10.941489,11.153677,12.072375,11.536346,12.266635,4.56255,10.868165,5.707431,11.741688,10.889684,,,,,,,,,,,,,,,,,,,,,,,,,,,,,,,,,,,,,,,,,,,,,,,,Two,,,,,,,,,,,,,,,,,,,,,,,,,,,,,,2,12,Summer,New,,,
OdorControl,OdorControl_Outdoors,2022-08-24,ColonyOutdoorsBee12,9,Reward,Reward,Reward,Reward,Same,Reward,Previsited,Previsited,Reward,Previsited,Reward,Previsited,Previsited,Reward,,,,,,,,,,,,,,,,,,,,,,,,,,,,,,,,,,,,,,,,,,,,,,,,Three,,,,,,,,,,,,,,,,,,,,,,,,,,,,,,,,Summer,New,,,
OdorControl,OdorControl_Outdoors,2022-08-24,ColonyOutdoorsBee12,9,,L3,L3,O4,S0,L2,L2,R2,L1,L1,L1,R1,L1,L2,,,,,,,,,,,,,,,,,,,,,,,,,,,,,,,,,,,,,,,,,,,,,,,,Four,,,,,,,,,,,,,,,,,,,,,,,,,,,,,,,,Summer,New,,,
OdorControl,OdorControl_Outdoors,2022-08-24,ColonyOutdoorsBee13,1,1,1,1,3,5,3,3,5,8,3,4,4,5,4,1,6,7,7,3,6,1,4,1,5,6,7,8,1,2,,,,,,,,,,,,,,,,,,,,,,,,,,,,,,,,8,One,29,5,8,16,8,3,5,1,1,3,2,5,9,4,8,0.3214285714,0.1428571429,0.2857142857,0.0714285714,0.1785714286,2,6,16,5,21,0.3,0.2380952381,-0.261904762,0.2619047619,,,Summer,,,,
OdorControl,OdorControl_Outdoors,2022-08-24,ColonyOutdoorsBee13,1,4.552157,12.49867,4.403188,10.531503,10.905979,10.370129,4.35207,12.200606,12.369572,10.852891,12.498919,4.701257,8.353687,12.457992,10.897557,11.29478,12.494411,10.937194,10.695929,12.464515,10.60539,10.870765,5.039334,12.328263,10.838495,11.501978,11.206975,10.787894,10.602578,,,,,,,,,,,,,,,,,,,,,,,,,,,,,,,,,Two,,,,,,,,,,,,,,,,,,,,,,,,,,,,,,6,23,Summer,,,,
OdorControl,OdorControl_Outdoors,2022-08-24,ColonyOutdoorsBee13,1,Reward,Same,Same,Reward,Reward,Previsited,Same,Previsited,Reward,Previsited,Reward,Same,Previsited,Previsited,Previsited,Reward,Reward,Same,Previsited,Previsited,Previsited,Previsited,Previsited,Previsited,Previsited,Previsited,Previsited,Previsited,Reward,,,,,,,,,,,,,,,,,,,,,,,,,,,,,,,,,Three,,,,,,,,,,,,,,,,,,,,,,,,,,,,,,,,Summer,,,,
OdorControl,OdorControl_Outdoors,2022-08-24,ColonyOutdoorsBee13,1,,S0,S0,L2,L2,R2,S0,L2,L3,L3,L1,S0,L1,R1,R3,R3,L1,S0,O4,L3,L3,L3,R3,O4,L1,L1,L1,L1,L1,,,,,,,,,,,,,,,,,,,,,,,,,,,,,,,,,Four,,,,,,,,,,,,,,,,,,,,,,,,,,,,,,,,Summer,,,,
OdorControl,OdorControl_Outdoors,2022-08-24,ColonyOutdoorsBee13,2,4,4,1,5,2,3,4,5,7,8,1,2,3,2,8,1,6,,,,,,,,,,,,,,,,,,,,,,,,,,,,,,,,,,,,,,,,,,,,8,One,17,1,8,8,8,1,0,1,1,3,1,1,9,2,3,0.5625,0.125,0.1875,0.0625,0.0625,2,4,9,5,14,0.3076923077,0.3571428571,-0.142857143,0.1428571429,,,Summer,,,,
OdorControl,OdorControl_Outdoors,2022-08-24,ColonyOutdoorsBee13,2,4.344943,4.442544,11.389235,10.541937,12.484516,12.138732,12.153801,10.407224,11.787567,12.324215,12.463436,11.167109,11.079717,12.485422,12.485422,11.045163,10.626745,,,,,,,,,,,,,,,,,,,,,,,,,,,,,,,,,,,,,,,,,,,,,Two,,,,,,,,,,,,,,,,,,,,,,,,,,,,,,2,15,Summer,,,,
OdorControl,OdorControl_Outdoors,2022-08-24,ColonyOutdoorsBee13,2,Reward,Same,Reward,Reward,Reward,Reward,Previsited,Previsited,Reward,Reward,Previsited,Previsited,Previsited,Previsited,Previsited,Previsited,Reward,,,,,,,,,,,,,,,,,,,,,,,,,,,,,,,,,,,,,,,,,,,,,Three,,,,,,,,,,,,,,,,,,,,,,,,,,,,,,,,Summer,,,,
OdorControl,OdorControl_Outdoors,2022-08-24,ColonyOutdoorsBee13,2,,S0,R3,O4,R3,L1,L1,L1,L2,L1,L1,L1,L1,R1,R2,L1,R3,,,,,,,,,,,,,,,,,,,,,,,,,,,,,,,,,,,,,,,,,,,,,Four,,,,,,,,,,,,,,,,,,,,,,,,,,,,,,,,Summer,,,,
OdorControl,OdorControl_Outdoors,2022-08-24,ColonyOutdoorsBee13,3,7,8,2,4,4,5,6,1,2,4,7,8,1,2,4,5,6,7,8,4,5,7,2,3,,,,,,,,,,,,,,,,,,,,,,,,,,,,,,,,,,,,,8,One,24,1,8,15,13,5,3,0,0,0,1,1,13,5,3,0.5652173913,0.2173913043,0.1304347826,0.0434782609,0.0434782609,5,0,21,0,21,0,0,-0.5,0.5,,,Summer,,,,
OdorControl,OdorControl_Outdoors,2022-08-24,ColonyOutdoorsBee13,3,12.371952,11.032449,10.709552,10.763292,4.921488,11.63328,12.489168,10.496519,10.449691,8.900454,12.494411,10.852909,11.122386,11.081828,10.646482,11.046152,5.410032,5.810429,10.687761,12.044635,12.481018,11.388003,11.946552,10.903137,,,,,,,,,,,,,,,,,,,,,,,,,,,,,,,,,,,,,,Two,,,,,,,,,,,,,,,,,,,,,,,,,,,,,,4,20,Summer,,,,
OdorControl,OdorControl_Outdoors,2022-08-24,ColonyOutdoorsBee13,3,Reward,Reward,Reward,Reward,Same,Reward,Reward,Reward,Previsited,Previsited,Previsited,Previsited,Previsited,Previsited,Previsited,Previsited,Previsited,Previsited,Previsited,Previsited,Previsited,Previsited,Previsited,Reward,,,,,,,,,,,,,,,,,,,,,,,,,,,,,,,,,,,,,,Three,,,,,,,,,,,,,,,,,,,,,,,,,,,,,,,,Summer,,,,
OdorControl,OdorControl_Outdoors,2022-08-24,ColonyOutdoorsBee13,3,,L1,L2,L2,S0,L1,L1,L3,L1,L2,L3,L1,L1,L1,L2,L1,L1,L1,L1,O4,L1,L2,L3,L1,,,,,,,,,,,,,,,,,,,,,,,,,,,,,,,,,,,,,,Four,,,,,,,,,,,,,,,,,,,,,,,,,,,,,,,,Summer,,,,
OdorControl,OdorControl_Outdoors,2022-08-24,ColonyOutdoorsBee13,4,1,2,3,4,6,3,5,6,7,2,3,6,4,2,5,6,8,,,,,,,,,,,,,,,,,,,,,,,,,,,,,,,,,,,,,,,,,,,,8,One,17,0,8,9,7,3,3,0,2,1,0,0,7,5,4,0.4375,0.3125,0.25,0,0,6,4,13,3,16,0.2666666667,0.1875,-0.3125,0.3125,,,Summer,,,,
OdorControl,OdorControl_Outdoors,2022-08-24,ColonyOutdoorsBee13,4,12.419379,11.961032,12.272783,10.62856,10.876412,9.70095,12.121859,8.870421,10.863016,10.706803,8.901242,10.865367,10.359691,11.059132,10.757369,7.72177,10.853322,,,,,,,,,,,,,,,,,,,,,,,,,,,,,,,,,,,,,,,,,,,,,Two,,,,,,,,,,,,,,,,,,,,,,,,,,,,,,3,14,Summer,,,,
OdorControl,OdorControl_Outdoors,2022-08-24,ColonyOutdoorsBee13,4,Reward,Reward,Reward,Reward,Reward,Previsited,Reward,Previsited,Reward,Previsited,Previsited,Previsited,Previsited,Previsited,Previsited,Previsited,Reward,,,,,,,,,,,,,,,,,,,,,,,,,,,,,,,,,,,,,,,,,,,,,Three,,,,,,,,,,,,,,,,,,,,,,,,,,,,,,,,Summer,,,,
OdorControl,OdorControl_Outdoors,2022-08-24,ColonyOutdoorsBee13,4,,L1,L1,L1,L2,R3,L2,L1,L1,L3,L1,L3,R2,R2,L3,L1,L2,,,,,,,,,,,,,,,,,,,,,,,,,,,,,,,,,,,,,,,,,,,,,Four,,,,,,,,,,,,,,,,,,,,,,,,,,,,,,,,Summer,,,,
OdorControl,OdorControl_Outdoors,2022-08-24,ColonyOutdoorsBee13,5,8,8,6,7,8,3,3,6,8,2,3,4,6,7,2,3,4,1,2,3,4,6,2,8,3,6,2,5,,,,,,,,,,,,,,,,,,,,,,,,,,,,,,,,,8,One,28,2,8,18,10,4,6,0,2,1,2,2,10,6,7,0.3703703704,0.2222222222,0.2592592593,0.0740740741,0.0740740741,2,5,20,3,23,0.2272727273,0.1304347826,-0.369565217,0.3695652174,,,Summer,,,,
OdorControl,OdorControl_Outdoors,2022-08-24,ColonyOutdoorsBee13,5,6.523385,4.445395,11.221663,11.822754,11.25474,11.154044,10.54898,9.367287,10.754578,10.75909,10.471382,12.014934,11.802804,10.848364,12.006057,10.405557,12.103658,11.897027,12.110822,10.665853,11.156194,10.130232,10.571702,12.489995,10.273989,12.263345,10.665488,10.592296,,,,,,,,,,,,,,,,,,,,,,,,,,,,,,,,,,Two,,,,,,,,,,,,,,,,,,,,,,,,,,,,,,2,26,Summer,,,,
OdorControl,OdorControl_Outdoors,2022-08-24,ColonyOutdoorsBee13,5,Reward,Same,Reward,Reward,Previsited,Reward,Same,Previsited,Previsited,Reward,Previsited,Reward,Previsited,Previsited,Previsited,Previsited,Previsited,Reward,Previsited,Previsited,Previsited,Previsited,Previsited,Previsited,Previsited,Previsited,Previsited,Reward,,,,,,,,,,,,,,,,,,,,,,,,,,,,,,,,,,Three,,,,,,,,,,,,,,,,,,,,,,,,,,,,,,,,Summer,,,,
OdorControl,OdorControl_Outdoors,2022-08-24,ColonyOutdoorsBee13,5,,S0,R2,L1,L1,L3,S0,L3,L2,L2,L1,L1,L2,L1,L3,L1,L1,R3,L1,L1,L1,L2,O4,R2,L3,L3,O4,L3,,,,,,,,,,,,,,,,,,,,,,,,,,,,,,,,,,Four,,,,,,,,,,,,,,,,,,,,,,,,,,,,,,,,Summer,,,,
OdorControl,OdorControl_Outdoors,2022-08-24,ColonyOutdoorsBee13,6,5,6,3,8,1,1,4,5,1,7,8,6,1,5,8,2,5,8,4,8,6,,,,,,,,,,,,,,,,,,,,,,,,,,,,,,,,,,,,,,,,8,One,21,1,8,12,4,1,5,0,3,2,4,1,4,4,7,0.2,0.2,0.35,0.2,0.05,6,7,10,5,15,0.5,0.3333333333,-0.166666667,0.1666666667,,,Summer,,,,
OdorControl,OdorControl_Outdoors,2022-08-24,ColonyOutdoorsBee13,6,11.436903,10.466466,10.668338,12.221311,12.360918,11.693179,10.820135,11.00572,9.090601,11.150287,11.043028,11.155425,10.784714,10.817631,12.422031,11.255831,8.932655,11.294936,11.508433,10.562552,10.802502,,,,,,,,,,,,,,,,,,,,,,,,,,,,,,,,,,,,,,,,,Two,,,,,,,,,,,,,,,,,,,,,,,,,,,,,,1,20,Summer,,,,
OdorControl,OdorControl_Outdoors,2022-08-24,ColonyOutdoorsBee13,6,Reward,Reward,Reward,Reward,Reward,Same,Reward,Previsited,Previsited,Reward,Previsited,Previsited,Previsited,Previsited,Previsited,Reward,Previsited,Previsited,Previsited,Previsited,Previsited,,,,,,,,,,,,,,,,,,,,,,,,,,,,,,,,,,,,,,,,,Three,,,,,,,,,,,,,,,,,,,,,,,,,,,,,,,,Summer,,,,
OdorControl,OdorControl_Outdoors,2022-08-24,ColonyOutdoorsBee13,6,,L1,R3,R3,L1,S0,L3,L1,O4,R2,L1,R2,L3,O4,L3,L2,L3,L3,O4,O4,R2,,,,,,,,,,,,,,,,,,,,,,,,,,,,,,,,,,,,,,,,,Four,,,,,,,,,,,,,,,,,,,,,,,,,,,,,,,,Summer,,,,
OdorControl,OdorControl_Outdoors,2022-08-24,ColonyOutdoorsBee13,7,6,3,8,4,2,5,8,2,3,4,6,1,1,4,7,,,,,,,,,,,,,,,,,,,,,,,,,,,,,,,,,,,,,,,,,,,,,,8,One,15,1,8,6,2,2,5,0,1,2,1,1,2,3,7,0.1428571429,0.2142857143,0.5,0.0714285714,0.0714285714,7,1,9,3,12,0.0909090909,0.25,-0.25,0.25,,,Summer,,,,
OdorControl,OdorControl_Outdoors,2022-08-24,ColonyOutdoorsBee13,7,11.072396,10.829589,11.083094,10.7123,10.972053,11.162639,8.789914,11.375809,12.439625,12.127855,10.485074,11.439391,11.113286,10.158229,10.909571,,,,,,,,,,,,,,,,,,,,,,,,,,,,,,,,,,,,,,,,,,,,,,,Two,,,,,,,,,,,,,,,,,,,,,,,,,,,,,,1,14,Summer,,,,
OdorControl,OdorControl_Outdoors,2022-08-24,ColonyOutdoorsBee13,7,Reward,Reward,Reward,Reward,Reward,Reward,Previsited,Previsited,Previsited,Previsited,Previsited,Reward,Same,Previsited,Reward,,,,,,,,,,,,,,,,,,,,,,,,,,,,,,,,,,,,,,,,,,,,,,,Three,,,,,,,,,,,,,,,,,,,,,,,,,,,,,,,,Summer,,,,
OdorControl,OdorControl_Outdoors,2022-08-24,ColonyOutdoorsBee13,7,,R3,R3,O4,R2,L3,L3,L2,L1,L1,L2,L3,S0,L3,L3,,,,,,,,,,,,,,,,,,,,,,,,,,,,,,,,,,,,,,,,,,,,,,,Four,,,,,,,,,,,,,,,,,,,,,,,,,,,,,,,,Summer,,,,
OdorControl,OdorControl_Outdoors,2022-08-24,ColonyOutdoorsBee13,8,7,1,4,2,3,2,6,7,1,3,4,5,2,3,5,8,,,,,,,,,,,,,,,,,,,,,,,,,,,,,,,,,,,,,,,,,,,,,8,One,16,0,8,8,5,4,2,1,1,1,1,0,6,5,3,0.4,0.3333333333,0.2,0.0666666667,0,6,6,11,3,14,0.4615384615,0.2142857143,-0.285714286,0.2857142857,,,Summer,New,,,
OdorControl,OdorControl_Outdoors,2022-08-24,ColonyOutdoorsBee13,8,11.044669,11.957495,12.068644,11.182267,10.919072,11.647079,10.777771,10.910625,9.245975,11.550125,12.339326,11.983549,12.21753,10.925425,12.174777,11.309457,,,,,,,,,,,,,,,,,,,,,,,,,,,,,,,,,,,,,,,,,,,,,,Two,,,,,,,,,,,,,,,,,,,,,,,,,,,,,,0,16,Summer,New,,,
OdorControl,OdorControl_Outdoors,2022-08-24,ColonyOutdoorsBee13,8,Reward,Reward,Reward,Reward,Reward,Previsited,Reward,Previsited,Previsited,Previsited,Previsited,Reward,Previsited,Previsited,Previsited,Reward,,,,,,,,,,,,,,,,,,,,,,,,,,,,,,,,,,,,,,,,,,,,,,Three,,,,,,,,,,,,,,,,,,,,,,,,,,,,,,,,Summer,New,,,
OdorControl,OdorControl_Outdoors,2022-08-24,ColonyOutdoorsBee13,8,,L2,L3,R2,L1,R1,O4,L1,L2,L2,L1,L1,R3,L1,L2,L3,,,,,,,,,,,,,,,,,,,,,,,,,,,,,,,,,,,,,,,,,,,,,,Four,,,,,,,,,,,,,,,,,,,,,,,,,,,,,,,,Summer,New,,,
OdorControl,OdorControl_Outdoors,2022-08-24,ColonyOutdoorsBee13,9,6,7,7,8,1,2,3,4,5,,,,,,,,,,,,,,,,,,,,,,,,,,,,,,,,,,,,,,,,,,,,,,,,,,,,8,One,9,1,8,0,7,0,0,0,0,0,0,1,7,0,0,0.875,0,0,0,0.125,3,0,7,0,7,0,0,-0.5,0.5,,,Summer,Used,,,
OdorControl,OdorControl_Outdoors,2022-08-24,ColonyOutdoorsBee13,9,11.616328,12.302195,12.074457,10.687105,10.773049,11.013705,11.074614,12.458305,10.518187,,,,,,,,,,,,,,,,,,,,,,,,,,,,,,,,,,,,,,,,,,,,,,,,,,,,,Two,,,,,,,,,,,,,,,,,,,,,,,,,,,,,,0,9,Summer,Used,,,
OdorControl,OdorControl_Outdoors,2022-08-24,ColonyOutdoorsBee13,9,Reward,Reward,Same,Reward,Reward,Reward,Reward,Reward,Reward,,,,,,,,,,,,,,,,,,,,,,,,,,,,,,,,,,,,,,,,,,,,,,,,,,,,,Three,,,,,,,,,,,,,,,,,,,,,,,,,,,,,,,,Summer,Used,,,
OdorControl,OdorControl_Outdoors,2022-08-24,ColonyOutdoorsBee13,9,,L1,S0,L1,L1,L1,L1,L1,L1,,,,,,,,,,,,,,,,,,,,,,,,,,,,,,,,,,,,,,,,,,,,,,,,,,,,,Four,,,,,,,,,,,,,,,,,,,,,,,,,,,,,,,,Summer,Used,,,
OdorControl,OdorControl_Outdoors,2022-08-25,ColonyOutdoorsBee14,1,8,8,8,4,3,4,7,4,7,8,1,8,1,6,4,4,7,8,3,4,1,5,7,8,1,5,1,3,6,3,4,6,8,8,4,6,8,7,6,5,6,5,4,6,1,1,2,,,,,,,,,,,,,,8,One,47,5,8,34,11,7,6,7,1,4,5,5,18,8,10,0.3913043478,0.1739130435,0.2173913043,0.1086956522,0.1086956522,2,15,24,12,36,0.4285714286,0.3333333333,-0.166666667,0.1666666667,,,Summer,,,,
OdorControl,OdorControl_Outdoors,2022-08-25,ColonyOutdoorsBee14,1,6.739867,4.762553,12.487607,12.17175,11.478159,11.649489,12.320687,10.648367,7.805129,6.493556,12.494864,12.22831,12.470941,12.498919,12.071357,12.242075,12.497859,12.488372,10.766389,10.998633,12.491509,12.352021,11.141472,12.382157,12.496096,11.063555,12.47327,12.016329,12.498607,10.709133,12.084752,12.491743,4.414418,12.452295,11.965269,12.498607,8.016738,10.638478,10.80077,12.013312,9.953336,10.923712,11.353443,11.41575,9.569452,12.49413,12.498108,,,,,,,,,,,,,,,Two,,,,,,,,,,,,,,,,,,,,,,,,,,,,,,6,41,Summer,,,,
OdorControl,OdorControl_Outdoors,2022-08-25,ColonyOutdoorsBee14,1,Reward,Same,Same,Reward,Reward,Previsited,Reward,Previsited,Previsited,Previsited,Reward,Previsited,Previsited,Reward,Previsited,Same,Previsited,Previsited,Previsited,Previsited,Previsited,Reward,Previsited,Previsited,Previsited,Previsited,Previsited,Previsited,Previsited,Previsited,Previsited,Previsited,Previsited,Same,Previsited,Previsited,Previsited,Previsited,Previsited,Previsited,Previsited,Previsited,Previsited,Previsited,Previsited,Same,Reward,,,,,,,,,,,,,,,Three,,,,,,,,,,,,,,,,,,,,,,,,,,,,,,,,Summer,,,,
OdorControl,OdorControl_Outdoors,2022-08-25,ColonyOutdoorsBee14,1,,S0,S0,O4,R1,L1,L3,R3,L3,L1,L1,R1,L1,R3,R2,S0,L3,L1,L3,L1,R3,O4,L2,L1,L1,O4,O4,L2,L3,R3,L1,L2,L2,S0,O4,L2,L2,R1,R1,R1,L1,R1,R1,L2,L3,S0,L1,,,,,,,,,,,,,,,Four,,,,,,,,,,,,,,,,,,,,,,,,,,,,,,,,Summer,,,,
OdorControl,OdorControl_Outdoors,2022-08-25,ColonyOutdoorsBee14,2,5,7,4,6,2,1,8,4,3,,,,,,,,,,,,,,,,,,,,,,,,,,,,,,,,,,,,,,,,,,,,,,,,,,,,8,One,9,0,8,1,0,2,0,3,0,1,2,0,3,2,1,0.375,0.25,0.125,0.25,0,8,3,2,4,6,0.6,0.6666666667,0.1666666667,0.1666666667,,,Summer,,,,
OdorControl,OdorControl_Outdoors,2022-08-25,ColonyOutdoorsBee14,2,11.070266,11.017226,12.497359,12.208592,10.980044,10.900365,10.630798,10.92762,10.716757,,,,,,,,,,,,,,,,,,,,,,,,,,,,,,,,,,,,,,,,,,,,,,,,,,,,,Two,,,,,,,,,,,,,,,,,,,,,,,,,,,,,,0,9,Summer,,,,
OdorControl,OdorControl_Outdoors,2022-08-25,ColonyOutdoorsBee14,2,Reward,Reward,Reward,Reward,Reward,Reward,Reward,Previsited,Reward,,,,,,,,,,,,,,,,,,,,,,,,,,,,,,,,,,,,,,,,,,,,,,,,,,,,,Three,,,,,,,,,,,,,,,,,,,,,,,,,,,,,,,,Summer,,,,
OdorControl,OdorControl_Outdoors,2022-08-25,ColonyOutdoorsBee14,2,,L2,R3,L2,O4,R1,R1,O4,R1,,,,,,,,,,,,,,,,,,,,,,,,,,,,,,,,,,,,,,,,,,,,,,,,,,,,,Four,,,,,,,,,,,,,,,,,,,,,,,,,,,,,,,,Summer,,,,
OdorControl,OdorControl_Outdoors,2022-08-25,ColonyOutdoorsBee14,3,7,6,5,1,5,1,2,7,6,3,8,7,2,8,7,2,3,1,4,,,,,,,,,,,,,,,,,,,,,,,,,,,,,,,,,,,,,,,,,,8,One,19,0,8,11,2,0,3,5,2,3,3,0,7,2,6,0.3888888889,0.1111111111,0.3333333333,0.1666666667,0,5,7,5,10,15,0.5,0.6666666667,0.1666666667,0.1666666667,,,Summer,,,,
OdorControl,OdorControl_Outdoors,2022-08-25,ColonyOutdoorsBee14,3,6.32473,12.495612,10.903512,11.017669,10.72861,11.060189,12.431427,10.706366,12.49491,10.955073,10.692922,12.4855,10.9629,11.009032,12.218168,10.583422,12.494224,12.491681,11.767955,,,,,,,,,,,,,,,,,,,,,,,,,,,,,,,,,,,,,,,,,,,Two,,,,,,,,,,,,,,,,,,,,,,,,,,,,,,1,18,Summer,,,,
OdorControl,OdorControl_Outdoors,2022-08-25,ColonyOutdoorsBee14,3,Reward,Reward,Reward,Reward,Previsited,Previsited,Reward,Previsited,Previsited,Reward,Reward,Previsited,Previsited,Previsited,Previsited,Previsited,Previsited,Previsited,Reward,,,,,,,,,,,,,,,,,,,,,,,,,,,,,,,,,,,,,,,,,,,Three,,,,,,,,,,,,,,,,,,,,,,,,,,,,,,,,Summer,,,,
OdorControl,OdorControl_Outdoors,2022-08-25,ColonyOutdoorsBee14,3,,R1,R1,O4,O4,O4,L1,R3,R1,R3,R3,R1,L3,R2,R1,L3,L1,R2,L3,,,,,,,,,,,,,,,,,,,,,,,,,,,,,,,,,,,,,,,,,,,Four,,,,,,,,,,,,,,,,,,,,,,,,,,,,,,,,Summer,,,,
OdorControl,OdorControl_Outdoors,2022-08-25,ColonyOutdoorsBee14,4,6,7,6,5,8,3,6,5,3,2,8,6,4,2,7,6,7,4,8,3,7,8,8,1,,,,,,,,,,,,,,,,,,,,,,,,,,,,,,,,,,,,,8,One,24,1,8,15,4,0,4,5,5,2,2,1,9,5,6,0.3913043478,0.2173913043,0.2608695652,0.0869565217,0.0434782609,3,6,8,12,20,0.3157894737,0.6,0.1,0.1,,,Summer,,,,
OdorControl,OdorControl_Outdoors,2022-08-25,ColonyOutdoorsBee14,4,12.25697,10.910625,12.448836,12.148138,11.095873,12.340795,8.439558,10.62269,10.490426,12.315165,12.480503,10.449374,11.35401,12.23725,10.746908,12.459119,12.461731,12.084123,12.048373,11.987355,7.234734,4.583479,4.378015,11.622082,,,,,,,,,,,,,,,,,,,,,,,,,,,,,,,,,,,,,,Two,,,,,,,,,,,,,,,,,,,,,,,,,,,,,,4,20,Summer,,,,
OdorControl,OdorControl_Outdoors,2022-08-25,ColonyOutdoorsBee14,4,Reward,Reward,Previsited,Reward,Reward,Reward,Previsited,Previsited,Previsited,Reward,Previsited,Previsited,Reward,Previsited,Previsited,Previsited,Previsited,Previsited,Previsited,Previsited,Previsited,Previsited,Same,Reward,,,,,,,,,,,,,,,,,,,,,,,,,,,,,,,,,,,,,,Three,,,,,,,,,,,,,,,,,,,,,,,,,,,,,,,,Summer,,,,
OdorControl,OdorControl_Outdoors,2022-08-25,ColonyOutdoorsBee14,4,,L1,R1,R1,L3,L3,L3,R1,R2,R1,R2,R2,R2,R2,R3,R1,L1,R3,O4,L3,O4,L1,S0,L1,,,,,,,,,,,,,,,,,,,,,,,,,,,,,,,,,,,,,,Four,,,,,,,,,,,,,,,,,,,,,,,,,,,,,,,,Summer,,,,
OdorControl,OdorControl_Outdoors,2022-08-25,ColonyOutdoorsBee14,5,5,2,7,4,3,8,2,7,3,2,8,6,2,5,8,7,4,3,4,8,2,6,5,4,8,1,,,,,,,,,,,,,,,,,,,,,,,,,,,,,,,,,,,8,One,26,0,8,18,2,2,2,6,2,6,5,0,8,4,8,0.32,0.16,0.32,0.2,0,7,7,6,14,20,0.3684210526,0.7,0.2,0.2,,,Summer,,,,
OdorControl,OdorControl_Outdoors,2022-08-25,ColonyOutdoorsBee14,5,10.619056,12.304001,5.127072,12.083865,10.681851,11.015528,10.682654,10.981163,10.339294,12.133961,12.483501,10.983772,10.717121,12.216445,10.630926,12.469002,12.286832,12.17713,12.044635,11.123175,12.168611,12.497921,8.965915,10.5441,12.208001,11.075353,,,,,,,,,,,,,,,,,,,,,,,,,,,,,,,,,,,,Two,,,,,,,,,,,,,,,,,,,,,,,,,,,,,,2,24,Summer,,,,
OdorControl,OdorControl_Outdoors,2022-08-25,ColonyOutdoorsBee14,5,Reward,Reward,Reward,Reward,Reward,Reward,Previsited,Previsited,Previsited,Previsited,Previsited,Reward,Previsited,Previsited,Previsited,Previsited,Previsited,Previsited,Previsited,Previsited,Previsited,Previsited,Previsited,Previsited,Previsited,Reward,,,,,,,,,,,,,,,,,,,,,,,,,,,,,,,,,,,,Three,,,,,,,,,,,,,,,,,,,,,,,,,,,,,,,,Summer,,,,
OdorControl,OdorControl_Outdoors,2022-08-25,ColonyOutdoorsBee14,5,,R3,R3,R3,R1,R3,L2,R3,O4,R1,R2,R2,O4,L3,L3,R1,R3,R1,L1,O4,L2,O4,R1,R1,O4,L1,,,,,,,,,,,,,,,,,,,,,,,,,,,,,,,,,,,,Four,,,,,,,,,,,,,,,,,,,,,,,,,,,,,,,,Summer,,,,
OdorControl,OdorControl_Outdoors,2022-08-25,ColonyOutdoorsBee14,6,3,1,2,1,4,5,2,6,5,6,3,2,3,7,7,6,5,4,1,6,7,8,,,,,,,,,,,,,,,,,,,,,,,,,,,,,,,,,,,,,,,8,One,22,1,8,13,6,0,1,6,1,4,2,1,12,1,5,0.5714285714,0.0476190476,0.2380952381,0.0952380952,0.0476190476,4,9,7,11,18,0.5294117647,0.6111111111,0.1111111111,0.1111111111,,,Summer,,,,
OdorControl,OdorControl_Outdoors,2022-08-25,ColonyOutdoorsBee14,6,12.186043,12.482127,11.105075,12.494411,12.231116,12.335092,12.440847,12.019363,10.822819,12.242696,12.340795,10.926353,12.398455,12.190249,12.495987,10.248401,12.203274,10.355777,12.499621,10.505058,11.566821,11.57814,,,,,,,,,,,,,,,,,,,,,,,,,,,,,,,,,,,,,,,,Two,,,,,,,,,,,,,,,,,,,,,,,,,,,,,,0,22,Summer,,,,
OdorControl,OdorControl_Outdoors,2022-08-25,ColonyOutdoorsBee14,6,Reward,Reward,Reward,Previsited,Reward,Reward,Previsited,Reward,Previsited,Previsited,Previsited,Previsited,Previsited,Reward,Same,Previsited,Previsited,Previsited,Previsited,Previsited,Previsited,Reward,,,,,,,,,,,,,,,,,,,,,,,,,,,,,,,,,,,,,,,,Three,,,,,,,,,,,,,,,,,,,,,,,,,,,,,,,,Summer,,,,
OdorControl,OdorControl_Outdoors,2022-08-25,ColonyOutdoorsBee14,6,,R2,L1,R1,L3,L1,R3,O4,R1,L1,R3,R1,L1,O4,S0,R1,R1,R1,R3,R3,L1,L1,,,,,,,,,,,,,,,,,,,,,,,,,,,,,,,,,,,,,,,,Four,,,,,,,,,,,,,,,,,,,,,,,,,,,,,,,,Summer,,,,
OdorControl,OdorControl_Outdoors,2022-08-25,ColonyOutdoorsBee14,7,8,3,8,3,7,5,4,4,3,4,3,1,3,2,1,5,6,,,,,,,,,,,,,,,,,,,,,,,,,,,,,,,,,,,,,,,,,,,,8,One,17,1,8,8,2,1,2,5,2,1,2,1,7,3,3,0.4375,0.1875,0.1875,0.125,0.0625,3,8,5,8,13,0.6666666667,0.6153846154,0.1153846154,0.1153846154,,,Summer,,,,
OdorControl,OdorControl_Outdoors,2022-08-25,ColonyOutdoorsBee14,7,5.811502,10.508898,11.052097,10.065042,11.033916,11.311112,11.752855,12.018276,10.44499,11.981874,12.349259,12.498607,10.201561,11.461726,12.492913,11.965138,11.543863,,,,,,,,,,,,,,,,,,,,,,,,,,,,,,,,,,,,,,,,,,,,,Two,,,,,,,,,,,,,,,,,,,,,,,,,,,,,,1,16,Summer,,,,
OdorControl,OdorControl_Outdoors,2022-08-25,ColonyOutdoorsBee14,7,Reward,Reward,Previsited,Previsited,Reward,Reward,Reward,Same,Previsited,Previsited,Previsited,Reward,Previsited,Reward,Previsited,Previsited,Reward,,,,,,,,,,,,,,,,,,,,,,,,,,,,,,,,,,,,,,,,,,,,,Three,,,,,,,,,,,,,,,,,,,,,,,,,,,,,,,,Summer,,,,
OdorControl,OdorControl_Outdoors,2022-08-25,ColonyOutdoorsBee14,7,,L3,R3,L3,O4,R2,R1,S0,R1,L1,R1,R2,L2,R1,R1,O4,L1,,,,,,,,,,,,,,,,,,,,,,,,,,,,,,,,,,,,,,,,,,,,,Four,,,,,,,,,,,,,,,,,,,,,,,,,,,,,,,,Summer,,,,
OdorControl,OdorControl_Outdoors,2022-08-25,ColonyOutdoorsBee14,8,6,3,2,3,6,1,8,7,6,5,6,4,,,,,,,,,,,,,,,,,,,,,,,,,,,,,,,,,,,,,,,,,,,,,,,,,8,One,12,0,8,4,2,0,2,5,1,1,0,0,7,1,3,0.6363636364,0.0909090909,0.2727272727,0,0,4,4,4,7,11,0.4,0.6363636364,0.1363636364,0.1363636364,,,Summer,Used,,,
OdorControl,OdorControl_Outdoors,2022-08-25,ColonyOutdoorsBee14,8,11.104934,11.046734,12.296489,10.31589,11.321275,10.791724,12.277944,12.492633,10.899131,12.262105,5.831225,10.858206,,,,,,,,,,,,,,,,,,,,,,,,,,,,,,,,,,,,,,,,,,,,,,,,,,Two,,,,,,,,,,,,,,,,,,,,,,,,,,,,,,1,11,Summer,Used,,,
OdorControl,OdorControl_Outdoors,2022-08-25,ColonyOutdoorsBee14,8,Reward,Reward,Reward,Previsited,Previsited,Reward,Reward,Reward,Previsited,Reward,Previsited,Reward,,,,,,,,,,,,,,,,,,,,,,,,,,,,,,,,,,,,,,,,,,,,,,,,,,Three,,,,,,,,,,,,,,,,,,,,,,,,,,,,,,,,Summer,Used,,,
OdorControl,OdorControl_Outdoors,2022-08-25,ColonyOutdoorsBee14,8,,R3,R1,L1,L3,L3,R1,R1,R1,R1,L1,R2,,,,,,,,,,,,,,,,,,,,,,,,,,,,,,,,,,,,,,,,,,,,,,,,,,Four,,,,,,,,,,,,,,,,,,,,,,,,,,,,,,,,Summer,Used,,,
OdorControl,OdorControl_Outdoors,2022-08-25,ColonyOutdoorsBee14,9,3,7,6,5,4,8,1,6,7,8,5,3,4,5,2,,,,,,,,,,,,,,,,,,,,,,,,,,,,,,,,,,,,,,,,,,,,,,8,One,15,0,8,7,5,0,0,3,1,3,2,0,8,1,3,0.5714285714,0.0714285714,0.2142857143,0.1428571429,0,8,6,5,7,12,0.5454545455,0.5833333333,0.0833333333,0.0833333333,,,Summer,New,,,
OdorControl,OdorControl_Outdoors,2022-08-25,ColonyOutdoorsBee14,9,10.632246,11.212522,10.894355,12.132676,10.502312,11.289463,11.129131,12.498358,11.744078,12.486874,11.594594,12.268224,12.127325,12.090751,11.01128,,,,,,,,,,,,,,,,,,,,,,,,,,,,,,,,,,,,,,,,,,,,,,,Two,,,,,,,,,,,,,,,,,,,,,,,,,,,,,,0,15,Summer,New,,,
OdorControl,OdorControl_Outdoors,2022-08-25,ColonyOutdoorsBee14,9,Reward,Reward,Reward,Reward,Reward,Reward,Reward,Previsited,Previsited,Previsited,Previsited,Previsited,Previsited,Previsited,Reward,,,,,,,,,,,,,,,,,,,,,,,,,,,,,,,,,,,,,,,,,,,,,,,Three,,,,,,,,,,,,,,,,,,,,,,,,,,,,,,,,Summer,New,,,
OdorControl,OdorControl_Outdoors,2022-08-25,ColonyOutdoorsBee14,9,,O4,R1,R1,R1,O4,L1,R3,L1,L1,R3,R2,L1,L1,R3,,,,,,,,,,,,,,,,,,,,,,,,,,,,,,,,,,,,,,,,,,,,,,,Four,,,,,,,,,,,,,,,,,,,,,,,,,,,,,,,,Summer,New,,,
OdorControl,OdorControl_Outdoors,2022-08-25,ColonyOutdoorsBee15,1,7,6,5,1,7,8,8,7,5,4,1,7,6,3,5,1,2,,,,,,,,,,,,,,,,,,,,,,,,,,,,,,,,,,,,,,,,,,,,8,One,17,1,8,8,2,1,0,5,3,2,2,1,7,4,2,0.4375,0.25,0.125,0.125,0.0625,5,3,3,10,13,0.25,0.7692307692,0.2692307692,0.2692307692,,,Summer,,,,
OdorControl,OdorControl_Outdoors,2022-08-25,ColonyOutdoorsBee15,1,12.492913,11.058198,11.574149,10.93379,10.740068,12.410335,11.111392,10.716757,11.253891,10.935198,11.04241,10.637543,12.024746,11.418293,10.756481,12.48614,11.077447,,,,,,,,,,,,,,,,,,,,,,,,,,,,,,,,,,,,,,,,,,,,,Two,,,,,,,,,,,,,,,,,,,,,,,,,,,,,,0,17,Summer,,,,
OdorControl,OdorControl_Outdoors,2022-08-25,ColonyOutdoorsBee15,1,Reward,Reward,Reward,Reward,Previsited,Reward,Same,Previsited,Previsited,Reward,Previsited,Previsited,Previsited,Reward,Previsited,Previsited,Reward,,,,,,,,,,,,,,,,,,,,,,,,,,,,,,,,,,,,,,,,,,,,,Three,,,,,,,,,,,,,,,,,,,,,,,,,,,,,,,,Summer,,,,
OdorControl,OdorControl_Outdoors,2022-08-25,ColonyOutdoorsBee15,1,,R1,R1,O4,R2,L1,S0,R1,R2,R1,R3,R2,R1,R3,L2,O4,L1,,,,,,,,,,,,,,,,,,,,,,,,,,,,,,,,,,,,,,,,,,,,,Four,,,,,,,,,,,,,,,,,,,,,,,,,,,,,,,,Summer,,,,
OdorControl,OdorControl_Outdoors,2022-08-25,ColonyOutdoorsBee15,2,8,7,5,8,5,8,3,4,3,2,7,6,5,4,3,2,8,7,8,1,,,,,,,,,,,,,,,,,,,,,,,,,,,,,,,,,,,,,,,,,8,One,20,0,8,12,3,0,3,9,2,2,0,0,12,2,5,0.6315789474,0.1052631579,0.2631578947,0,0,4,5,6,13,19,0.2777777778,0.6842105263,0.1842105263,0.1842105263,,,Summer,,,,
OdorControl,OdorControl_Outdoors,2022-08-25,ColonyOutdoorsBee15,2,11.304647,11.31299,10.93748,12.478019,12.367208,11.869288,11.578595,11.985143,10.611711,11.049186,10.953294,10.955643,12.428338,10.820135,11.480621,9.891612,9.35223,12.470269,11.362247,11.012077,,,,,,,,,,,,,,,,,,,,,,,,,,,,,,,,,,,,,,,,,,Two,,,,,,,,,,,,,,,,,,,,,,,,,,,,,,0,20,Summer,,,,
OdorControl,OdorControl_Outdoors,2022-08-25,ColonyOutdoorsBee15,2,Reward,Reward,Reward,Previsited,Previsited,Previsited,Reward,Reward,Previsited,Reward,Previsited,Reward,Previsited,Previsited,Previsited,Previsited,Previsited,Previsited,Previsited,Reward,,,,,,,,,,,,,,,,,,,,,,,,,,,,,,,,,,,,,,,,,,Three,,,,,,,,,,,,,,,,,,,,,,,,,,,,,,,,Summer,,,,
OdorControl,OdorControl_Outdoors,2022-08-25,ColonyOutdoorsBee15,2,,R1,R2,L3,R3,L3,L3,L1,R1,R1,R3,R1,R1,R1,R1,R1,R2,R1,L1,L1,,,,,,,,,,,,,,,,,,,,,,,,,,,,,,,,,,,,,,,,,,Four,,,,,,,,,,,,,,,,,,,,,,,,,,,,,,,,Summer,,,,
OdorControl,OdorControl_Outdoors,2022-08-25,ColonyOutdoorsBee15,3,8,8,8,7,6,5,2,1,1,8,5,2,3,2,3,6,5,7,1,6,5,4,,,,,,,,,,,,,,,,,,,,,,,,,,,,,,,,,,,,,,,8,One,22,3,8,11,2,2,1,9,0,4,0,3,11,2,5,0.5238095238,0.0952380952,0.2380952381,0,0.1428571429,2,6,5,13,18,0.3529411765,0.7222222222,0.2222222222,0.2222222222,,,Summer,,,,
OdorControl,OdorControl_Outdoors,2022-08-25,ColonyOutdoorsBee15,3,11.532037,4.418434,4.496276,11.202191,10.688436,11.993061,11.027784,4.419361,4.398803,10.524338,10.289402,11.636681,10.56508,9.550367,10.000558,11.487954,10.232221,12.497859,11.344787,10.537388,12.03233,10.471829,,,,,,,,,,,,,,,,,,,,,,,,,,,,,,,,,,,,,,,,Two,,,,,,,,,,,,,,,,,,,,,,,,,,,,,,4,18,Summer,,,,
OdorControl,OdorControl_Outdoors,2022-08-25,ColonyOutdoorsBee15,3,Reward,Same,Same,Reward,Reward,Reward,Reward,Reward,Same,Previsited,Previsited,Previsited,Reward,Previsited,Previsited,Previsited,Previsited,Previsited,Previsited,Previsited,Previsited,Reward,,,,,,,,,,,,,,,,,,,,,,,,,,,,,,,,,,,,,,,,Three,,,,,,,,,,,,,,,,,,,,,,,,,,,,,,,,Summer,,,,
OdorControl,OdorControl_Outdoors,2022-08-25,ColonyOutdoorsBee15,3,,S0,S0,R1,R1,R1,R3,R1,S0,R1,R3,R3,L1,R1,L1,L3,R1,L2,L2,R3,R1,R1,,,,,,,,,,,,,,,,,,,,,,,,,,,,,,,,,,,,,,,,Four,,,,,,,,,,,,,,,,,,,,,,,,,,,,,,,,Summer,,,,
OdorControl,OdorControl_Outdoors,2022-08-25,ColonyOutdoorsBee15,4,8,1,3,4,5,6,4,2,6,7,,,,,,,,,,,,,,,,,,,,,,,,,,,,,,,,,,,,,,,,,,,,,,,,,,,8,One,10,0,8,2,5,1,0,0,2,0,1,0,5,3,0,0.5555555556,0.3333333333,0,0.1111111111,0,7,2,6,2,8,0.2857142857,0.25,-0.25,0.25,,,Summer,,,,
OdorControl,OdorControl_Outdoors,2022-08-25,ColonyOutdoorsBee15,4,11.576574,11.16758,11.448163,10.928333,12.470738,12.083543,10.48433,11.08517,9.798436,10.908945,,,,,,,,,,,,,,,,,,,,,,,,,,,,,,,,,,,,,,,,,,,,,,,,,,,,Two,,,,,,,,,,,,,,,,,,,,,,,,,,,,,,0,10,Summer,,,,
OdorControl,OdorControl_Outdoors,2022-08-25,ColonyOutdoorsBee15,4,Reward,Reward,Reward,Reward,Reward,Reward,Previsited,Reward,Previsited,Reward,,,,,,,,,,,,,,,,,,,,,,,,,,,,,,,,,,,,,,,,,,,,,,,,,,,,Three,,,,,,,,,,,,,,,,,,,,,,,,,,,,,,,,Summer,,,,
OdorControl,OdorControl_Outdoors,2022-08-25,ColonyOutdoorsBee15,4,,L1,L2,L1,L1,L1,R2,R2,O4,L1,,,,,,,,,,,,,,,,,,,,,,,,,,,,,,,,,,,,,,,,,,,,,,,,,,,,Four,,,,,,,,,,,,,,,,,,,,,,,,,,,,,,,,Summer,,,,
OdorControl,OdorControl_Outdoors,2022-08-25,ColonyOutdoorsBee15,5,3,3,4,2,6,1,7,6,5,6,4,5,7,6,5,4,5,6,4,8,,,,,,,,,,,,,,,,,,,,,,,,,,,,,,,,,,,,,,,,,8,One,20,1,8,11,5,1,1,5,4,0,2,1,10,5,1,0.5263157895,0.2631578947,0.0526315789,0.1052631579,0.0526315789,2,9,7,9,16,0.6,0.5625,0.0625,0.0625,,,Summer,,,,
OdorControl,OdorControl_Outdoors,2022-08-25,ColonyOutdoorsBee15,5,12.29002,12.430314,12.499356,10.763148,11.057228,12.207059,10.841947,10.501216,12.487998,11.554411,12.49842,12.345186,12.348217,9.992915,11.394728,12.423396,12.481643,11.772873,10.391948,10.822153,,,,,,,,,,,,,,,,,,,,,,,,,,,,,,,,,,,,,,,,,,Two,,,,,,,,,,,,,,,,,,,,,,,,,,,,,,0,20,Summer,,,,
OdorControl,OdorControl_Outdoors,2022-08-25,ColonyOutdoorsBee15,5,Reward,Same,Reward,Reward,Reward,Reward,Reward,Previsited,Reward,Previsited,Previsited,Previsited,Previsited,Previsited,Previsited,Previsited,Previsited,Previsited,Previsited,Reward,,,,,,,,,,,,,,,,,,,,,,,,,,,,,,,,,,,,,,,,,,Three,,,,,,,,,,,,,,,,,,,,,,,,,,,,,,,,Summer,,,,
OdorControl,OdorControl_Outdoors,2022-08-25,ColonyOutdoorsBee15,5,,S0,L1,R2,O4,L3,R2,R1,R1,L1,R2,L1,L2,R1,R1,R1,L1,L1,R2,O4,,,,,,,,,,,,,,,,,,,,,,,,,,,,,,,,,,,,,,,,,,Four,,,,,,,,,,,,,,,,,,,,,,,,,,,,,,,,Summer,,,,
OdorControl,OdorControl_Outdoors,2022-08-25,ColonyOutdoorsBee15,6,5,5,6,2,8,3,1,2,4,3,8,1,5,3,2,1,8,7,,,,,,,,,,,,,,,,,,,,,,,,,,,,,,,,,,,,,,,,,,,8,One,18,1,8,9,3,1,1,5,3,1,2,1,8,4,2,0.4705882353,0.2352941176,0.1176470588,0.1176470588,0.0588235294,2,7,5,9,14,0.5384615385,0.6428571429,0.1428571429,0.1428571429,,,Summer,,,,
OdorControl,OdorControl_Outdoors,2022-08-25,ColonyOutdoorsBee15,6,4.354443,10.556516,10.675425,11.131793,10.93379,10.86673,11.869305,10.529301,10.459909,11.428242,11.4323,12.230112,10.357057,11.820709,10.038456,12.477066,10.880444,11.435216,,,,,,,,,,,,,,,,,,,,,,,,,,,,,,,,,,,,,,,,,,,,Two,,,,,,,,,,,,,,,,,,,,,,,,,,,,,,1,17,Summer,,,,
OdorControl,OdorControl_Outdoors,2022-08-25,ColonyOutdoorsBee15,6,Reward,Same,Reward,Reward,Reward,Reward,Reward,Previsited,Reward,Previsited,Previsited,Previsited,Previsited,Previsited,Previsited,Previsited,Previsited,Reward,,,,,,,,,,,,,,,,,,,,,,,,,,,,,,,,,,,,,,,,,,,,Three,,,,,,,,,,,,,,,,,,,,,,,,,,,,,,,,Summer,,,,
OdorControl,OdorControl_Outdoors,2022-08-25,ColonyOutdoorsBee15,6,,S0,L1,O4,R2,L3,R2,L1,L2,R1,R3,L1,O4,R2,R1,R1,R1,R1,,,,,,,,,,,,,,,,,,,,,,,,,,,,,,,,,,,,,,,,,,,,Four,,,,,,,,,,,,,,,,,,,,,,,,,,,,,,,,Summer,,,,
OdorControl,OdorControl_Outdoors,2022-08-25,ColonyOutdoorsBee15,7,7,2,1,8,1,6,3,2,8,7,6,7,8,1,2,7,4,5,6,7,8,5,2,1,6,7,4,,,,,,,,,,,,,,,,,,,,,,,,,,,,,,,,,,8,One,27,0,8,19,10,0,1,6,1,8,0,0,16,1,9,0.6153846154,0.0384615385,0.3461538462,0,0,5,9,11,15,26,0.36,0.5769230769,0.0769230769,0.0769230769,,,Summer,,,,
OdorControl,OdorControl_Outdoors,2022-08-25,ColonyOutdoorsBee15,7,10.908945,11.050104,11.042357,11.04504,10.953294,10.529893,10.954557,11.704842,9.658742,12.307755,12.130989,12.09188,12.498747,11.789154,11.045587,12.406329,10.787804,11.546226,12.226541,11.336932,12.498919,10.792519,12.309133,12.288212,10.959147,11.932626,10.57467,,,,,,,,,,,,,,,,,,,,,,,,,,,,,,,,,,,Two,,,,,,,,,,,,,,,,,,,,,,,,,,,,,,0,27,Summer,,,,
OdorControl,OdorControl_Outdoors,2022-08-25,ColonyOutdoorsBee15,7,Reward,Reward,Reward,Reward,Previsited,Reward,Reward,Previsited,Previsited,Previsited,Previsited,Previsited,Previsited,Previsited,Previsited,Previsited,Reward,Reward,Previsited,Previsited,Previsited,Previsited,Previsited,Previsited,Previsited,Previsited,Previsited,,,,,,,,,,,,,,,,,,,,,,,,,,,,,,,,,,,Three,,,,,,,,,,,,,,,,,,,,,,,,,,,,,,,,Summer,,,,
OdorControl,OdorControl_Outdoors,2022-08-25,ColonyOutdoorsBee15,7,,L3,R1,R1,L1,R3,R3,R1,R2,R1,R1,L1,L1,L1,L1,R3,R3,L1,L1,L1,L1,R3,R3,R1,R3,L1,R3,,,,,,,,,,,,,,,,,,,,,,,,,,,,,,,,,,,Four,,,,,,,,,,,,,,,,,,,,,,,,,,,,,,,,Summer,,,,
OdorControl,OdorControl_Outdoors,2022-08-25,ColonyOutdoorsBee15,8,7,3,8,5,4,3,2,1,6,5,3,4,5,6,7,,,,,,,,,,,,,,,,,,,,,,,,,,,,,,,,,,,,,,,,,,,,,,8,One,15,0,8,7,4,0,0,5,1,3,1,0,9,1,3,0.6428571429,0.0714285714,0.2142857143,0.0714285714,0,6,1,4,9,13,0.0833333333,0.6923076923,0.1923076923,0.1923076923,,,Summer,New,,,
OdorControl,OdorControl_Outdoors,2022-08-25,ColonyOutdoorsBee15,8,4.876646,10.951461,11.361973,10.476295,11.035294,11.71508,12.160599,11.315626,10.648971,10.734186,10.728174,10.857075,12.025199,12.20321,11.240113,,,,,,,,,,,,,,,,,,,,,,,,,,,,,,,,,,,,,,,,,,,,,,,Two,,,,,,,,,,,,,,,,,,,,,,,,,,,,,,1,14,Summer,New,,,
OdorControl,OdorControl_Outdoors,2022-08-25,ColonyOutdoorsBee15,8,Reward,Reward,Reward,Reward,Reward,Previsited,Reward,Reward,Reward,Previsited,Previsited,Previsited,Previsited,Previsited,Previsited,,,,,,,,,,,,,,,,,,,,,,,,,,,,,,,,,,,,,,,,,,,,,,,Three,,,,,,,,,,,,,,,,,,,,,,,,,,,,,,,,Summer,New,,,
OdorControl,OdorControl_Outdoors,2022-08-25,ColonyOutdoorsBee15,8,,O4,R3,R3,R1,R1,R1,R1,R3,R1,R2,L1,L1,L1,L1,,,,,,,,,,,,,,,,,,,,,,,,,,,,,,,,,,,,,,,,,,,,,,,Four,,,,,,,,,,,,,,,,,,,,,,,,,,,,,,,,Summer,New,,,
OdorControl,OdorControl_Outdoors,2022-08-25,ColonyOutdoorsBee15,9,7,3,3,5,4,3,2,5,2,3,4,5,8,7,8,6,2,7,5,6,7,6,5,3,2,1,,,,,,,,,,,,,,,,,,,,,,,,,,,,,,,,,,,8,One,26,1,8,17,6,1,2,8,3,2,2,1,14,4,4,0.56,0.16,0.16,0.08,0.04,3,9,9,13,22,0.4285714286,0.5909090909,0.0909090909,0.0909090909,,,Summer,Used,,,
OdorControl,OdorControl_Outdoors,2022-08-25,ColonyOutdoorsBee15,9,6.281806,11.030488,4.363744,10.570983,10.760829,10.970436,11.411275,9.235639,11.181413,11.237476,12.236135,10.651936,11.090531,10.920232,12.499917,10.967681,10.817126,11.086312,10.84822,11.92591,10.848562,10.057777,11.046152,9.872814,5.914468,11.501842,,,,,,,,,,,,,,,,,,,,,,,,,,,,,,,,,,,,Two,,,,,,,,,,,,,,,,,,,,,,,,,,,,,,3,23,Summer,Used,,,
OdorControl,OdorControl_Outdoors,2022-08-25,ColonyOutdoorsBee15,9,Reward,Reward,Same,Reward,Reward,Previsited,Reward,Previsited,Previsited,Previsited,Previsited,Previsited,Reward,Previsited,Previsited,Reward,Previsited,Previsited,Previsited,Previsited,Previsited,Previsited,Previsited,Previsited,Previsited,Reward,,,,,,,,,,,,,,,,,,,,,,,,,,,,,,,,,,,,Three,,,,,,,,,,,,,,,,,,,,,,,,,,,,,,,,Summer,Used,,,
OdorControl,OdorControl_Outdoors,2022-08-25,ColonyOutdoorsBee15,9,,O4,S0,L2,R1,R1,R1,L3,R3,L1,L1,L1,L3,R1,L1,R2,O4,R3,R2,L1,L1,R1,R1,R2,R1,R1,,,,,,,,,,,,,,,,,,,,,,,,,,,,,,,,,,,,Four,,,,,,,,,,,,,,,,,,,,,,,,,,,,,,,,Summer,Used,,,
OdorControl,OdorControl_Outdoors,2022-08-28,ColonyOutdoorsBee16,1,6,6,8,7,5,6,5,4,4,3,8,8,8,7,6,6,4,1,8,3,2,1,5,8,1,2,2,3,,,,,,,,,,,,,,,,,,,,,,,,,,,,,,,,,8,One,28,6,8,14,4,1,2,9,2,2,1,6,13,3,4,0.4814814815,0.1111111111,0.1481481481,0.037037037,0.2222222222,2,6,7,13,20,0.3157894737,0.65,0.15,0.15,,,Summer,,,,
OdorControl,OdorControl_Outdoors,2022-08-28,ColonyOutdoorsBee16,1,12.157184,11.142032,12.232916,12.261438,11.133264,12.472894,10.700138,12.443135,12.41222,8.364949,4.367495,12.104769,12.22568,12.127164,12.024794,4.418611,11.297972,11.574554,12.005537,10.610976,12.370124,12.300531,11.095803,10.560264,10.893603,12.104045,12.341174,10.843619,,,,,,,,,,,,,,,,,,,,,,,,,,,,,,,,,,Two,,,,,,,,,,,,,,,,,,,,,,,,,,,,,,3,25,Summer,,,,
OdorControl,OdorControl_Outdoors,2022-08-28,ColonyOutdoorsBee16,1,Reward,Same,Reward,Reward,Reward,Previsited,Previsited,Reward,Same,Reward,Previsited,Same,Same,Previsited,Previsited,Same,Previsited,Reward,Previsited,Previsited,Reward,Previsited,Previsited,Previsited,Previsited,Previsited,Same,Previsited,,,,,,,,,,,,,,,,,,,,,,,,,,,,,,,,,,Three,,,,,,,,,,,,,,,,,,,,,,,,,,,,,,,,Summer,,,,
OdorControl,OdorControl_Outdoors,2022-08-28,ColonyOutdoorsBee16,1,,S0,L2,R1,R2,L1,R1,R1,S0,R1,R3,S0,S0,R1,R1,S0,R2,R3,R1,L3,R1,R1,O4,L3,L1,L1,S0,L1,,,,,,,,,,,,,,,,,,,,,,,,,,,,,,,,,,Four,,,,,,,,,,,,,,,,,,,,,,,,,,,,,,,,Summer,,,,
OdorControl,OdorControl_Outdoors,2022-08-28,ColonyOutdoorsBee16,2,7,5,4,3,2,7,3,6,7,8,2,5,4,4,3,1,,,,,,,,,,,,,,,,,,,,,,,,,,,,,,,,,,,,,,,,,,,,,8,One,16,1,8,7,2,1,2,5,2,1,1,1,7,3,3,0.4666666667,0.2,0.2,0.0666666667,0.0666666667,6,2,5,8,13,0.1666666667,0.6153846154,0.1153846154,0.1153846154,,,Summer,,,,
OdorControl,OdorControl_Outdoors,2022-08-28,ColonyOutdoorsBee16,2,11.263396,10.988686,11.872638,11.475034,11.875856,10.709133,11.086471,12.483127,10.810565,12.499839,11.245938,11.007332,10.405594,10.566482,10.9992,12.092363,,,,,,,,,,,,,,,,,,,,,,,,,,,,,,,,,,,,,,,,,,,,,,Two,,,,,,,,,,,,,,,,,,,,,,,,,,,,,,0,16,Summer,,,,
OdorControl,OdorControl_Outdoors,2022-08-28,ColonyOutdoorsBee16,2,Reward,Reward,Reward,Reward,Reward,Previsited,Previsited,Reward,Previsited,Reward,Previsited,Previsited,Previsited,Same,Previsited,Reward,,,,,,,,,,,,,,,,,,,,,,,,,,,,,,,,,,,,,,,,,,,,,,Three,,,,,,,,,,,,,,,,,,,,,,,,,,,,,,,,Summer,,,,
OdorControl,OdorControl_Outdoors,2022-08-28,ColonyOutdoorsBee16,2,,R2,R1,R1,R1,R3,O4,L3,L1,L1,L2,L3,R1,S0,R1,R2,,,,,,,,,,,,,,,,,,,,,,,,,,,,,,,,,,,,,,,,,,,,,,Four,,,,,,,,,,,,,,,,,,,,,,,,,,,,,,,,Summer,,,,
OdorControl,OdorControl_Outdoors,2022-08-28,ColonyOutdoorsBee16,3,7,4,2,5,1,5,7,6,4,2,1,6,1,3,8,6,6,8,,,,,,,,,,,,,,,,,,,,,,,,,,,,,,,,,,,,,,,,,,,8,One,18,1,8,9,0,3,2,2,4,3,2,1,2,7,5,0.1176470588,0.4117647059,0.2941176471,0.1176470588,0.0588235294,6,5,5,9,14,0.3846153846,0.6428571429,0.1428571429,0.1428571429,,,Summer,,,,
OdorControl,OdorControl_Outdoors,2022-08-28,ColonyOutdoorsBee16,3,10.975072,10.387652,12.075151,12.018827,11.073575,10.85677,10.442078,10.952493,10.5365,10.719885,11.483457,12.204887,10.927209,12.207011,12.487748,12.28975,4.347858,11.986965,,,,,,,,,,,,,,,,,,,,,,,,,,,,,,,,,,,,,,,,,,,,Two,,,,,,,,,,,,,,,,,,,,,,,,,,,,,,1,17,Summer,,,,
OdorControl,OdorControl_Outdoors,2022-08-28,ColonyOutdoorsBee16,3,Reward,Reward,Reward,Reward,Reward,Previsited,Previsited,Reward,Previsited,Previsited,Previsited,Previsited,Previsited,Reward,Reward,Previsited,Same,Previsited,,,,,,,,,,,,,,,,,,,,,,,,,,,,,,,,,,,,,,,,,,,,Three,,,,,,,,,,,,,,,,,,,,,,,,,,,,,,,,Summer,,,,
OdorControl,OdorControl_Outdoors,2022-08-28,ColonyOutdoorsBee16,3,,R3,R2,L3,O4,O4,L2,R1,R2,R2,R1,R3,L3,L2,R3,R2,S0,L2,,,,,,,,,,,,,,,,,,,,,,,,,,,,,,,,,,,,,,,,,,,,Four,,,,,,,,,,,,,,,,,,,,,,,,,,,,,,,,Summer,,,,
OdorControl,OdorControl_Outdoors,2022-08-28,ColonyOutdoorsBee16,4,5,7,3,8,7,5,6,6,7,6,8,8,1,2,8,3,6,7,3,5,7,2,2,1,2,2,1,5,1,7,5,4,,,,,,,,,,,,,,,,,,,,,,,,,,,,,8,One,32,4,8,20,6,4,3,5,4,1,4,4,11,8,4,0.3548387097,0.2580645161,0.1290322581,0.1290322581,0.1290322581,5,9,13,10,23,0.4090909091,0.4347826087,-0.065217391,0.0652173913,,,Summer,,,,
OdorControl,OdorControl_Outdoors,2022-08-28,ColonyOutdoorsBee16,4,10.51967,12.274514,12.305918,10.408647,12.397135,10.740449,10.799885,4.361823,11.280983,10.95872,4.356815,12.261565,12.467689,10.93682,10.11737,12.49842,12.330176,12.147079,11.118828,10.379392,10.541216,12.226015,10.432441,12.495612,12.240228,6.593646,12.492633,10.722485,10.87349,12.451654,9.38338,12.38255,,,,,,,,,,,,,,,,,,,,,,,,,,,,,,Two,,,,,,,,,,,,,,,,,,,,,,,,,,,,,,3,29,Summer,,,,
OdorControl,OdorControl_Outdoors,2022-08-28,ColonyOutdoorsBee16,4,Reward,Reward,Reward,Reward,Previsited,Previsited,Reward,Same,Previsited,Previsited,Previsited,Same,Reward,Reward,Previsited,Previsited,Previsited,Previsited,Previsited,Previsited,Previsited,Previsited,Same,Previsited,Previsited,Same,Previsited,Previsited,Previsited,Previsited,Previsited,Reward,,,,,,,,,,,,,,,,,,,,,,,,,,,,,,Three,,,,,,,,,,,,,,,,,,,,,,,,,,,,,,,,Summer,,,,
OdorControl,OdorControl_Outdoors,2022-08-28,ColonyOutdoorsBee16,4,,L2,O4,R3,R1,R2,L1,S0,L1,R1,L2,S0,L1,L1,R2,L3,L3,L1,O4,L2,L2,L3,S0,R1,L1,S0,R1,O4,O4,R2,R2,R1,,,,,,,,,,,,,,,,,,,,,,,,,,,,,,Four,,,,,,,,,,,,,,,,,,,,,,,,,,,,,,,,Summer,,,,
OdorControl,OdorControl_Outdoors,2022-08-28,ColonyOutdoorsBee16,5,7,6,3,4,1,8,4,5,4,3,7,7,5,4,1,2,,,,,,,,,,,,,,,,,,,,,,,,,,,,,,,,,,,,,,,,,,,,,8,One,16,1,8,7,3,0,0,5,1,3,2,1,8,1,3,0.5333333333,0.0666666667,0.2,0.1333333333,0.0666666667,7,5,3,9,12,0.4545454545,0.75,0.25,0.25,,,Summer,,,,
OdorControl,OdorControl_Outdoors,2022-08-28,ColonyOutdoorsBee16,5,12.454737,10.882593,11.452607,12.365254,12.151684,10.5703,10.587934,12.475192,10.854777,11.336794,11.427986,4.508225,11.794841,12.483501,12.411843,11.363054,,,,,,,,,,,,,,,,,,,,,,,,,,,,,,,,,,,,,,,,,,,,,,Two,,,,,,,,,,,,,,,,,,,,,,,,,,,,,,1,15,Summer,,,,
OdorControl,OdorControl_Outdoors,2022-08-28,ColonyOutdoorsBee16,5,Reward,Reward,Reward,Reward,Reward,Reward,Previsited,Reward,Previsited,Previsited,Previsited,Same,Previsited,Previsited,Previsited,Reward,,,,,,,,,,,,,,,,,,,,,,,,,,,,,,,,,,,,,,,,,,,,,,Three,,,,,,,,,,,,,,,,,,,,,,,,,,,,,,,,Summer,,,,
OdorControl,OdorControl_Outdoors,2022-08-28,ColonyOutdoorsBee16,5,,R1,R3,L1,R3,R1,O4,L1,R1,R1,O4,S0,R2,R1,R3,L1,,,,,,,,,,,,,,,,,,,,,,,,,,,,,,,,,,,,,,,,,,,,,,Four,,,,,,,,,,,,,,,,,,,,,,,,,,,,,,,,Summer,,,,
OdorControl,OdorControl_Outdoors,2022-08-28,ColonyOutdoorsBee16,6,8,8,8,5,1,8,1,2,6,5,8,2,7,6,5,4,2,4,5,4,2,6,2,7,8,1,2,4,5,1,5,8,4,5,4,3,,,,,,,,,,,,,,,,,,,,,,,,,8,One,36,2,8,26,8,3,2,8,2,3,7,2,16,5,5,0.4571428571,0.1428571429,0.1428571429,0.2,0.0571428571,2,8,13,13,26,0.32,0.5,0,0,,,Summer,,,,
OdorControl,OdorControl_Outdoors,2022-08-28,ColonyOutdoorsBee16,6,4.363566,12.051754,4.369994,11.221785,11.247342,10.820351,12.156671,11.96566,12.142296,11.645589,11.452164,11.03676,10.60096,11.204418,11.435216,11.256939,10.488772,12.26271,9.284454,11.315075,11.057016,11.363054,12.044635,10.572292,11.458035,11.434738,10.978038,12.451356,10.978908,11.49038,12.180203,11.215112,12.4855,10.962259,11.985794,12.497359,,,,,,,,,,,,,,,,,,,,,,,,,,Two,,,,,,,,,,,,,,,,,,,,,,,,,,,,,,2,34,Summer,,,,
OdorControl,OdorControl_Outdoors,2022-08-28,ColonyOutdoorsBee16,6,Reward,Same,Same,Reward,Reward,Previsited,Previsited,Reward,Reward,Previsited,Previsited,Previsited,Reward,Previsited,Previsited,Reward,Previsited,Previsited,Previsited,Previsited,Previsited,Previsited,Previsited,Previsited,Previsited,Previsited,Previsited,Previsited,Previsited,Previsited,Previsited,Previsited,Previsited,Previsited,Previsited,Reward,,,,,,,,,,,,,,,,,,,,,,,,,,Three,,,,,,,,,,,,,,,,,,,,,,,,,,,,,,,,Summer,,,,
OdorControl,OdorControl_Outdoors,2022-08-28,ColonyOutdoorsBee16,6,,S0,S0,R3,O4,R1,L1,L1,O4,R1,L3,L2,R3,R1,R1,R1,R2,L2,L1,R1,R2,O4,O4,R3,L1,L1,L1,L2,L1,O4,O4,L3,O4,L1,R1,R1,,,,,,,,,,,,,,,,,,,,,,,,,,Four,,,,,,,,,,,,,,,,,,,,,,,,,,,,,,,,Summer,,,,
OdorControl,OdorControl_Outdoors,2022-08-28,ColonyOutdoorsBee16,7,8,3,5,4,1,7,7,2,4,3,8,1,8,1,5,4,3,2,1,2,1,7,2,6,,,,,,,,,,,,,,,,,,,,,,,,,,,,,,,,,,,,,8,One,24,1,8,15,3,2,3,8,2,2,2,1,11,4,5,0.4782608696,0.1739130435,0.2173913043,0.0869565217,0.0434782609,7,10,8,12,20,0.5263157895,0.6,0.1,0.1,,,Summer,,,,
OdorControl,OdorControl_Outdoors,2022-08-28,ColonyOutdoorsBee16,7,10.802123,10.787388,12.100114,12.249382,10.949948,10.499267,10.990318,11.009297,10.983151,12.490666,10.431918,11.446784,10.307383,11.500757,5.165441,6.261573,7.37681,12.079654,12.483173,11.050104,12.063959,10.72543,11.580059,10.533798,,,,,,,,,,,,,,,,,,,,,,,,,,,,,,,,,,,,,,Two,,,,,,,,,,,,,,,,,,,,,,,,,,,,,,3,21,Summer,,,,
OdorControl,OdorControl_Outdoors,2022-08-28,ColonyOutdoorsBee16,7,Reward,Reward,Reward,Reward,Reward,Reward,Same,Reward,Previsited,Previsited,Previsited,Previsited,Previsited,Previsited,Previsited,Previsited,Previsited,Previsited,Previsited,Previsited,Previsited,Previsited,Previsited,Reward,,,,,,,,,,,,,,,,,,,,,,,,,,,,,,,,,,,,,,Three,,,,,,,,,,,,,,,,,,,,,,,,,,,,,,,,Summer,,,,
OdorControl,OdorControl_Outdoors,2022-08-28,ColonyOutdoorsBee16,7,,L3,L2,R1,R3,R2,S0,L3,L2,R1,R3,L1,R1,L1,O4,R1,R1,R1,R1,L1,R1,R2,L3,O4,,,,,,,,,,,,,,,,,,,,,,,,,,,,,,,,,,,,,,Four,,,,,,,,,,,,,,,,,,,,,,,,,,,,,,,,Summer,,,,
OdorControl,OdorControl_Outdoors,2022-08-28,ColonyOutdoorsBee16,8,8,1,5,2,8,3,7,3,4,5,2,6,,,,,,,,,,,,,,,,,,,,,,,,,,,,,,,,,,,,,,,,,,,,,,,,,8,One,12,0,8,4,3,0,1,0,1,2,4,0,3,1,3,0.2727272727,0.0909090909,0.2727272727,0.3636363636,0,5,3,4,3,7,0.5,0.4285714286,-0.071428571,0.0714285714,,,Summer,Used,,,
OdorControl,OdorControl_Outdoors,2022-08-28,ColonyOutdoorsBee16,8,11.693096,11.980198,10.64053,10.861491,10.563678,11.047546,10.489181,12.208672,10.773647,9.926686,12.495612,10.554983,,,,,,,,,,,,,,,,,,,,,,,,,,,,,,,,,,,,,,,,,,,,,,,,,,Two,,,,,,,,,,,,,,,,,,,,,,,,,,,,,,0,12,Summer,Used,,,
OdorControl,OdorControl_Outdoors,2022-08-28,ColonyOutdoorsBee16,8,Reward,Reward,Reward,Reward,Previsited,Reward,Reward,Previsited,Reward,Previsited,Previsited,Reward,,,,,,,,,,,,,,,,,,,,,,,,,,,,,,,,,,,,,,,,,,,,,,,,,,Three,,,,,,,,,,,,,,,,,,,,,,,,,,,,,,,,Summer,Used,,,
OdorControl,OdorControl_Outdoors,2022-08-28,ColonyOutdoorsBee16,8,,L1,O4,R3,R2,L3,O4,O4,L1,L1,R3,O4,,,,,,,,,,,,,,,,,,,,,,,,,,,,,,,,,,,,,,,,,,,,,,,,,,Four,,,,,,,,,,,,,,,,,,,,,,,,,,,,,,,,Summer,Used,,,
OdorControl,OdorControl_Outdoors,2022-08-28,ColonyOutdoorsBee16,9,8,6,2,7,6,4,3,1,7,2,5,,,,,,,,,,,,,,,,,,,,,,,,,,,,,,,,,,,,,,,,,,,,,,,,,,8,One,11,0,8,3,0,0,2,2,4,1,1,0,2,4,3,0.2,0.4,0.3,0.1,0,5,1,2,7,9,0.125,0.7777777778,0.2777777778,0.2777777778,,,Summer,New,,,
OdorControl,OdorControl_Outdoors,2022-08-28,ColonyOutdoorsBee16,9,10.766697,12.154522,11.32279,11.997595,10.564564,12.486437,11.524462,11.769678,10.26011,9.582744,11.011953,,,,,,,,,,,,,,,,,,,,,,,,,,,,,,,,,,,,,,,,,,,,,,,,,,,Two,,,,,,,,,,,,,,,,,,,,,,,,,,,,,,0,11,Summer,New,,,
OdorControl,OdorControl_Outdoors,2022-08-28,ColonyOutdoorsBee16,9,Reward,Reward,Reward,Reward,Previsited,Reward,Reward,Reward,Previsited,Previsited,Reward,,,,,,,,,,,,,,,,,,,,,,,,,,,,,,,,,,,,,,,,,,,,,,,,,,,Three,,,,,,,,,,,,,,,,,,,,,,,,,,,,,,,,Summer,New,,,
OdorControl,OdorControl_Outdoors,2022-08-28,ColonyOutdoorsBee16,9,,R2,O4,R3,R1,R2,R1,R2,R2,L3,L3,,,,,,,,,,,,,,,,,,,,,,,,,,,,,,,,,,,,,,,,,,,,,,,,,,,Four,,,,,,,,,,,,,,,,,,,,,,,,,,,,,,,,Summer,New,,,
OdorControl,OdorControl_Outdoors,2022-08-28,ColonyOutdoorsBee17,1,4,7,2,3,2,5,7,8,5,1,6,,,,,,,,,,,,,,,,,,,,,,,,,,,,,,,,,,,,,,,,,,,,,,,,,,8,One,11,0,8,3,2,1,3,1,0,2,1,0,3,1,5,0.3,0.1,0.5,0.1,0,5,3,6,3,9,0.375,0.3333333333,-0.166666667,0.1666666667,,,Summer,,,,
OdorControl,OdorControl_Outdoors,2022-08-28,ColonyOutdoorsBee17,1,12.484251,12.489636,12.256206,12.233904,12.147592,12.499044,11.855535,12.301925,12.392464,12.496735,10.912375,,,,,,,,,,,,,,,,,,,,,,,,,,,,,,,,,,,,,,,,,,,,,,,,,,,Two,,,,,,,,,,,,,,,,,,,,,,,,,,,,,,0,11,Summer,,,,
OdorControl,OdorControl_Outdoors,2022-08-28,ColonyOutdoorsBee17,1,Reward,Reward,Reward,Reward,Previsited,Reward,Previsited,Reward,Previsited,Reward,Reward,,,,,,,,,,,,,,,,,,,,,,,,,,,,,,,,,,,,,,,,,,,,,,,,,,,Three,,,,,,,,,,,,,,,,,,,,,,,,,,,,,,,,Summer,,,,
OdorControl,OdorControl_Outdoors,2022-08-28,ColonyOutdoorsBee17,1,,L3,L3,L1,R1,L3,L2,L1,R3,O4,R3,,,,,,,,,,,,,,,,,,,,,,,,,,,,,,,,,,,,,,,,,,,,,,,,,,,Four,,,,,,,,,,,,,,,,,,,,,,,,,,,,,,,,Summer,,,,
OdorControl,OdorControl_Outdoors,2022-08-28,ColonyOutdoorsBee17,2,1,3,6,7,6,2,3,4,8,4,6,2,1,8,7,8,3,2,1,5,,,,,,,,,,,,,,,,,,,,,,,,,,,,,,,,,,,,,,,,,8,One,20,0,8,12,4,2,2,6,0,0,5,0,10,2,2,0.5263157895,0.1052631579,0.1052631579,0.2631578947,0,5,5,8,6,14,0.3846153846,0.4285714286,-0.071428571,0.0714285714,,,Summer,,,,
OdorControl,OdorControl_Outdoors,2022-08-28,ColonyOutdoorsBee17,2,10.751768,10.848562,12.492664,11.04871,12.493615,11.655377,12.205319,12.419442,10.72134,12.499356,12.348754,12.122711,12.31689,11.842176,11.757764,9.172507,12.407633,12.025524,12.473879,10.91609,,,,,,,,,,,,,,,,,,,,,,,,,,,,,,,,,,,,,,,,,,Two,,,,,,,,,,,,,,,,,,,,,,,,,,,,,,0,20,Summer,,,,
OdorControl,OdorControl_Outdoors,2022-08-28,ColonyOutdoorsBee17,2,Reward,Reward,Reward,Reward,Previsited,Reward,Previsited,Reward,Reward,Previsited,Previsited,Previsited,Previsited,Previsited,Previsited,Previsited,Previsited,Previsited,Previsited,Reward,,,,,,,,,,,,,,,,,,,,,,,,,,,,,,,,,,,,,,,,,,Three,,,,,,,,,,,,,,,,,,,,,,,,,,,,,,,,Summer,,,,
OdorControl,OdorControl_Outdoors,2022-08-28,ColonyOutdoorsBee17,2,,L2,L3,L1,R1,O4,L1,L1,O4,O4,L2,O4,R1,R1,R1,L1,L3,R1,R1,O4,,,,,,,,,,,,,,,,,,,,,,,,,,,,,,,,,,,,,,,,,,Four,,,,,,,,,,,,,,,,,,,,,,,,,,,,,,,,Summer,,,,
OdorControl,OdorControl_Outdoors,2022-08-28,ColonyOutdoorsBee17,3,8,7,8,3,7,3,6,1,5,6,1,2,4,6,7,2,,,,,,,,,,,,,,,,,,,,,,,,,,,,,,,,,,,,,,,,,,,,,8,One,16,0,8,8,4,2,5,1,0,0,3,0,5,2,5,0.3333333333,0.1333333333,0.3333333333,0.2,0,3,1,11,1,12,0.0909090909,0.0833333333,-0.416666667,0.4166666667,,,Summer,,,,
OdorControl,OdorControl_Outdoors,2022-08-28,ColonyOutdoorsBee17,3,5.373155,12.49842,11.136485,11.509093,11.164315,10.422552,12.084752,10.952991,11.15726,11.80779,11.172222,11.709238,12.108231,10.939974,12.481768,11.124559,,,,,,,,,,,,,,,,,,,,,,,,,,,,,,,,,,,,,,,,,,,,,,Two,,,,,,,,,,,,,,,,,,,,,,,,,,,,,,1,15,Summer,,,,
OdorControl,OdorControl_Outdoors,2022-08-28,ColonyOutdoorsBee17,3,Reward,Reward,Previsited,Reward,Previsited,Previsited,Reward,Reward,Reward,Previsited,Previsited,Reward,Reward,Previsited,Previsited,Previsited,,,,,,,,,,,,,,,,,,,,,,,,,,,,,,,,,,,,,,,,,,,,,,Three,,,,,,,,,,,,,,,,,,,,,,,,,,,,,,,,Summer,,,,
OdorControl,OdorControl_Outdoors,2022-08-28,ColonyOutdoorsBee17,3,,R1,L1,L3,O4,O4,L3,L3,O4,L1,L3,L1,L2,L2,L1,L3,,,,,,,,,,,,,,,,,,,,,,,,,,,,,,,,,,,,,,,,,,,,,,Four,,,,,,,,,,,,,,,,,,,,,,,,,,,,,,,,Summer,,,,
OdorControl,OdorControl_Outdoors,2022-08-28,ColonyOutdoorsBee17,4,7,6,5,3,8,2,6,3,1,4,,,,,,,,,,,,,,,,,,,,,,,,,,,,,,,,,,,,,,,,,,,,,,,,,,,8,One,10,0,8,2,0,1,1,2,2,2,1,0,2,3,3,0.2222222222,0.3333333333,0.3333333333,0.1111111111,0,7,3,2,6,8,0.4285714286,0.75,0.25,0.25,,,Summer,,,,
OdorControl,OdorControl_Outdoors,2022-08-28,ColonyOutdoorsBee17,4,10.939404,11.054883,10.992872,11.122263,10.748867,10.659949,12.466438,12.485734,11.404218,10.879082,,,,,,,,,,,,,,,,,,,,,,,,,,,,,,,,,,,,,,,,,,,,,,,,,,,,Two,,,,,,,,,,,,,,,,,,,,,,,,,,,,,,0,10,Summer,,,,
OdorControl,OdorControl_Outdoors,2022-08-28,ColonyOutdoorsBee17,4,Reward,Reward,Reward,Reward,Reward,Reward,Previsited,Previsited,Reward,Reward,,,,,,,,,,,,,,,,,,,,,,,,,,,,,,,,,,,,,,,,,,,,,,,,,,,,Three,,,,,,,,,,,,,,,,,,,,,,,,,,,,,,,,Summer,,,,
OdorControl,OdorControl_Outdoors,2022-08-28,ColonyOutdoorsBee17,4,,R1,R1,R2,R3,L2,O4,R3,R2,L3,,,,,,,,,,,,,,,,,,,,,,,,,,,,,,,,,,,,,,,,,,,,,,,,,,,,Four,,,,,,,,,,,,,,,,,,,,,,,,,,,,,,,,Summer,,,,
OdorControl,OdorControl_Outdoors,2022-08-28,ColonyOutdoorsBee17,5,4,2,2,8,7,3,6,5,2,6,4,7,1,,,,,,,,,,,,,,,,,,,,,,,,,,,,,,,,,,,,,,,,,,,,,,,,8,One,13,1,8,4,0,1,2,2,3,1,2,1,2,4,3,0.1666666667,0.3333333333,0.25,0.1666666667,0.0833333333,3,3,3,6,9,0.375,0.6666666667,0.1666666667,0.1666666667,,,Summer,,,,
OdorControl,OdorControl_Outdoors,2022-08-28,ColonyOutdoorsBee17,5,10.764904,10.562663,4.356368,11.153136,11.348635,11.701444,11.890225,12.162843,11.116776,12.499122,10.725175,11.573661,11.110778,,,,,,,,,,,,,,,,,,,,,,,,,,,,,,,,,,,,,,,,,,,,,,,,,Two,,,,,,,,,,,,,,,,,,,,,,,,,,,,,,1,12,Summer,,,,
OdorControl,OdorControl_Outdoors,2022-08-28,ColonyOutdoorsBee17,5,Reward,Reward,Same,Reward,Reward,Reward,Reward,Reward,Previsited,Previsited,Previsited,Previsited,Reward,,,,,,,,,,,,,,,,,,,,,,,,,,,,,,,,,,,,,,,,,,,,,,,,,Three,,,,,,,,,,,,,,,,,,,,,,,,,,,,,,,,Summer,,,,
OdorControl,OdorControl_Outdoors,2022-08-28,ColonyOutdoorsBee17,5,,R2,S0,R2,R1,O4,L3,R1,R3,O4,R2,L3,L2,,,,,,,,,,,,,,,,,,,,,,,,,,,,,,,,,,,,,,,,,,,,,,,,,Four,,,,,,,,,,,,,,,,,,,,,,,,,,,,,,,,Summer,,,,
OdorControl,OdorControl_Outdoors,2022-08-28,ColonyOutdoorsBee17,6,2,7,3,6,1,7,8,3,2,5,6,3,4,,,,,,,,,,,,,,,,,,,,,,,,,,,,,,,,,,,,,,,,,,,,,,,,8,One,13,0,8,5,3,0,4,1,1,2,1,0,4,1,6,0.3333333333,0.0833333333,0.5,0.0833333333,0,6,7,7,4,11,0.7,0.3636363636,-0.136363636,0.1363636364,,,Summer,,,,
OdorControl,OdorControl_Outdoors,2022-08-28,ColonyOutdoorsBee17,6,10.595442,11.004569,10.491523,11.130445,11.896453,10.716557,11.123455,11.39483,11.747281,12.367208,11.133071,10.590087,10.846046,,,,,,,,,,,,,,,,,,,,,,,,,,,,,,,,,,,,,,,,,,,,,,,,,Two,,,,,,,,,,,,,,,,,,,,,,,,,,,,,,0,13,Summer,,,,
OdorControl,OdorControl_Outdoors,2022-08-28,ColonyOutdoorsBee17,6,Reward,Reward,Reward,Reward,Reward,Previsited,Reward,Previsited,Previsited,Reward,Previsited,Previsited,Reward,,,,,,,,,,,,,,,,,,,,,,,,,,,,,,,,,,,,,,,,,,,,,,,,,Three,,,,,,,,,,,,,,,,,,,,,,,,,,,,,,,,Summer,,,,
OdorControl,OdorControl_Outdoors,2022-08-28,ColonyOutdoorsBee17,6,,R3,O4,L3,L3,R2,L1,L3,R1,L3,L1,R3,L1,,,,,,,,,,,,,,,,,,,,,,,,,,,,,,,,,,,,,,,,,,,,,,,,,Four,,,,,,,,,,,,,,,,,,,,,,,,,,,,,,,,Summer,,,,
OdorControl,OdorControl_Outdoors,2022-08-28,ColonyOutdoorsBee17,7,1,6,1,3,5,2,3,6,7,3,2,1,5,2,1,8,1,3,7,3,6,3,2,3,6,7,8,6,2,3,6,2,5,6,7,3,5,6,7,8,1,3,4,,,,,,,,,,,,,,,,,,8,One,43,0,8,35,14,5,6,5,1,4,7,0,19,6,10,0.4523809524,0.1428571429,0.2380952381,0.1666666667,0,3,9,25,10,35,0.2647058824,0.2857142857,-0.214285714,0.2142857143,,,Summer,,,,
OdorControl,OdorControl_Outdoors,2022-08-28,ColonyOutdoorsBee17,7,5.78073,11.367599,11.19347,10.60449,11.524462,10.803567,11.15532,11.551982,11.009032,10.475327,10.979618,12.498919,11.18469,12.157986,11.432215,12.479878,11.272962,10.731807,12.003784,10.49897,10.741157,11.950125,11.956533,12.091848,11.62961,11.825523,12.379386,12.303589,11.942488,10.725175,11.80145,12.448147,11.510719,8.937149,10.022365,4.894521,9.727517,9.147226,9.091394,12.489636,10.781098,4.928612,11.741622,,,,,,,,,,,,,,,,,,,Two,,,,,,,,,,,,,,,,,,,,,,,,,,,,,,4,39,Summer,,,,
OdorControl,OdorControl_Outdoors,2022-08-28,ColonyOutdoorsBee17,7,Reward,Reward,Previsited,Reward,Reward,Reward,Previsited,Previsited,Reward,Previsited,Previsited,Previsited,Previsited,Previsited,Previsited,Reward,Previsited,Previsited,Previsited,Previsited,Previsited,Previsited,Previsited,Previsited,Previsited,Previsited,Previsited,Previsited,Previsited,Previsited,Previsited,Previsited,Previsited,Previsited,Previsited,Previsited,Previsited,Previsited,Previsited,Previsited,Previsited,Previsited,Reward,,,,,,,,,,,,,,,,,,,Three,,,,,,,,,,,,,,,,,,,,,,,,,,,,,,,,Summer,,,,
OdorControl,OdorControl_Outdoors,2022-08-28,ColonyOutdoorsBee17,7,,R3,L3,L2,L2,R3,L1,L3,L1,O4,R1,R1,O4,R3,R1,R1,L1,L2,O4,O4,L3,R3,R1,L1,L3,L1,L1,R2,O4,L1,L3,O4,L3,L1,L1,O4,L2,L1,L1,L1,L1,L2,L1,,,,,,,,,,,,,,,,,,,Four,,,,,,,,,,,,,,,,,,,,,,,,,,,,,,,,Summer,,,,
OdorControl,OdorControl_Outdoors,2022-08-28,ColonyOutdoorsBee17,8,1,2,1,8,5,6,2,1,6,2,4,6,8,4,7,8,1,5,6,7,8,4,5,6,6,6,1,4,5,8,5,6,7,5,4,3,,,,,,,,,,,,,,,,,,,,,,,,,8,One,36,2,8,26,12,3,4,5,1,3,5,2,17,4,7,0.4857142857,0.1142857143,0.2,0.1428571429,0.0571428571,3,7,19,9,28,0.2592592593,0.3214285714,-0.178571429,0.1785714286,,,Summer,New,,,
OdorControl,OdorControl_Outdoors,2022-08-28,ColonyOutdoorsBee17,8,12.457883,11.482387,11.966051,11.981483,12.261168,12.052789,10.778657,10.662563,11.244014,12.223145,12.288846,12.481518,12.243747,12.202971,12.487763,12.440142,10.808401,12.497359,12.498607,11.811273,11.073927,11.30844,12.49973,12.204504,12.478863,11.324442,11.224286,10.780737,10.920839,12.336846,11.646945,8.988063,12.470941,12.376378,12.127936,11.282123,,,,,,,,,,,,,,,,,,,,,,,,,,Two,,,,,,,,,,,,,,,,,,,,,,,,,,,,,,1,35,Summer,New,,,
OdorControl,OdorControl_Outdoors,2022-08-28,ColonyOutdoorsBee17,8,Reward,Reward,Previsited,Reward,Reward,Reward,Previsited,Previsited,Previsited,Previsited,Reward,Previsited,Previsited,Previsited,Reward,Previsited,Previsited,Previsited,Previsited,Previsited,Previsited,Previsited,Previsited,Previsited,Same,Same,Previsited,Previsited,Previsited,Previsited,Previsited,Previsited,Previsited,Previsited,Previsited,Reward,,,,,,,,,,,,,,,,,,,,,,,,,,Three,,,,,,,,,,,,,,,,,,,,,,,,,,,,,,,,Summer,New,,,
OdorControl,OdorControl_Outdoors,2022-08-28,ColonyOutdoorsBee17,8,,L1,R1,R1,R3,L1,O4,R1,R3,O4,L2,L2,L2,O4,L3,L1,L1,O4,L1,L1,L1,O4,L1,L1,S0,S0,L3,L3,L1,L3,R3,L1,L1,R2,R1,R1,,,,,,,,,,,,,,,,,,,,,,,,,,Four,,,,,,,,,,,,,,,,,,,,,,,,,,,,,,,,Summer,New,,,
OdorControl,OdorControl_Outdoors,2022-08-28,ColonyOutdoorsBee17,9,7,2,5,8,3,6,3,4,6,4,4,3,7,2,5,6,2,3,5,6,5,2,3,5,7,1,,,,,,,,,,,,,,,,,,,,,,,,,,,,,,,,,,,8,One,26,1,8,17,5,5,7,2,1,2,2,1,7,6,9,0.28,0.24,0.36,0.08,0.04,7,6,17,5,22,0.2857142857,0.2272727273,-0.272727273,0.2727272727,,,Summer,Used,,,
OdorControl,OdorControl_Outdoors,2022-08-28,ColonyOutdoorsBee17,9,11.258428,10.518725,11.48999,11.25661,10.547501,12.479613,10.552305,11.372982,12.320719,10.79279,4.399335,11.979157,12.497859,10.869474,11.434534,12.407241,10.817487,11.726937,11.64666,12.498373,12.37704,11.251362,10.82498,11.071745,11.536971,11.275296,,,,,,,,,,,,,,,,,,,,,,,,,,,,,,,,,,,,Two,,,,,,,,,,,,,,,,,,,,,,,,,,,,,,1,25,Summer,Used,,,
OdorControl,OdorControl_Outdoors,2022-08-28,ColonyOutdoorsBee17,9,Reward,Reward,Reward,Reward,Reward,Reward,Previsited,Reward,Previsited,Previsited,Same,Previsited,Previsited,Previsited,Previsited,Previsited,Previsited,Previsited,Previsited,Previsited,Previsited,Previsited,Previsited,Previsited,Previsited,Reward,,,,,,,,,,,,,,,,,,,,,,,,,,,,,,,,,,,,Three,,,,,,,,,,,,,,,,,,,,,,,,,,,,,,,,Summer,Used,,,
OdorControl,OdorControl_Outdoors,2022-08-28,ColonyOutdoorsBee17,9,,L3,L3,L3,L3,L3,R3,L1,L2,R2,S0,R1,O4,L3,L3,L1,O4,L1,L2,L1,R1,R3,L1,L2,L2,L2,,,,,,,,,,,,,,,,,,,,,,,,,,,,,,,,,,,,Four,,,,,,,,,,,,,,,,,,,,,,,,,,,,,,,,Summer,Used,,,
OdorControl,OdorControl_Outdoors,2022-08-29,ColonyOutdoorsBee18,1,7,5,6,5,4,6,4,5,4,7,2,3,4,7,5,3,2,7,3,6,8,8,8,8,2,3,2,1,,,,,,,,,,,,,,,,,,,,,,,,,,,,,,,,,8,One,28,3,8,17,5,3,4,6,4,1,1,3,11,7,5,0.4074074074,0.2592592593,0.1851851852,0.037037037,0.1111111111,4,10,12,11,23,0.4545454545,0.4782608696,-0.02173913,0.0217391304,,,Summer,,,,
OdorControl,OdorControl_Outdoors,2022-08-29,ColonyOutdoorsBee18,1,12.496735,12.465188,12.490495,12.478379,12.497921,12.491743,12.420948,12.476691,11.649756,12.49867,12.011235,12.45372,12.482611,12.474254,12.454002,12.259403,11.947482,12.362621,11.965138,12.489636,12.497297,12.194342,4.374675,12.285753,12.092783,12.347459,10.444374,11.927888,,,,,,,,,,,,,,,,,,,,,,,,,,,,,,,,,,Two,,,,,,,,,,,,,,,,,,,,,,,,,,,,,,1,27,Summer,,,,
OdorControl,OdorControl_Outdoors,2022-08-29,ColonyOutdoorsBee18,1,Reward,Reward,Reward,Previsited,Reward,Previsited,Previsited,Previsited,Previsited,Previsited,Reward,Reward,Previsited,Previsited,Previsited,Previsited,Previsited,Previsited,Previsited,Previsited,Reward,Same,Same,Same,Previsited,Previsited,Previsited,Reward,,,,,,,,,,,,,,,,,,,,,,,,,,,,,,,,,,Three,,,,,,,,,,,,,,,,,,,,,,,,,,,,,,,,Summer,,,,
OdorControl,OdorControl_Outdoors,2022-08-29,ColonyOutdoorsBee18,1,,R2,L1,R1,R1,L2,R2,L1,R1,L3,L3,L1,L1,L3,R2,R2,R1,R3,O4,L3,L2,S0,S0,S0,L2,L1,R1,R1,,,,,,,,,,,,,,,,,,,,,,,,,,,,,,,,,,Four,,,,,,,,,,,,,,,,,,,,,,,,,,,,,,,,Summer,,,,
OdorControl,OdorControl_Outdoors,2022-08-29,ColonyOutdoorsBee18,2,4,6,3,5,1,2,4,2,5,6,5,4,7,6,8,,,,,,,,,,,,,,,,,,,,,,,,,,,,,,,,,,,,,,,,,,,,,,8,One,15,0,8,7,2,4,2,3,1,1,1,0,5,5,3,0.3571428571,0.3571428571,0.2142857143,0.0714285714,0,7,8,8,5,13,0.6666666667,0.3846153846,-0.115384615,0.1153846154,,,Summer,,,,
OdorControl,OdorControl_Outdoors,2022-08-29,ColonyOutdoorsBee18,2,12.360161,12.020336,12.485422,12.497859,12.344049,12.063959,11.924864,11.965839,12.472566,11.255831,12.494224,12.334397,12.278087,12.455723,11.167248,,,,,,,,,,,,,,,,,,,,,,,,,,,,,,,,,,,,,,,,,,,,,,,Two,,,,,,,,,,,,,,,,,,,,,,,,,,,,,,0,15,Summer,,,,
OdorControl,OdorControl_Outdoors,2022-08-29,ColonyOutdoorsBee18,2,Reward,Reward,Reward,Reward,Reward,Reward,Previsited,Previsited,Previsited,Previsited,Previsited,Previsited,Reward,Previsited,Reward,,,,,,,,,,,,,,,,,,,,,,,,,,,,,,,,,,,,,,,,,,,,,,,Three,,,,,,,,,,,,,,,,,,,,,,,,,,,,,,,,Summer,,,,
OdorControl,OdorControl_Outdoors,2022-08-29,ColonyOutdoorsBee18,2,,L2,R3,L2,O4,L1,L2,R2,L3,L1,R1,R1,L3,R1,L2,,,,,,,,,,,,,,,,,,,,,,,,,,,,,,,,,,,,,,,,,,,,,,,Four,,,,,,,,,,,,,,,,,,,,,,,,,,,,,,,,Summer,,,,
OdorControl,OdorControl_Outdoors,2022-08-29,ColonyOutdoorsBee18,3,7,2,4,5,5,7,8,5,6,6,2,3,3,4,3,4,8,7,8,5,4,6,3,2,3,1,8,1,,,,,,,,,,,,,,,,,,,,,,,,,,,,,,,,,8,One,28,3,8,17,9,3,1,5,1,3,2,3,14,4,4,0.5185185185,0.1481481481,0.1481481481,0.0740740741,0.1111111111,5,12,13,9,22,0.5714285714,0.4090909091,-0.090909091,0.0909090909,,,Summer,,,,
OdorControl,OdorControl_Outdoors,2022-08-29,ColonyOutdoorsBee18,3,12.489168,12.2208,12.495612,12.490666,4.831994,10.808708,12.413225,12.49842,11.211844,12.483127,12.257972,12.493054,12.412785,8.42747,12.356943,8.268291,12.340085,8.874837,12.10063,12.488559,12.190953,12.488372,12.443213,12.103529,12.499044,4.739742,12.166801,11.230952,,,,,,,,,,,,,,,,,,,,,,,,,,,,,,,,,,Two,,,,,,,,,,,,,,,,,,,,,,,,,,,,,,5,23,Summer,,,,
OdorControl,OdorControl_Outdoors,2022-08-29,ColonyOutdoorsBee18,3,Reward,Reward,Reward,Reward,Same,Previsited,Reward,Previsited,Reward,Same,Previsited,Reward,Same,Previsited,Previsited,Previsited,Previsited,Previsited,Previsited,Previsited,Previsited,Previsited,Previsited,Previsited,Previsited,Reward,Previsited,Previsited,,,,,,,,,,,,,,,,,,,,,,,,,,,,,,,,,,Three,,,,,,,,,,,,,,,,,,,,,,,,,,,,,,,,Summer,,,,
OdorControl,OdorControl_Outdoors,2022-08-29,ColonyOutdoorsBee18,3,,L3,L2,L1,S0,L2,L1,R3,L1,S0,O4,L1,S0,L1,R1,L1,O4,R1,L1,R3,R1,L2,R3,R1,L1,R2,R1,L1,,,,,,,,,,,,,,,,,,,,,,,,,,,,,,,,,,Four,,,,,,,,,,,,,,,,,,,,,,,,,,,,,,,,Summer,,,,
OdorControl,OdorControl_Outdoors,2022-08-29,ColonyOutdoorsBee18,4,1,5,2,6,5,6,7,6,7,8,8,4,7,4,5,6,1,5,1,4,3,,,,,,,,,,,,,,,,,,,,,,,,,,,,,,,,,,,,,,,,8,One,21,1,8,12,6,0,3,3,0,2,5,1,9,0,5,0.45,0,0.25,0.25,0.05,5,6,9,5,14,0.4615384615,0.3571428571,-0.142857143,0.1428571429,,,Summer,,,,
OdorControl,OdorControl_Outdoors,2022-08-29,ColonyOutdoorsBee18,4,12.408058,12.496236,12.042127,12.484438,11.062727,11.219022,12.468862,11.009297,10.462983,12.01547,12.225425,12.498607,12.49541,11.375398,10.813954,12.484251,4.754524,8.335256,10.587565,12.360161,11.658119,,,,,,,,,,,,,,,,,,,,,,,,,,,,,,,,,,,,,,,,,Two,,,,,,,,,,,,,,,,,,,,,,,,,,,,,,2,19,Summer,,,,
OdorControl,OdorControl_Outdoors,2022-08-29,ColonyOutdoorsBee18,4,Reward,Reward,Reward,Reward,Previsited,Previsited,Reward,Previsited,Previsited,Reward,Same,Reward,Previsited,Previsited,Previsited,Previsited,Previsited,Previsited,Previsited,Previsited,Reward,,,,,,,,,,,,,,,,,,,,,,,,,,,,,,,,,,,,,,,,,Three,,,,,,,,,,,,,,,,,,,,,,,,,,,,,,,,Summer,,,,
OdorControl,OdorControl_Outdoors,2022-08-29,ColonyOutdoorsBee18,4,,O4,R3,O4,R1,L1,L1,R1,L1,L1,S0,O4,L3,R3,L1,L1,L3,O4,O4,L3,R1,,,,,,,,,,,,,,,,,,,,,,,,,,,,,,,,,,,,,,,,,Four,,,,,,,,,,,,,,,,,,,,,,,,,,,,,,,,Summer,,,,
OdorControl,OdorControl_Outdoors,2022-08-29,ColonyOutdoorsBee18,5,2,3,4,8,7,8,7,8,5,6,5,4,3,2,6,8,4,3,2,7,4,5,2,1,,,,,,,,,,,,,,,,,,,,,,,,,,,,,,,,,,,,,8,One,24,0,8,16,6,1,0,9,0,4,3,0,15,1,4,0.652173913,0.0434782609,0.1739130435,0.1304347826,0,6,11,7,13,20,0.5789473684,0.65,0.15,0.15,,,Summer,,,,
OdorControl,OdorControl_Outdoors,2022-08-29,ColonyOutdoorsBee18,5,12.010926,11.091428,12.499917,12.4958,12.486437,9.378039,11.127432,11.971132,12.499621,12.480503,10.784714,9.323569,10.752185,12.085027,11.038384,5.235347,6.938914,12.428338,12.362747,12.499621,10.841606,12.496548,6.626232,12.101145,,,,,,,,,,,,,,,,,,,,,,,,,,,,,,,,,,,,,,Two,,,,,,,,,,,,,,,,,,,,,,,,,,,,,,3,21,Summer,,,,
OdorControl,OdorControl_Outdoors,2022-08-29,ColonyOutdoorsBee18,5,Reward,Reward,Reward,Reward,Reward,Previsited,Previsited,Previsited,Reward,Reward,Previsited,Previsited,Previsited,Previsited,Previsited,Previsited,Previsited,Previsited,Previsited,Previsited,Previsited,Previsited,Previsited,Reward,,,,,,,,,,,,,,,,,,,,,,,,,,,,,,,,,,,,,,Three,,,,,,,,,,,,,,,,,,,,,,,,,,,,,,,,Summer,,,,
OdorControl,OdorControl_Outdoors,2022-08-29,ColonyOutdoorsBee18,5,,L1,L1,O4,R1,L1,R1,L1,R3,L1,R1,R1,R1,R1,O4,L2,O4,R1,R1,R3,R3,L1,R3,R1,,,,,,,,,,,,,,,,,,,,,,,,,,,,,,,,,,,,,,Four,,,,,,,,,,,,,,,,,,,,,,,,,,,,,,,,Summer,,,,
OdorControl,OdorControl_Outdoors,2022-08-29,ColonyOutdoorsBee18,6,1,6,2,5,6,1,7,7,3,2,4,3,8,,,,,,,,,,,,,,,,,,,,,,,,,,,,,,,,,,,,,,,,,,,,,,,,8,One,13,1,8,4,1,1,2,2,1,2,2,1,3,2,4,0.25,0.1666666667,0.3333333333,0.1666666667,0.0833333333,5,4,4,5,9,0.5,0.5555555556,0.0555555556,0.0555555556,,,Summer,,,,
OdorControl,OdorControl_Outdoors,2022-08-29,ColonyOutdoorsBee18,6,11.799566,12.498747,12.03233,12.496502,6.693462,12.340701,12.467142,11.436102,12.143596,6.380452,12.047872,12.054342,12.494255,,,,,,,,,,,,,,,,,,,,,,,,,,,,,,,,,,,,,,,,,,,,,,,,,Two,,,,,,,,,,,,,,,,,,,,,,,,,,,,,,2,11,Summer,,,,
OdorControl,OdorControl_Outdoors,2022-08-29,ColonyOutdoorsBee18,6,Reward,Reward,Reward,Reward,Previsited,Previsited,Reward,Same,Reward,Previsited,Reward,Previsited,Reward,,,,,,,,,,,,,,,,,,,,,,,,,,,,,,,,,,,,,,,,,,,,,,,,,Three,,,,,,,,,,,,,,,,,,,,,,,,,,,,,,,,Summer,,,,
OdorControl,OdorControl_Outdoors,2022-08-29,ColonyOutdoorsBee18,6,,R3,O4,L3,L1,L3,R2,S0,O4,R1,L2,R1,R3,,,,,,,,,,,,,,,,,,,,,,,,,,,,,,,,,,,,,,,,,,,,,,,,,Four,,,,,,,,,,,,,,,,,,,,,,,,,,,,,,,,Summer,,,,
OdorControl,OdorControl_Outdoors,2022-08-29,ColonyOutdoorsBee18,7,8,1,5,2,2,5,4,5,8,4,1,4,5,7,4,1,2,6,5,2,7,6,7,7,8,7,6,5,3,,,,,,,,,,,,,,,,,,,,,,,,,,,,,,,,8,One,29,2,8,19,6,1,3,6,1,6,3,2,12,2,9,0.4285714286,0.0714285714,0.3214285714,0.1071428571,0.0714285714,5,11,10,13,23,0.5,0.5652173913,0.0652173913,0.0652173913,,,Summer,,,,
OdorControl,OdorControl_Outdoors,2022-08-29,ColonyOutdoorsBee18,7,12.499356,12.476192,11.364752,12.137672,12.358584,10.382847,12.205319,11.357082,12.460433,11.64994,8.977235,11.536971,12.409456,12.436334,9.88629,10.487825,12.304001,12.443652,5.473968,8.666818,11.998066,11.458698,10.862245,12.496236,10.729209,12.477004,11.276282,5.260974,11.605432,,,,,,,,,,,,,,,,,,,,,,,,,,,,,,,,,Two,,,,,,,,,,,,,,,,,,,,,,,,,,,,,,4,25,Summer,,,,
OdorControl,OdorControl_Outdoors,2022-08-29,ColonyOutdoorsBee18,7,Reward,Reward,Reward,Reward,Same,Previsited,Reward,Previsited,Previsited,Previsited,Previsited,Previsited,Previsited,Reward,Previsited,Previsited,Previsited,Reward,Previsited,Previsited,Previsited,Previsited,Previsited,Same,Previsited,Previsited,Previsited,Previsited,Reward,,,,,,,,,,,,,,,,,,,,,,,,,,,,,,,,,Three,,,,,,,,,,,,,,,,,,,,,,,,,,,,,,,,Summer,,,,
OdorControl,OdorControl_Outdoors,2022-08-29,ColonyOutdoorsBee18,7,,L1,O4,R3,S0,L3,R1,L1,L3,O4,R3,L3,L1,L2,R3,R3,L1,O4,R1,R3,R3,R1,L1,S0,L1,R1,R1,R1,R2,,,,,,,,,,,,,,,,,,,,,,,,,,,,,,,,,Four,,,,,,,,,,,,,,,,,,,,,,,,,,,,,,,,Summer,,,,
OdorControl,OdorControl_Outdoors,2022-08-29,ColonyOutdoorsBee18,8,5,7,1,8,7,6,2,8,5,3,4,4,,,,,,,,,,,,,,,,,,,,,,,,,,,,,,,,,,,,,,,,,,,,,,,,,8,One,12,1,8,3,1,2,0,3,2,1,1,1,4,4,1,0.3636363636,0.3636363636,0.0909090909,0.0909090909,0.0909090909,5,2,3,6,9,0.25,0.6666666667,0.1666666667,0.1666666667,,,Summer,Used,,,
OdorControl,OdorControl_Outdoors,2022-08-29,ColonyOutdoorsBee18,8,12.288751,12.47652,12.48144,12.438763,10.544544,12.401426,11.958294,8.157428,4.623831,10.507433,12.433497,10.879315,,,,,,,,,,,,,,,,,,,,,,,,,,,,,,,,,,,,,,,,,,,,,,,,,,Two,,,,,,,,,,,,,,,,,,,,,,,,,,,,,,2,10,Summer,Used,,,
OdorControl,OdorControl_Outdoors,2022-08-29,ColonyOutdoorsBee18,8,Reward,Reward,Reward,Reward,Previsited,Reward,Reward,Previsited,Previsited,Reward,Reward,Same,,,,,,,,,,,,,,,,,,,,,,,,,,,,,,,,,,,,,,,,,,,,,,,,,,Three,,,,,,,,,,,,,,,,,,,,,,,,,,,,,,,,Summer,Used,,,
OdorControl,OdorControl_Outdoors,2022-08-29,ColonyOutdoorsBee18,8,,L2,L2,R1,R1,R1,O4,R2,R3,R2,L1,S0,,,,,,,,,,,,,,,,,,,,,,,,,,,,,,,,,,,,,,,,,,,,,,,,,,Four,,,,,,,,,,,,,,,,,,,,,,,,,,,,,,,,Summer,Used,,,
OdorControl,OdorControl_Outdoors,2022-08-29,ColonyOutdoorsBee18,9,3,5,6,7,8,1,4,4,5,4,3,3,1,7,6,3,4,3,1,2,,,,,,,,,,,,,,,,,,,,,,,,,,,,,,,,,,,,,,,,,8,One,20,2,8,10,7,1,1,4,3,1,0,2,11,4,2,0.5789473684,0.2105263158,0.1052631579,0,0.1052631579,8,4,9,8,17,0.25,0.4705882353,-0.029411765,0.0294117647,,,Summer,New,,,
OdorControl,OdorControl_Outdoors,2022-08-29,ColonyOutdoorsBee18,9,12.47552,11.742087,12.330477,12.034905,12.49842,12.387382,12.201054,10.600813,10.277574,11.671488,12.178218,12.498108,12.132467,12.484766,9.842976,12.498919,12.230542,12.496502,9.14211,10.996276,,,,,,,,,,,,,,,,,,,,,,,,,,,,,,,,,,,,,,,,,,Two,,,,,,,,,,,,,,,,,,,,,,,,,,,,,,0,20,Summer,New,,,
OdorControl,OdorControl_Outdoors,2022-08-29,ColonyOutdoorsBee18,9,Reward,Reward,Reward,Reward,Reward,Reward,Reward,Same,Previsited,Previsited,Previsited,Same,Previsited,Previsited,Previsited,Previsited,Previsited,Previsited,Previsited,Reward,,,,,,,,,,,,,,,,,,,,,,,,,,,,,,,,,,,,,,,,,,Three,,,,,,,,,,,,,,,,,,,,,,,,,,,,,,,,Summer,New,,,
OdorControl,OdorControl_Outdoors,2022-08-29,ColonyOutdoorsBee18,9,,L2,L1,L1,L1,L1,L3,S0,L1,R1,R1,S0,R2,R2,R1,R3,L1,R1,R2,L1,,,,,,,,,,,,,,,,,,,,,,,,,,,,,,,,,,,,,,,,,,Four,,,,,,,,,,,,,,,,,,,,,,,,,,,,,,,,Summer,New,,,
OdorControl,OdorControl_Outdoors,2022-08-29,ColonyOutdoorsBee19,1,4,7,8,3,5,4,8,1,1,2,2,5,4,3,2,1,4,3,2,4,5,2,2,3,1,5,2,4,4,2,1,3,3,5,1,2,3,7,2,8,7,6,,,,,,,,,,,,,,,,,,,8,One,42,5,8,29,7,5,5,10,3,2,4,5,17,8,7,0.4146341463,0.1951219512,0.1707317073,0.0975609756,0.1219512195,6,13,17,15,32,0.4193548387,0.46875,-0.03125,0.03125,,,Summer,,,,
OdorControl,OdorControl_Outdoors,2022-08-29,ColonyOutdoorsBee19,1,12.039585,12.370077,12.231116,12.307185,12.118771,9.259921,11.018943,12.48692,11.64666,12.146405,12.497359,12.068257,6.772872,12.484251,12.498841,12.49867,4.922874,11.834405,12.48756,12.248045,7.262647,12.240483,12.498841,12.300341,11.858362,12.164061,12.32499,8.51436,4.399113,12.404067,12.143355,4.344763,12.013896,12.079348,12.483767,11.881304,12.368044,12.493615,12.497297,12.499621,9.857817,10.924569,,,,,,,,,,,,,,,,,,,,Two,,,,,,,,,,,,,,,,,,,,,,,,,,,,,,6,36,Summer,,,,
OdorControl,OdorControl_Outdoors,2022-08-29,ColonyOutdoorsBee19,1,Reward,Reward,Reward,Reward,Reward,Previsited,Previsited,Reward,Same,Reward,Same,Previsited,Previsited,Previsited,Previsited,Previsited,Previsited,Previsited,Previsited,Previsited,Previsited,Previsited,Same,Previsited,Previsited,Previsited,Previsited,Previsited,Same,Previsited,Previsited,Previsited,Same,Previsited,Previsited,Previsited,Previsited,Previsited,Previsited,Previsited,Previsited,Reward,,,,,,,,,,,,,,,,,,,,Three,,,,,,,,,,,,,,,,,,,,,,,,,,,,,,,,Summer,,,,
OdorControl,OdorControl_Outdoors,2022-08-29,ColonyOutdoorsBee19,1,,L3,L1,L3,L2,R1,O4,L1,S0,L1,S0,L3,R1,R1,R1,R1,L3,R1,R1,L2,L1,R3,S0,L1,R2,O4,R3,L2,S0,R2,R1,L2,S0,L2,O4,L1,L1,O4,L3,R2,R1,R1,,,,,,,,,,,,,,,,,,,,Four,,,,,,,,,,,,,,,,,,,,,,,,,,,,,,,,Summer,,,,
OdorControl,OdorControl_Outdoors,2022-08-29,ColonyOutdoorsBee19,2,3,5,1,7,2,1,3,2,1,5,2,5,6,3,8,8,2,5,2,1,6,7,1,1,2,3,4,,,,,,,,,,,,,,,,,,,,,,,,,,,,,,,,,,8,One,27,2,8,17,5,4,3,4,1,5,2,2,9,5,8,0.3461538462,0.1923076923,0.3076923077,0.0769230769,0.0769230769,6,10,12,10,22,0.4761904762,0.4545454545,-0.045454545,0.0454545455,,,Summer,,,,
OdorControl,OdorControl_Outdoors,2022-08-29,ColonyOutdoorsBee19,2,12.369982,12.496923,12.477004,12.073263,11.853364,10.157903,7.809124,11.724942,8.460388,9.314135,10.178434,12.496923,12.483127,6.001364,12.392653,11.254272,11.932054,9.288379,11.175065,8.643576,12.036136,8.515504,4.351936,9.044877,8.555264,9.033146,11.056523,,,,,,,,,,,,,,,,,,,,,,,,,,,,,,,,,,,Two,,,,,,,,,,,,,,,,,,,,,,,,,,,,,,7,20,Summer,,,,
OdorControl,OdorControl_Outdoors,2022-08-29,ColonyOutdoorsBee19,2,Reward,Reward,Reward,Reward,Reward,Previsited,Previsited,Previsited,Previsited,Previsited,Previsited,Previsited,Reward,Previsited,Reward,Same,Previsited,Previsited,Previsited,Previsited,Previsited,Previsited,Previsited,Same,Previsited,Previsited,Reward,,,,,,,,,,,,,,,,,,,,,,,,,,,,,,,,,,,Three,,,,,,,,,,,,,,,,,,,,,,,,,,,,,,,,Summer,,,,
OdorControl,OdorControl_Outdoors,2022-08-29,ColonyOutdoorsBee19,2,,L2,O4,R2,L3,R1,L2,R1,R1,O4,R3,L3,L1,R3,R3,S0,L2,L3,R3,R1,R3,L1,L2,S0,L1,L1,L1,,,,,,,,,,,,,,,,,,,,,,,,,,,,,,,,,,,Four,,,,,,,,,,,,,,,,,,,,,,,,,,,,,,,,Summer,,,,
OdorControl,OdorControl_Outdoors,2022-08-29,ColonyOutdoorsBee19,3,8,8,3,3,2,1,1,8,4,3,2,3,2,1,8,7,6,5,,,,,,,,,,,,,,,,,,,,,,,,,,,,,,,,,,,,,,,,,,,8,One,18,3,8,7,1,0,1,11,0,0,1,3,12,0,1,0.7058823529,0,0.0588235294,0.0588235294,0.1764705882,2,3,2,11,13,0.25,0.8461538462,0.3461538462,0.3461538462,,,Summer,,,,
OdorControl,OdorControl_Outdoors,2022-08-29,ColonyOutdoorsBee19,3,12.487607,4.372669,11.940742,11.981142,11.960185,12.468862,4.398094,12.225234,12.243795,10.154851,12.281008,8.893859,10.58182,12.486561,8.430129,11.98446,12.419191,11.872064,,,,,,,,,,,,,,,,,,,,,,,,,,,,,,,,,,,,,,,,,,,,Two,,,,,,,,,,,,,,,,,,,,,,,,,,,,,,4,14,Summer,,,,
OdorControl,OdorControl_Outdoors,2022-08-29,ColonyOutdoorsBee19,3,Reward,Same,Reward,Same,Reward,Reward,Same,Previsited,Reward,Previsited,Previsited,Previsited,Previsited,Previsited,Previsited,Reward,Reward,Reward,,,,,,,,,,,,,,,,,,,,,,,,,,,,,,,,,,,,,,,,,,,,Three,,,,,,,,,,,,,,,,,,,,,,,,,,,,,,,,Summer,,,,
OdorControl,OdorControl_Outdoors,2022-08-29,ColonyOutdoorsBee19,3,,S0,L3,S0,R1,R1,S0,R1,O4,R1,R1,L1,R1,R1,R1,R1,R1,R1,,,,,,,,,,,,,,,,,,,,,,,,,,,,,,,,,,,,,,,,,,,,Four,,,,,,,,,,,,,,,,,,,,,,,,,,,,,,,,Summer,,,,
OdorControl,OdorControl_Outdoors,2022-08-29,ColonyOutdoorsBee19,4,5,6,4,8,1,4,5,8,7,7,6,3,2,,,,,,,,,,,,,,,,,,,,,,,,,,,,,,,,,,,,,,,,,,,,,,,,8,One,13,1,8,4,3,0,2,3,1,1,1,1,6,1,3,0.5,0.0833333333,0.25,0.0833333333,0.0833333333,6,3,5,5,10,0.3333333333,0.5,0,0,,,Summer,,,,
OdorControl,OdorControl_Outdoors,2022-08-29,ColonyOutdoorsBee19,4,12.104753,12.483501,11.945769,12.498841,12.434171,10.507285,8.320088,12.425797,12.033609,4.427601,8.568583,11.950125,11.144184,,,,,,,,,,,,,,,,,,,,,,,,,,,,,,,,,,,,,,,,,,,,,,,,,Two,,,,,,,,,,,,,,,,,,,,,,,,,,,,,,3,10,Summer,,,,
OdorControl,OdorControl_Outdoors,2022-08-29,ColonyOutdoorsBee19,4,Reward,Reward,Reward,Reward,Reward,Previsited,Previsited,Previsited,Reward,Same,Previsited,Reward,Reward,,,,,,,,,,,,,,,,,,,,,,,,,,,,,,,,,,,,,,,,,,,,,,,,,Three,,,,,,,,,,,,,,,,,,,,,,,,,,,,,,,,Summer,,,,
OdorControl,OdorControl_Outdoors,2022-08-29,ColonyOutdoorsBee19,4,,L1,R2,O4,L1,L3,L1,L3,R1,S0,R1,R3,R1,,,,,,,,,,,,,,,,,,,,,,,,,,,,,,,,,,,,,,,,,,,,,,,,,Four,,,,,,,,,,,,,,,,,,,,,,,,,,,,,,,,Summer,,,,
OdorControl,OdorControl_Outdoors,2022-08-29,ColonyOutdoorsBee19,5,4,5,4,3,8,8,7,8,2,3,4,5,6,7,4,8,1,,,,,,,,,,,,,,,,,,,,,,,,,,,,,,,,,,,,,,,,,,,,8,One,17,1,8,8,8,1,0,3,0,2,1,1,11,1,2,0.6875,0.0625,0.125,0.0625,0.0625,3,4,9,5,14,0.3076923077,0.3571428571,-0.142857143,0.1428571429,,,Summer,,,,
OdorControl,OdorControl_Outdoors,2022-08-29,ColonyOutdoorsBee19,5,11.333579,11.980198,11.499622,11.644518,12.450902,4.344718,12.425828,10.63681,12.378362,12.075716,9.8318,10.415668,10.738417,9.260068,10.057177,12.233554,11.621411,,,,,,,,,,,,,,,,,,,,,,,,,,,,,,,,,,,,,,,,,,,,,Two,,,,,,,,,,,,,,,,,,,,,,,,,,,,,,1,16,Summer,,,,
OdorControl,OdorControl_Outdoors,2022-08-29,ColonyOutdoorsBee19,5,Reward,Reward,Previsited,Reward,Reward,Same,Reward,Previsited,Reward,Previsited,Previsited,Previsited,Reward,Previsited,Previsited,Previsited,Reward,,,,,,,,,,,,,,,,,,,,,,,,,,,,,,,,,,,,,,,,,,,,,Three,,,,,,,,,,,,,,,,,,,,,,,,,,,,,,,,Summer,,,,
OdorControl,OdorControl_Outdoors,2022-08-29,ColonyOutdoorsBee19,5,,L1,R1,R1,R3,S0,R1,L1,L2,L1,L1,L1,L1,L1,R3,O4,L1,,,,,,,,,,,,,,,,,,,,,,,,,,,,,,,,,,,,,,,,,,,,,Four,,,,,,,,,,,,,,,,,,,,,,,,,,,,,,,,Summer,,,,
OdorControl,OdorControl_Outdoors,2022-08-29,ColonyOutdoorsBee19,6,8,5,3,8,3,4,5,4,5,1,8,2,7,,,,,,,,,,,,,,,,,,,,,,,,,,,,,,,,,,,,,,,,,,,,,,,,7,One,13,0,7,6,3,1,1,2,1,3,1,0,5,2,4,0.4166666667,0.1666666667,0.3333333333,0.0833333333,0,4,6,5,6,11,0.6,0.5454545455,0.0454545455,0.0454545455,,,Summer,,,,
OdorControl,OdorControl_Outdoors,2022-08-29,ColonyOutdoorsBee19,6,11.417389,10.80602,11.072238,12.49541,11.556554,12.404727,10.322501,11.670436,12.205319,12.484173,10.485594,12.091525,11.259813,,,,,,,,,,,,,,,,,,,,,,,,,,,,,,,,,,,,,,,,,,,,,,,,,Two,,,,,,,,,,,,,,,,,,,,,,,,,,,,,,0,13,Summer,,,,
OdorControl,OdorControl_Outdoors,2022-08-29,ColonyOutdoorsBee19,6,Reward,Reward,Reward,Previsited,Previsited,Reward,Previsited,Previsited,Previsited,Reward,Previsited,Reward,Reward,,,,,,,,,,,,,,,,,,,,,,,,,,,,,,,,,,,,,,,,,,,,,,,,,Three,,,,,,,,,,,,,,,,,,,,,,,,,,,,,,,,Summer,,,,
OdorControl,OdorControl_Outdoors,2022-08-29,ColonyOutdoorsBee19,6,,R3,R2,R3,L3,L1,L1,R1,L1,O4,R1,L2,R3,,,,,,,,,,,,,,,,,,,,,,,,,,,,,,,,,,,,,,,,,,,,,,,,,Four,,,,,,,,,,,,,,,,,,,,,,,,,,,,,,,,Summer,,,,
OdorControl,OdorControl_Outdoors,2022-08-29,ColonyOutdoorsBee19,7,8,1,5,2,8,3,5,8,1,4,6,3,2,3,5,4,3,2,3,4,5,6,6,2,4,5,2,1,3,4,8,8,5,4,7,,,,,,,,,,,,,,,,,,,,,,,,,,8,One,35,2,8,25,9,5,4,6,1,4,3,2,15,6,8,0.4411764706,0.1764705882,0.2352941176,0.0882352941,0.0588235294,5,10,18,11,29,0.3571428571,0.3793103448,-0.120689655,0.1206896552,,,Summer,,,,
OdorControl,OdorControl_Outdoors,2022-08-29,ColonyOutdoorsBee19,7,12.084752,12.49541,10.414189,12.062828,9.894449,11.839296,8.534734,10.287034,11.984607,12.050703,12.05924,9.911829,9.049273,12.175257,11.271337,11.299128,11.653102,12.210827,10.886462,10.114268,11.47641,12.327631,12.360287,11.09257,12.010001,10.806579,12.298439,9.86841,12.304967,12.491743,4.350278,11.843049,5.485067,7.227132,11.542022,,,,,,,,,,,,,,,,,,,,,,,,,,,Two,,,,,,,,,,,,,,,,,,,,,,,,,,,,,,4,31,Summer,,,,
OdorControl,OdorControl_Outdoors,2022-08-29,ColonyOutdoorsBee19,7,Reward,Reward,Reward,Reward,Previsited,Reward,Previsited,Previsited,Previsited,Reward,Reward,Previsited,Previsited,Previsited,Previsited,Previsited,Previsited,Previsited,Previsited,Previsited,Previsited,Previsited,Same,Previsited,Previsited,Previsited,Previsited,Previsited,Previsited,Previsited,Previsited,Same,Previsited,Previsited,Reward,,,,,,,,,,,,,,,,,,,,,,,,,,,Three,,,,,,,,,,,,,,,,,,,,,,,,,,,,,,,,Summer,,,,
OdorControl,OdorControl_Outdoors,2022-08-29,ColonyOutdoorsBee19,7,,L1,O4,R3,R2,L3,L2,L3,L1,L3,L2,R3,R1,L1,L2,R1,R1,R1,L1,L1,L1,L1,S0,O4,L2,L1,R3,R1,L2,L1,O4,S0,R3,R1,L3,,,,,,,,,,,,,,,,,,,,,,,,,,,Four,,,,,,,,,,,,,,,,,,,,,,,,,,,,,,,,Summer,,,,
OdorControl,OdorControl_Outdoors,2022-08-29,ColonyOutdoorsBee19,8,1,3,4,5,8,6,2,3,2,1,7,,,,,,,,,,,,,,,,,,,,,,,,,,,,,,,,,,,,,,,,,,,,,,,,,,8,One,11,0,8,3,3,1,1,2,2,0,1,0,5,3,1,0.5,0.3,0.1,0.1,0,8,3,5,4,9,0.375,0.4444444444,-0.055555556,0.0555555556,,,Summer,New,,,
OdorControl,OdorControl_Outdoors,2022-08-29,ColonyOutdoorsBee19,8,12.471738,11.536971,11.948706,12.188522,12.497359,12.248681,11.595955,11.33179,12.463858,10.876448,11.476546,,,,,,,,,,,,,,,,,,,,,,,,,,,,,,,,,,,,,,,,,,,,,,,,,,,Two,,,,,,,,,,,,,,,,,,,,,,,,,,,,,,0,11,Summer,New,,,
OdorControl,OdorControl_Outdoors,2022-08-29,ColonyOutdoorsBee19,8,Reward,Reward,Reward,Reward,Reward,Reward,Reward,Previsited,Previsited,Previsited,Reward,,,,,,,,,,,,,,,,,,,,,,,,,,,,,,,,,,,,,,,,,,,,,,,,,,,Three,,,,,,,,,,,,,,,,,,,,,,,,,,,,,,,,Summer,New,,,
OdorControl,OdorControl_Outdoors,2022-08-29,ColonyOutdoorsBee19,8,,L2,L1,L1,L3,R2,O4,L1,R1,R1,R2,,,,,,,,,,,,,,,,,,,,,,,,,,,,,,,,,,,,,,,,,,,,,,,,,,,Four,,,,,,,,,,,,,,,,,,,,,,,,,,,,,,,,Summer,New,,,
OdorControl,OdorControl_Outdoors,2022-08-29,ColonyOutdoorsBee19,9,8,5,6,7,8,6,3,5,2,3,7,1,2,8,3,4,,,,,,,,,,,,,,,,,,,,,,,,,,,,,,,,,,,,,,,,,,,,,8,One,16,0,8,8,6,2,1,0,2,3,1,0,6,4,4,0.4,0.2666666667,0.2666666667,0.0666666667,0,5,7,9,5,14,0.5384615385,0.3571428571,-0.142857143,0.1428571429,,,Summer,Used,,,
OdorControl,OdorControl_Outdoors,2022-08-29,ColonyOutdoorsBee19,9,5.425898,11.632409,11.06891,11.002992,12.345849,8.703983,10.830435,7.623835,12.263457,10.753218,10.694599,11.066532,12.233219,11.01758,11.252245,11.52392,,,,,,,,,,,,,,,,,,,,,,,,,,,,,,,,,,,,,,,,,,,,,,Two,,,,,,,,,,,,,,,,,,,,,,,,,,,,,,3,13,Summer,Used,,,
OdorControl,OdorControl_Outdoors,2022-08-29,ColonyOutdoorsBee19,9,Reward,Reward,Reward,Reward,Previsited,Previsited,Reward,Previsited,Reward,Previsited,Previsited,Reward,Previsited,Previsited,Previsited,Reward,,,,,,,,,,,,,,,,,,,,,,,,,,,,,,,,,,,,,,,,,,,,,,Three,,,,,,,,,,,,,,,,,,,,,,,,,,,,,,,,Summer,Used,,,
OdorControl,OdorControl_Outdoors,2022-08-29,ColonyOutdoorsBee19,9,,R3,L1,L1,L1,R2,R3,L2,R3,L1,O4,L2,L1,R2,L3,L1,,,,,,,,,,,,,,,,,,,,,,,,,,,,,,,,,,,,,,,,,,,,,,Four,,,,,,,,,,,,,,,,,,,,,,,,,,,,,,,,Summer,Used,,,
OdorControl,OdorControl_Outdoors,2022-01-09,ColonyOutdoorsBee20,1,8,5,5,7,7,3,4,8,3,7,4,8,7,3,7,3,5,6,8,7,8,3,3,2,2,3,7,4,2,6,5,8,5,4,3,8,5,8,1,7,3,1,5,6,7,8,4,1,,,,,,,,,,,,,8,One,48,4,8,36,8,3,4,6,3,7,12,4,14,6,11,0.2978723404,0.1276595745,0.2340425532,0.2553191489,0.085106383,3,14,15,16,31,0.4666666667,0.5161290323,0.0161290323,0.0161290323,,,Summer,,,,
OdorControl,OdorControl_Outdoors,2022-01-09,ColonyOutdoorsBee20,1,12.489121,12.165535,11.741173,11.337293,12.49973,11.145915,12.069807,12.499356,12.275261,11.761709,12.043276,9.675378,12.108939,10.362231,8.51223,11.44864,8.089064,12.187626,9.715086,12.446346,9.57959,12.206101,12.392794,12.451654,12.485141,11.166218,12.216764,12.11491,11.264694,11.125978,12.110549,10.102332,7.39241,11.45715,5.70685,9.423821,12.014107,10.587842,12.493054,7.80463,12.368438,12.489621,9.819361,12.025281,12.48639,8.016324,10.725557,11.684107,,,,,,,,,,,,,,Two,,,,,,,,,,,,,,,,,,,,,,,,,,,,,,6,42,Summer,,,,
OdorControl,OdorControl_Outdoors,2022-01-09,ColonyOutdoorsBee20,1,Reward,Reward,Same,Reward,Same,Reward,Reward,Previsited,Previsited,Previsited,Previsited,Previsited,Previsited,Previsited,Previsited,Previsited,Previsited,Reward,Previsited,Previsited,Previsited,Previsited,Same,Reward,Same,Previsited,Previsited,Previsited,Previsited,Previsited,Previsited,Previsited,Previsited,Previsited,Previsited,Previsited,Previsited,Previsited,Reward,Previsited,Previsited,Previsited,Previsited,Previsited,Previsited,Previsited,Previsited,Previsited,,,,,,,,,,,,,,Three,,,,,,,,,,,,,,,,,,,,,,,,,,,,,,,,Summer,,,,
OdorControl,OdorControl_Outdoors,2022-01-09,ColonyOutdoorsBee20,1,,R3,S0,L2,S0,O4,L1,O4,L3,O4,R3,O4,R1,O4,O4,O4,L2,L1,L2,R1,L1,L3,S0,R1,S0,L1,O4,R3,R2,O4,R1,L3,R3,R1,R1,R3,R3,L3,L1,R2,O4,R2,O4,L1,L1,L1,O4,R3,,,,,,,,,,,,,,Four,,,,,,,,,,,,,,,,,,,,,,,,,,,,,,,,Summer,,,,
OdorControl,OdorControl_Outdoors,2022-01-09,ColonyOutdoorsBee20,2,8,5,5,6,6,7,7,2,4,5,2,3,4,2,1,8,,,,,,,,,,,,,,,,,,,,,,,,,,,,,,,,,,,,,,,,,,,,,8,One,16,3,8,5,5,1,1,2,1,2,0,3,7,2,3,0.4666666667,0.1333333333,0.2,0,0.2,3,4,7,5,12,0.3636363636,0.4166666667,-0.083333333,0.0833333333,,,Summer,,,,
OdorControl,OdorControl_Outdoors,2022-01-09,ColonyOutdoorsBee20,2,5.019723,12.174777,12.428934,12.284721,12.182587,12.34727,11.063079,11.662449,12.423914,12.146694,12.273006,12.395688,11.971132,11.329244,11.421776,11.39389,,,,,,,,,,,,,,,,,,,,,,,,,,,,,,,,,,,,,,,,,,,,,,Two,,,,,,,,,,,,,,,,,,,,,,,,,,,,,,1,15,Summer,,,,
OdorControl,OdorControl_Outdoors,2022-01-09,ColonyOutdoorsBee20,2,Reward,Reward,Same,Reward,Same,Reward,Same,Reward,Reward,Previsited,Previsited,Reward,Previsited,Previsited,Reward,Previsited,,,,,,,,,,,,,,,,,,,,,,,,,,,,,,,,,,,,,,,,,,,,,,Three,,,,,,,,,,,,,,,,,,,,,,,,,,,,,,,,Summer,,,,
OdorControl,OdorControl_Outdoors,2022-01-09,ColonyOutdoorsBee20,2,,R3,S0,L1,S0,L1,S0,L3,L2,L1,R3,L1,L1,R2,R1,R1,,,,,,,,,,,,,,,,,,,,,,,,,,,,,,,,,,,,,,,,,,,,,,Four,,,,,,,,,,,,,,,,,,,,,,,,,,,,,,,,Summer,,,,
OdorControl,OdorControl_Outdoors,2022-01-09,ColonyOutdoorsBee20,3,1,2,6,3,2,3,2,3,7,6,2,1,4,8,5,,,,,,,,,,,,,,,,,,,,,,,,,,,,,,,,,,,,,,,,,,,,,,8,One,15,0,8,7,3,0,1,4,0,2,4,0,7,0,3,0.5,0,0.2142857143,0.2857142857,0,5,7,4,6,10,0.7777777778,0.6,0.1,0.1,,,Summer,,,,
OdorControl,OdorControl_Outdoors,2022-01-09,ColonyOutdoorsBee20,3,12.496751,11.222688,12.486171,12.499621,10.953009,12.353583,10.703071,10.739124,12.312964,12.250098,10.531503,12.359467,10.959841,10.988137,12.192535,,,,,,,,,,,,,,,,,,,,,,,,,,,,,,,,,,,,,,,,,,,,,,,Two,,,,,,,,,,,,,,,,,,,,,,,,,,,,,,0,15,Summer,,,,
OdorControl,OdorControl_Outdoors,2022-01-09,ColonyOutdoorsBee20,3,Reward,Reward,Reward,Reward,Previsited,Previsited,Previsited,Previsited,Reward,Previsited,Previsited,Previsited,Reward,Reward,Reward,,,,,,,,,,,,,,,,,,,,,,,,,,,,,,,,,,,,,,,,,,,,,,,Three,,,,,,,,,,,,,,,,,,,,,,,,,,,,,,,,Summer,,,,
OdorControl,OdorControl_Outdoors,2022-01-09,ColonyOutdoorsBee20,3,,L1,O4,R3,R1,L1,R1,L1,O4,R1,O4,R1,L3,O4,R3,,,,,,,,,,,,,,,,,,,,,,,,,,,,,,,,,,,,,,,,,,,,,,,Four,,,,,,,,,,,,,,,,,,,,,,,,,,,,,,,,Summer,,,,
OdorControl,OdorControl_Outdoors,2022-01-09,ColonyOutdoorsBee20,4,8,7,7,3,4,7,6,3,7,6,7,8,3,2,7,6,4,5,2,3,8,5,6,2,3,6,1,,,,,,,,,,,,,,,,,,,,,,,,,,,,,,,,,,8,One,27,1,8,18,7,0,4,5,1,5,3,1,12,1,9,0.4615384615,0.0384615385,0.3461538462,0.1153846154,0.0384615385,3,9,11,11,22,0.4285714286,0.5,0,0,,,Summer,,,,
OdorControl,OdorControl_Outdoors,2022-01-09,ColonyOutdoorsBee20,4,12.497734,12.394682,12.276293,12.447285,12.407241,10.764904,12.245259,10.938923,12.49867,11.936546,10.530189,11.363723,11.727353,12.270575,4.906931,10.490129,11.223035,11.977448,11.434602,12.459854,10.910214,12.425091,11.039656,11.969959,12.478863,10.911125,11.121439,,,,,,,,,,,,,,,,,,,,,,,,,,,,,,,,,,,Two,,,,,,,,,,,,,,,,,,,,,,,,,,,,,,1,26,Summer,,,,
OdorControl,OdorControl_Outdoors,2022-01-09,ColonyOutdoorsBee20,4,Reward,Reward,Same,Reward,Reward,Previsited,Reward,Previsited,Previsited,Previsited,Previsited,Previsited,Previsited,Reward,Previsited,Previsited,Previsited,Reward,Previsited,Previsited,Previsited,Previsited,Previsited,Previsited,Previsited,Previsited,Reward,,,,,,,,,,,,,,,,,,,,,,,,,,,,,,,,,,,Three,,,,,,,,,,,,,,,,,,,,,,,,,,,,,,,,Summer,,,,
OdorControl,OdorControl_Outdoors,2022-01-09,ColonyOutdoorsBee20,4,,R1,S0,O4,L1,L3,R1,R3,O4,R1,L1,L1,L3,R1,R3,R1,R2,L1,R3,L1,R3,R3,L1,O4,L1,L3,L3,,,,,,,,,,,,,,,,,,,,,,,,,,,,,,,,,,,Four,,,,,,,,,,,,,,,,,,,,,,,,,,,,,,,,Summer,,,,
OdorControl,OdorControl_Outdoors,2022-01-09,ColonyOutdoorsBee20,5,4,5,3,4,8,7,1,6,8,1,2,,,,,,,,,,,,,,,,,,,,,,,,,,,,,,,,,,,,,,,,,,,,,,,,,,8,One,11,0,8,3,4,2,0,1,1,1,1,0,5,3,1,0.5,0.3,0.1,0.1,0,4,6,6,3,9,0.75,0.3333333333,-0.166666667,0.1666666667,,,Summer,,,,
OdorControl,OdorControl_Outdoors,2022-01-09,ColonyOutdoorsBee20,5,12.148154,12.499621,12.160711,10.645896,12.257351,10.73602,12.058739,12.343954,12.49842,12.0287,12.4958,,,,,,,,,,,,,,,,,,,,,,,,,,,,,,,,,,,,,,,,,,,,,,,,,,,Two,,,,,,,,,,,,,,,,,,,,,,,,,,,,,,0,11,Summer,,,,
OdorControl,OdorControl_Outdoors,2022-01-09,ColonyOutdoorsBee20,5,Reward,Reward,Reward,Previsited,Reward,Reward,Reward,Reward,Previsited,Previsited,Reward,,,,,,,,,,,,,,,,,,,,,,,,,,,,,,,,,,,,,,,,,,,,,,,,,,,Three,,,,,,,,,,,,,,,,,,,,,,,,,,,,,,,,Summer,,,,
OdorControl,OdorControl_Outdoors,2022-01-09,ColonyOutdoorsBee20,5,,L1,R2,L1,O4,R1,L2,R3,L2,L1,L1,,,,,,,,,,,,,,,,,,,,,,,,,,,,,,,,,,,,,,,,,,,,,,,,,,,Four,,,,,,,,,,,,,,,,,,,,,,,,,,,,,,,,Summer,,,,
OdorControl,OdorControl_Outdoors,2022-01-09,ColonyOutdoorsBee20,6,8,5,2,3,7,3,2,4,6,1,,,,,,,,,,,,,,,,,,,,,,,,,,,,,,,,,,,,,,,,,,,,,,,,,,,8,One,10,0,8,2,1,2,1,1,0,2,2,0,2,2,3,0.2222222222,0.2222222222,0.3333333333,0.2222222222,0,6,3,4,3,7,0.5,0.4285714286,-0.071428571,0.0714285714,,,Summer,,,,
OdorControl,OdorControl_Outdoors,2022-01-09,ColonyOutdoorsBee20,6,11.590979,10.433431,12.123981,10.491838,12.497359,12.256731,11.068734,11.797072,10.648294,11.486461,,,,,,,,,,,,,,,,,,,,,,,,,,,,,,,,,,,,,,,,,,,,,,,,,,,,Two,,,,,,,,,,,,,,,,,,,,,,,,,,,,,,0,10,Summer,,,,
OdorControl,OdorControl_Outdoors,2022-01-09,ColonyOutdoorsBee20,6,Reward,Reward,Reward,Reward,Reward,Previsited,Previsited,Reward,Reward,Reward,,,,,,,,,,,,,,,,,,,,,,,,,,,,,,,,,,,,,,,,,,,,,,,,,,,,Three,,,,,,,,,,,,,,,,,,,,,,,,,,,,,,,,Summer,,,,
OdorControl,OdorControl_Outdoors,2022-01-09,ColonyOutdoorsBee20,6,,R3,R3,L1,O4,O4,R1,L2,L2,L3,,,,,,,,,,,,,,,,,,,,,,,,,,,,,,,,,,,,,,,,,,,,,,,,,,,,Four,,,,,,,,,,,,,,,,,,,,,,,,,,,,,,,,Summer,,,,
OdorControl,OdorControl_Outdoors,2022-01-09,ColonyOutdoorsBee20,7,8,3,5,6,7,8,1,3,4,7,2,,,,,,,,,,,,,,,,,,,,,,,,,,,,,,,,,,,,,,,,,,,,,,,,,,8,One,11,0,8,3,5,2,3,0,0,0,0,0,5,2,3,0.5,0.2,0.3,0,0,6,0,10,0,10,0,0,-0.5,0.5,,,Summer,,,,
OdorControl,OdorControl_Outdoors,2022-01-09,ColonyOutdoorsBee20,7,12.493615,10.601475,10.483363,12.083865,12.482424,12.399634,12.49413,10.47369,11.279185,12.46944,10.988828,,,,,,,,,,,,,,,,,,,,,,,,,,,,,,,,,,,,,,,,,,,,,,,,,,,Two,,,,,,,,,,,,,,,,,,,,,,,,,,,,,,0,11,Summer,,,,
OdorControl,OdorControl_Outdoors,2022-01-09,ColonyOutdoorsBee20,7,Reward,Reward,Reward,Reward,Reward,Previsited,Reward,Previsited,Reward,Previsited,Reward,,,,,,,,,,,,,,,,,,,,,,,,,,,,,,,,,,,,,,,,,,,,,,,,,,,Three,,,,,,,,,,,,,,,,,,,,,,,,,,,,,,,,Summer,,,,
OdorControl,OdorControl_Outdoors,2022-01-09,ColonyOutdoorsBee20,7,,L3,L2,L1,L1,L1,L1,L2,L1,L3,L3,,,,,,,,,,,,,,,,,,,,,,,,,,,,,,,,,,,,,,,,,,,,,,,,,,,Four,,,,,,,,,,,,,,,,,,,,,,,,,,,,,,,,Summer,,,,
OdorControl,OdorControl_Outdoors,2022-01-09,ColonyOutdoorsBee20,8,8,2,4,3,4,5,6,1,2,1,5,4,1,1,2,3,6,1,5,6,8,1,2,6,1,6,1,7,,,,,,,,,,,,,,,,,,,,,,,,,,,,,,,,,8,One,28,1,8,19,9,3,5,3,1,2,3,1,12,4,7,0.4444444444,0.1481481481,0.2592592593,0.1111111111,0.037037037,5,7,17,6,23,0.3181818182,0.2608695652,-0.239130435,0.2391304348,,,Summer,Used,,,
OdorControl,OdorControl_Outdoors,2022-01-09,ColonyOutdoorsBee20,8,11.010023,11.032025,11.817295,12.286895,12.1461,12.049813,10.75851,12.496751,12.224723,12.447974,10.741702,10.982991,10.901277,4.361734,11.337241,11.230588,10.727229,10.947936,10.401828,10.68081,12.42065,12.487763,12.354656,12.348754,12.4855,8.100237,10.990017,12.49973,,,,,,,,,,,,,,,,,,,,,,,,,,,,,,,,,,Two,,,,,,,,,,,,,,,,,,,,,,,,,,,,,,2,26,Summer,Used,,,
OdorControl,OdorControl_Outdoors,2022-01-09,ColonyOutdoorsBee20,8,Reward,Reward,Reward,Reward,Previsited,Reward,Reward,Reward,Previsited,Previsited,Previsited,Previsited,Previsited,Same,Previsited,Previsited,Previsited,Previsited,Previsited,Previsited,Previsited,Previsited,Previsited,Previsited,Previsited,Previsited,Previsited,Reward,,,,,,,,,,,,,,,,,,,,,,,,,,,,,,,,,,Three,,,,,,,,,,,,,,,,,,,,,,,,,,,,,,,,Summer,Used,,,
OdorControl,OdorControl_Outdoors,2022-01-09,ColonyOutdoorsBee20,8,,L2,L2,R1,L1,L1,L1,L3,L1,R1,O4,R1,R3,S0,L1,L1,L3,L3,O4,L1,L2,L1,L1,O4,L3,R3,L3,R2,,,,,,,,,,,,,,,,,,,,,,,,,,,,,,,,,,Four,,,,,,,,,,,,,,,,,,,,,,,,,,,,,,,,Summer,Used,,,
OdorControl,OdorControl_Outdoors,2022-01-09,ColonyOutdoorsBee20,9,6,6,5,8,7,2,3,4,2,3,6,7,2,6,1,,,,,,,,,,,,,,,,,,,,,,,,,,,,,,,,,,,,,,,,,,,,,,8,One,15,1,8,6,4,0,5,2,1,0,1,1,6,1,5,0.4285714286,0.0714285714,0.3571428571,0.0714285714,0.0714285714,2,5,9,3,12,0.4545454545,0.25,-0.25,0.25,,,Summer,New,,,
OdorControl,OdorControl_Outdoors,2022-01-09,ColonyOutdoorsBee20,9,4.45026,12.251387,10.569655,12.130378,12.497859,12.053048,12.197075,12.082381,12.110822,10.813035,10.928226,12.477066,12.116084,12.419771,11.462525,,,,,,,,,,,,,,,,,,,,,,,,,,,,,,,,,,,,,,,,,,,,,,,Two,,,,,,,,,,,,,,,,,,,,,,,,,,,,,,1,14,Summer,New,,,
OdorControl,OdorControl_Outdoors,2022-01-09,ColonyOutdoorsBee20,9,Reward,Same,Reward,Reward,Reward,Reward,Reward,Reward,Previsited,Previsited,Previsited,Previsited,Previsited,Previsited,Reward,,,,,,,,,,,,,,,,,,,,,,,,,,,,,,,,,,,,,,,,,,,,,,,Three,,,,,,,,,,,,,,,,,,,,,,,,,,,,,,,,Summer,New,,,
OdorControl,OdorControl_Outdoors,2022-01-09,ColonyOutdoorsBee20,9,,S0,R1,L3,R1,L3,L1,L1,R2,L1,L3,L1,L3,O4,L3,,,,,,,,,,,,,,,,,,,,,,,,,,,,,,,,,,,,,,,,,,,,,,,Four,,,,,,,,,,,,,,,,,,,,,,,,,,,,,,,,Summer,New,,,
Balanced,Balanced_Colony01,2021-11-29,1Rep1,1,6,6,1,4,8,3,7,4,1,8,6,3,8,5,6,5,3,1,5,3,8,6,3,7,7,2,,,,,,,,,,,,,,,,,,,,,,,,,,,,,,,,,,,8,One,26,2,8,16,1,0,4,2,5,7,4,2,3,5,11,0.12,0.2,0.44,0.16,0.08,2,4,5,14,19,0.2222222222,0.7368421053,0.2368421053,0.2368421053,,,Winter,,2021-11-04,25,-4.666666667
Balanced,Balanced_Colony01,2021-11-29,1Rep1,1,10.603332,4.423152,10.025029,11.175624,10.959716,10.963095,11.490584,10.23003,10.119316,10.840455,10.592038,9.712938,11.464293,10.917983,9.447042,10.01863,9.643817,10.401454,9.646586,10.347284,9.994085,9.063736,9.565968,10.212867,8.728494,11.37353,,,,,,,,,,,,,,,,,,,,,,,,,,,,,,,,,,,,Two,,,,,,,,,,,,,,,,,,,,,,,,,,,,,,2,24,Winter,,2021-11-04,25,-4.666666667
Balanced,Balanced_Colony01,2021-11-29,1Rep1,1,Reward,Same,Reward,Reward,Reward,Reward,Reward,Previsited,Previsited,Previsited,Previsited,Previsited,Previsited,Reward,Previsited,Previsited,Previsited,Previsited,Previsited,Previsited,Previsited,Previsited,Previsited,Previsited,Same,Reward,,,,,,,,,,,,,,,,,,,,,,,,,,,,,,,,,,,,Three,,,,,,,,,,,,,,,,,,,,,,,,,,,,,,,,Winter,,2021-11-04,25,-4.666666667
Balanced,Balanced_Colony01,2021-11-29,1Rep1,1,,S0,L3,L3,O4,L3,O4,R3,R3,R1,R2,R3,R3,R3,L1,R1,R2,R2,O4,R2,R3,R2,R3,O4,S0,L3,,,,,,,,,,,,,,,,,,,,,,,,,,,,,,,,,,,,Four,,,,,,,,,,,,,,,,,,,,,,,,,,,,,,,,Winter,,2021-11-04,25,-4.666666667
Balanced,Balanced_Colony01,2021-11-29,1Rep1,2,5,2,4,5,8,2,1,8,4,8,5,4,8,3,8,5,1,7,4,7,5,,,,,,,,,,,,,,,,,,,,,,,,,,,,,,,,,,,,,,,,7,One,21,0,7,14,1,2,3,3,2,5,4,0,4,4,8,0.2,0.2,0.4,0.2,0,4,6,6,10,16,0.4,0.625,0.125,0.125,,,Winter,,2021-11-04,25,-4.666666667
Balanced,Balanced_Colony01,2021-11-29,1Rep1,2,11.206088,10.940687,10.760992,8.140948,11.677432,9.723609,10.958845,10.070715,9.421008,8.399854,8.95617,11.29409,11.748327,11.270109,11.35401,9.647455,10.639046,11.449032,9.215313,9.564439,11.226803,,,,,,,,,,,,,,,,,,,,,,,,,,,,,,,,,,,,,,,,,Two,,,,,,,,,,,,,,,,,,,,,,,,,,,,,,3,18,Winter,,2021-11-04,25,-4.666666667
Balanced,Balanced_Colony01,2021-11-29,1Rep1,2,Reward,Reward,Reward,Previsited,Reward,Previsited,Reward,Previsited,Previsited,Previsited,Previsited,Previsited,Previsited,Reward,Previsited,Previsited,Previsited,Reward,Previsited,Previsited,Previsited,,,,,,,,,,,,,,,,,,,,,,,,,,,,,,,,,,,,,,,,,Three,,,,,,,,,,,,,,,,,,,,,,,,,,,,,,,,Winter,,2021-11-04,25,-4.666666667
Balanced,Balanced_Colony01,2021-11-29,1Rep1,2,,R3,L2,L1,L3,L2,R1,R1,O4,O4,R3,R1,O4,L3,R3,R3,O4,R2,R3,L3,R2,,,,,,,,,,,,,,,,,,,,,,,,,,,,,,,,,,,,,,,,,Four,,,,,,,,,,,,,,,,,,,,,,,,,,,,,,,,Winter,,2021-11-04,25,-4.666666667
Balanced,Balanced_Colony01,2021-11-29,1Rep1,3,8,5,3,7,4,7,3,2,5,4,1,5,6,,,,,,,,,,,,,,,,,,,,,,,,,,,,,,,,,,,,,,,,,,,,,,,,8,One,13,0,8,5,1,0,2,2,1,3,3,0,3,1,5,0.25,0.0833333333,0.4166666667,0.25,0,6,5,3,6,9,0.625,0.6666666667,0.1666666667,0.1666666667,,,Winter,,2021-11-04,25,-4.666666667
Balanced,Balanced_Colony01,2021-11-29,1Rep1,3,10.090458,9.858292,11.424693,11.118459,10.624452,9.428619,10.213687,10.840113,9.359564,11.097612,10.845489,5.64607,10.940687,,,,,,,,,,,,,,,,,,,,,,,,,,,,,,,,,,,,,,,,,,,,,,,,,Two,,,,,,,,,,,,,,,,,,,,,,,,,,,,,,1,12,Winter,,2021-11-04,25,-4.666666667
Balanced,Balanced_Colony01,2021-11-29,1Rep1,3,Reward,Reward,Reward,Reward,Reward,Previsited,Previsited,Reward,Previsited,Previsited,Reward,Previsited,Reward,,,,,,,,,,,,,,,,,,,,,,,,,,,,,,,,,,,,,,,,,,,,,,,,,Three,,,,,,,,,,,,,,,,,,,,,,,,,,,,,,,,Winter,,2021-11-04,25,-4.666666667
Balanced,Balanced_Colony01,2021-11-29,1Rep1,3,,R3,R2,O4,R3,L3,O4,R1,L3,R1,R3,O4,L1,,,,,,,,,,,,,,,,,,,,,,,,,,,,,,,,,,,,,,,,,,,,,,,,,Four,,,,,,,,,,,,,,,,,,,,,,,,,,,,,,,,Winter,,2021-11-04,25,-4.666666667
Balanced,Balanced_Colony01,2021-11-29,1Rep1,4,5,7,6,4,7,3,8,3,2,4,4,8,5,1,,,,,,,,,,,,,,,,,,,,,,,,,,,,,,,,,,,,,,,,,,,,,,,8,One,14,1,8,5,0,2,2,2,1,2,3,1,2,3,4,0.1538461538,0.2307692308,0.3076923077,0.2307692308,0.0769230769,5,7,4,5,9,0.875,0.5555555556,0.0555555556,0.0555555556,,,Winter,,2021-11-04,25,-4.666666667
Balanced,Balanced_Colony01,2021-11-29,1Rep1,4,5.668466,10.588173,10.820225,10.57889,10.275753,10.598385,10.870765,9.304587,10.899489,10.008254,9.504579,7.306184,10.475681,12.436459,,,,,,,,,,,,,,,,,,,,,,,,,,,,,,,,,,,,,,,,,,,,,,,,Two,,,,,,,,,,,,,,,,,,,,,,,,,,,,,,2,12,Winter,,2021-11-04,25,-4.666666667
Balanced,Balanced_Colony01,2021-11-29,1Rep1,4,Reward,Reward,Reward,Reward,Previsited,Reward,Reward,Previsited,Reward,Previsited,Same,Previsited,Previsited,Reward,,,,,,,,,,,,,,,,,,,,,,,,,,,,,,,,,,,,,,,,,,,,,,,,Three,,,,,,,,,,,,,,,,,,,,,,,,,,,,,,,,Winter,,2021-11-04,25,-4.666666667
Balanced,Balanced_Colony01,2021-11-29,1Rep1,4,,L2,R1,R2,L3,O4,R3,L3,R1,L2,S0,O4,R3,O4,,,,,,,,,,,,,,,,,,,,,,,,,,,,,,,,,,,,,,,,,,,,,,,,Four,,,,,,,,,,,,,,,,,,,,,,,,,,,,,,,,Winter,,2021-11-04,25,-4.666666667
Balanced,Balanced_Colony01,2021-11-29,1Rep1,5,7,3,1,8,3,1,5,6,4,3,7,3,8,1,4,2,,,,,,,,,,,,,,,,,,,,,,,,,,,,,,,,,,,,,,,,,,,,,8,One,16,0,8,8,2,0,2,2,4,1,4,0,4,4,3,0.2666666667,0.2666666667,0.2,0.2666666667,0,5,6,4,7,11,0.6,0.6363636364,0.1363636364,0.1363636364,,,Winter,,2021-11-04,25,-4.666666667
Balanced,Balanced_Colony01,2021-11-29,1Rep1,5,9.90821,10.04327,11.054407,11.282555,9.723609,10.794325,9.969538,11.401705,10.234087,10.248305,11.693846,10.818063,10.070251,11.352688,10.564877,11.176583,,,,,,,,,,,,,,,,,,,,,,,,,,,,,,,,,,,,,,,,,,,,,,Two,,,,,,,,,,,,,,,,,,,,,,,,,,,,,,0,16,Winter,,2021-11-04,25,-4.666666667
Balanced,Balanced_Colony01,2021-11-29,1Rep1,5,Reward,Reward,Reward,Reward,Previsited,Previsited,Reward,Reward,Reward,Previsited,Previsited,Previsited,Previsited,Previsited,Previsited,Reward,,,,,,,,,,,,,,,,,,,,,,,,,,,,,,,,,,,,,,,,,,,,,,Three,,,,,,,,,,,,,,,,,,,,,,,,,,,,,,,,Winter,,2021-11-04,25,-4.666666667
Balanced,Balanced_Colony01,2021-11-29,1Rep1,5,,O4,R2,R1,L3,R2,O4,L1,R2,R1,O4,O4,R3,L1,L3,R2,,,,,,,,,,,,,,,,,,,,,,,,,,,,,,,,,,,,,,,,,,,,,,Four,,,,,,,,,,,,,,,,,,,,,,,,,,,,,,,,Winter,,2021-11-04,25,-4.666666667
Balanced,Balanced_Colony01,2021-11-29,1Rep1,6,3,1,8,4,5,6,4,7,8,3,8,5,5,1,8,5,6,2,,,,,,,,,,,,,,,,,,,,,,,,,,,,,,,,,,,,,,,,,,,8,One,18,1,8,9,4,0,2,2,2,3,3,1,6,2,5,0.3529411765,0.1176470588,0.2941176471,0.1764705882,0.0588235294,7,5,6,7,13,0.4166666667,0.5384615385,0.0384615385,0.0384615385,,,Winter,,2021-11-04,25,-4.666666667
Balanced,Balanced_Colony01,2021-11-29,1Rep1,6,10.186034,10.860988,10.149226,5.738935,10.547723,10.22963,10.033076,10.595093,9.908623,11.095891,11.116513,10.016528,9.161024,9.664412,9.485856,9.941265,10.641391,10.346663,,,,,,,,,,,,,,,,,,,,,,,,,,,,,,,,,,,,,,,,,,,,Two,,,,,,,,,,,,,,,,,,,,,,,,,,,,,,1,17,Winter,,2021-11-04,25,-4.666666667
Balanced,Balanced_Colony01,2021-11-29,1Rep1,6,Reward,Reward,Reward,Reward,Reward,Reward,Previsited,Reward,Previsited,Previsited,Previsited,Previsited,Same,Previsited,Previsited,Previsited,Previsited,Reward,,,,,,,,,,,,,,,,,,,,,,,,,,,,,,,,,,,,,,,,,,,,Three,,,,,,,,,,,,,,,,,,,,,,,,,,,,,,,,Winter,,2021-11-04,25,-4.666666667
Balanced,Balanced_Colony01,2021-11-29,1Rep1,6,,R2,R1,O4,L1,L1,R2,L3,L1,L3,R3,R3,S0,O4,R1,R3,L1,O4,,,,,,,,,,,,,,,,,,,,,,,,,,,,,,,,,,,,,,,,,,,,Four,,,,,,,,,,,,,,,,,,,,,,,,,,,,,,,,Winter,,2021-11-04,25,-4.666666667
Balanced,Balanced_Colony01,2021-11-29,1Rep1,7,6,5,8,1,7,5,8,7,5,2,1,3,4,,,,,,,,,,,,,,,,,,,,,,,,,,,,,,,,,,,,,,,,,,,,,,,,8,One,13,0,8,5,2,1,2,3,3,1,0,0,5,4,3,0.4166666667,0.3333333333,0.25,0,0,6,5,5,7,12,0.4545454545,0.5833333333,0.0833333333,0.0833333333,,,Winter,,2021-11-04,25,-4.666666667
Balanced,Balanced_Colony01,2021-11-29,1Rep1,7,11.084906,11.771996,11.175484,11.239766,10.946458,10.192902,9.833406,9.703542,7.249537,11.120177,8.410475,11.239072,10.587271,,,,,,,,,,,,,,,,,,,,,,,,,,,,,,,,,,,,,,,,,,,,,,,,,Two,,,,,,,,,,,,,,,,,,,,,,,,,,,,,,2,11,Winter,,2021-11-04,25,-4.666666667
Balanced,Balanced_Colony01,2021-11-29,1Rep1,7,Reward,Reward,Reward,Reward,Reward,Previsited,Previsited,Previsited,Previsited,Reward,Previsited,Reward,Reward,,,,,,,,,,,,,,,,,,,,,,,,,,,,,,,,,,,,,,,,,,,,,,,,,Three,,,,,,,,,,,,,,,,,,,,,,,,,,,,,,,,Winter,,2021-11-04,25,-4.666666667
Balanced,Balanced_Colony01,2021-11-29,1Rep1,7,,R1,L3,L1,R2,R2,L3,R1,R2,R3,R1,L2,L1,,,,,,,,,,,,,,,,,,,,,,,,,,,,,,,,,,,,,,,,,,,,,,,,,Four,,,,,,,,,,,,,,,,,,,,,,,,,,,,,,,,Winter,,2021-11-04,25,-4.666666667
Balanced,Balanced_Colony01,2021-11-29,1Rep1,8,1,7,8,5,4,3,2,4,2,6,8,2,6,1,1,,,,,,,,,,,,,,,,,,,,,,,,,,,,,,,,,,,,,,,,,,,,,,8,One,15,1,8,6,1,3,1,3,2,1,2,1,4,5,2,0.2857142857,0.3571428571,0.1428571429,0.1428571429,0.0714285714,8,5,5,6,11,0.5,0.5454545455,0.0454545455,0.0454545455,,,Winter,,2021-11-04,25,-4.666666667
Balanced,Balanced_Colony01,2021-11-29,1Rep1,8,8.265744,11.270109,10.425806,11.002603,11.369759,11.242211,10.899203,9.955705,10.505058,9.98138,9.739893,11.157836,9.527746,9.775053,5.501248,,,,,,,,,,,,,,,,,,,,,,,,,,,,,,,,,,,,,,,,,,,,,,,Two,,,,,,,,,,,,,,,,,,,,,,,,,,,,,,2,13,Winter,,2021-11-04,25,-4.666666667
Balanced,Balanced_Colony01,2021-11-29,1Rep1,8,Reward,Reward,Reward,Reward,Reward,Reward,Reward,Previsited,Previsited,Reward,Previsited,Previsited,Previsited,Previsited,Same,,,,,,,,,,,,,,,,,,,,,,,,,,,,,,,,,,,,,,,,,,,,,,,Three,,,,,,,,,,,,,,,,,,,,,,,,,,,,,,,,Winter,,2021-11-04,25,-4.666666667
Balanced,Balanced_Colony01,2021-11-29,1Rep1,8,,R2,L1,R3,R1,R1,R1,L2,R2,O4,L2,L2,O4,L3,S0,,,,,,,,,,,,,,,,,,,,,,,,,,,,,,,,,,,,,,,,,,,,,,,Four,,,,,,,,,,,,,,,,,,,,,,,,,,,,,,,,Winter,,2021-11-04,25,-4.666666667
Balanced,Balanced_Colony01,2021-12-01,1Rep2,1,3,8,5,2,8,5,1,5,2,8,4,8,5,8,5,2,8,5,3,1,4,1,7,3,1,6,,,,,,,,,,,,,,,,,,,,,,,,,,,,,,,,,,,8,One,26,0,8,18,0,0,2,0,7,11,5,0,0,7,13,0,0.28,0.52,0.2,0,5,4,2,18,20,0.2105263158,0.9,0.4,0.4,,,Winter,,2021-11-04,27,-2.666666667
Balanced,Balanced_Colony01,2021-12-01,1Rep2,1,11.155512,11.637251,9.876999,10.559175,9.755131,7.315916,10.56508,9.56393,8.741347,11.384031,10.503425,9.957643,9.795431,7.109826,8.95617,11.30863,9.379224,9.150464,11.128431,10.928262,10.725175,9.581665,11.015687,9.204836,8.671562,11.086875,,,,,,,,,,,,,,,,,,,,,,,,,,,,,,,,,,,,Two,,,,,,,,,,,,,,,,,,,,,,,,,,,,,,5,21,Winter,,2021-11-04,27,-2.666666667
Balanced,Balanced_Colony01,2021-12-01,1Rep2,1,Reward,Reward,Reward,Reward,Previsited,Previsited,Reward,Previsited,Previsited,Previsited,Reward,Previsited,Previsited,Previsited,Previsited,Previsited,Previsited,Previsited,Previsited,Previsited,Previsited,Previsited,Reward,Previsited,Previsited,Reward,,,,,,,,,,,,,,,,,,,,,,,,,,,,,,,,,,,,Three,,,,,,,,,,,,,,,,,,,,,,,,,,,,,,,,Winter,,2021-11-04,27,-2.666666667
Balanced,Balanced_Colony01,2021-12-01,1Rep2,1,,R3,R3,R3,R2,R3,O4,O4,R3,R2,O4,O4,R3,L3,R3,R3,R2,R3,R2,R2,L3,R3,R2,O4,R2,R3,,,,,,,,,,,,,,,,,,,,,,,,,,,,,,,,,,,,Four,,,,,,,,,,,,,,,,,,,,,,,,,,,,,,,,Winter,,2021-11-04,27,-2.666666667
Balanced,Balanced_Colony01,2021-12-01,1Rep2,2,2,8,4,1,8,7,5,4,2,8,6,4,7,5,2,6,8,6,3,3,,,,,,,,,,,,,,,,,,,,,,,,,,,,,,,,,,,,,,,,,8,One,20,1,8,11,0,1,1,3,8,3,2,1,3,9,4,0.1578947368,0.4736842105,0.2105263158,0.1052631579,0.0526315789,5,4,2,14,16,0.2666666667,0.875,0.375,0.375,,,Winter,,2021-11-04,27,-2.666666667
Balanced,Balanced_Colony01,2021-12-01,1Rep2,2,10.38615,10.947313,10.678547,10.137465,9.696388,11.129131,10.367948,10.233897,10.343252,10.487546,10.184599,9.339737,10.90471,9.998394,8.273028,11.215112,8.178978,10.582685,10.345532,5.054782,,,,,,,,,,,,,,,,,,,,,,,,,,,,,,,,,,,,,,,,,,Two,,,,,,,,,,,,,,,,,,,,,,,,,,,,,,3,17,Winter,,2021-11-04,27,-2.666666667
Balanced,Balanced_Colony01,2021-12-01,1Rep2,2,Reward,Reward,Reward,Reward,Previsited,Reward,Reward,Previsited,Previsited,Previsited,Reward,Previsited,Previsited,Previsited,Previsited,Previsited,Previsited,Previsited,Reward,Same,,,,,,,,,,,,,,,,,,,,,,,,,,,,,,,,,,,,,,,,,,Three,,,,,,,,,,,,,,,,,,,,,,,,,,,,,,,,Winter,,2021-11-04,27,-2.666666667
Balanced,Balanced_Colony01,2021-12-01,1Rep2,2,,R2,O4,R3,R1,R1,R2,R1,R2,R2,R2,R2,L3,R2,R3,O4,L2,R2,R3,S0,,,,,,,,,,,,,,,,,,,,,,,,,,,,,,,,,,,,,,,,,,Four,,,,,,,,,,,,,,,,,,,,,,,,,,,,,,,,Winter,,2021-11-04,27,-2.666666667
Balanced,Balanced_Colony01,2021-12-01,1Rep2,3,8,7,3,1,8,5,3,8,5,1,4,8,5,2,3,8,4,2,8,5,8,6,,,,,,,,,,,,,,,,,,,,,,,,,,,,,,,,,,,,,,,8,One,22,0,8,14,1,0,2,2,5,7,4,0,3,5,9,0.1428571429,0.2380952381,0.4285714286,0.1904761905,0,5,6,3,14,17,0.375,0.8235294118,0.3235294118,0.3235294118,,,Winter,,2021-11-04,27,-2.666666667
Balanced,Balanced_Colony01,2021-12-01,1Rep2,3,10.025146,11.23928,10.155139,9.877768,8.620633,10.431825,10.444598,5.371123,10.000558,9.865763,10.050507,7.090773,10.150071,10.817126,9.562299,9.995782,9.699142,10.126595,9.438124,11.350764,7.674166,10.906515,,,,,,,,,,,,,,,,,,,,,,,,,,,,,,,,,,,,,,,,Two,,,,,,,,,,,,,,,,,,,,,,,,,,,,,,4,18,Winter,,2021-11-04,27,-2.666666667
Balanced,Balanced_Colony01,2021-12-01,1Rep2,3,Reward,Reward,Reward,Reward,Previsited,Reward,Previsited,Previsited,Previsited,Previsited,Reward,Previsited,Previsited,Reward,Previsited,Previsited,Previsited,Previsited,Previsited,Previsited,Previsited,Reward,,,,,,,,,,,,,,,,,,,,,,,,,,,,,,,,,,,,,,,,Three,,,,,,,,,,,,,,,,,,,,,,,,,,,,,,,,Winter,,2021-11-04,27,-2.666666667
Balanced,Balanced_Colony01,2021-12-01,1Rep2,3,,R1,O4,R2,R1,R3,R2,R3,R3,O4,L3,O4,R3,R3,L1,R3,O4,R2,R2,R3,L3,R2,,,,,,,,,,,,,,,,,,,,,,,,,,,,,,,,,,,,,,,,Four,,,,,,,,,,,,,,,,,,,,,,,,,,,,,,,,Winter,,2021-11-04,27,-2.666666667
Balanced,Balanced_Colony01,2021-12-01,1Rep2,4,3,7,6,4,2,1,7,6,2,7,5,1,8,,,,,,,,,,,,,,,,,,,,,,,,,,,,,,,,,,,,,,,,,,,,,,,,8,One,13,0,8,5,0,0,0,4,4,1,3,0,4,4,1,0.3333333333,0.3333333333,0.0833333333,0.25,0,7,0,0,9,9,0,1,0.5,0.5,,,Winter,,2021-11-04,27,-2.666666667
Balanced,Balanced_Colony01,2021-12-01,1Rep2,4,10.115,10.361103,9.764419,10.058301,10.457914,10.481931,7.660921,9.714383,10.502312,11.115128,10.793025,9.938696,11.100809,,,,,,,,,,,,,,,,,,,,,,,,,,,,,,,,,,,,,,,,,,,,,,,,,Two,,,,,,,,,,,,,,,,,,,,,,,,,,,,,,1,12,Winter,,2021-11-04,27,-2.666666667
Balanced,Balanced_Colony01,2021-12-01,1Rep2,4,Reward,Reward,Reward,Reward,Reward,Reward,Previsited,Previsited,Previsited,Previsited,Reward,Previsited,Reward,,,,,,,,,,,,,,,,,,,,,,,,,,,,,,,,,,,,,,,,,,,,,,,,,Three,,,,,,,,,,,,,,,,,,,,,,,,,,,,,,,,Winter,,2021-11-04,27,-2.666666667
Balanced,Balanced_Colony01,2021-12-01,1Rep2,4,,O4,R1,R2,R2,R1,R2,R1,O4,R3,R2,O4,R1,,,,,,,,,,,,,,,,,,,,,,,,,,,,,,,,,,,,,,,,,,,,,,,,,Four,,,,,,,,,,,,,,,,,,,,,,,,,,,,,,,,Winter,,2021-11-04,27,-2.666666667
Balanced,Balanced_Colony01,2021-12-01,1Rep2,5,1,3,1,6,4,3,8,7,5,4,8,6,4,8,4,2,,,,,,,,,,,,,,,,,,,,,,,,,,,,,,,,,,,,,,,,,,,,,8,One,16,0,8,8,0,1,0,3,6,2,3,0,3,7,2,0.2,0.4666666667,0.1333333333,0.2,0,3,1,1,11,12,0.0909090909,0.9166666667,0.4166666667,0.4166666667,,,Winter,,2021-11-04,27,-2.666666667
Balanced,Balanced_Colony01,2021-12-01,1Rep2,5,10.18144,10.70389,10.067928,9.911888,9.872893,7.930614,10.152548,9.954609,9.793282,9.602475,9.952004,9.672093,9.400523,9.921323,9.348415,10.837092,,,,,,,,,,,,,,,,,,,,,,,,,,,,,,,,,,,,,,,,,,,,,,Two,,,,,,,,,,,,,,,,,,,,,,,,,,,,,,1,15,Winter,,2021-11-04,27,-2.666666667
Balanced,Balanced_Colony01,2021-12-01,1Rep2,5,Reward,Reward,Previsited,Reward,Reward,Previsited,Reward,Reward,Reward,Previsited,Previsited,Previsited,Previsited,Previsited,Previsited,Reward,,,,,,,,,,,,,,,,,,,,,,,,,,,,,,,,,,,,,,,,,,,,,,Three,,,,,,,,,,,,,,,,,,,,,,,,,,,,,,,,Winter,,2021-11-04,27,-2.666666667
Balanced,Balanced_Colony01,2021-12-01,1Rep2,5,,L2,R2,R3,R2,R1,R3,R1,R2,R1,O4,R2,R2,O4,O4,R2,,,,,,,,,,,,,,,,,,,,,,,,,,,,,,,,,,,,,,,,,,,,,,Four,,,,,,,,,,,,,,,,,,,,,,,,,,,,,,,,Winter,,2021-11-04,27,-2.666666667
Balanced,Balanced_Colony01,2021-12-01,1Rep2,6,2,8,7,6,4,2,1,7,6,5,4,2,5,5,4,1,7,5,1,7,5,4,8,7,5,3,,,,,,,,,,,,,,,,,,,,,,,,,,,,,,,,,,,8,One,26,1,8,17,0,0,1,9,11,1,2,1,9,11,2,0.36,0.44,0.08,0.08,0.04,6,2,1,21,22,0.0952380952,0.9545454545,0.4545454545,0.4545454545,,,Winter,,2021-11-04,27,-2.666666667
Balanced,Balanced_Colony01,2021-12-01,1Rep2,6,9.578593,9.939265,9.869674,10.172247,9.955137,8.782815,10.151223,9.333599,10.073115,10.07683,9.97122,7.935307,10.284532,4.344943,9.961362,9.941343,9.085796,10.624763,9.940677,9.02518,9.444875,11.129849,10.462834,8.560184,8.595362,11.109006,,,,,,,,,,,,,,,,,,,,,,,,,,,,,,,,,,,,Two,,,,,,,,,,,,,,,,,,,,,,,,,,,,,,5,21,Winter,,2021-11-04,27,-2.666666667
Balanced,Balanced_Colony01,2021-12-01,1Rep2,6,Reward,Reward,Reward,Reward,Reward,Previsited,Reward,Previsited,Previsited,Reward,Previsited,Previsited,Previsited,Same,Previsited,Previsited,Previsited,Previsited,Previsited,Previsited,Previsited,Previsited,Previsited,Previsited,Previsited,Reward,,,,,,,,,,,,,,,,,,,,,,,,,,,,,,,,,,,,Three,,,,,,,,,,,,,,,,,,,,,,,,,,,,,,,,Winter,,2021-11-04,27,-2.666666667
Balanced,Balanced_Colony01,2021-12-01,1Rep2,6,,R2,R1,R1,R2,R2,R1,R2,R1,R1,R1,R2,L3,S0,R1,R3,R2,R2,O4,R2,R2,R1,O4,R1,R2,R2,,,,,,,,,,,,,,,,,,,,,,,,,,,,,,,,,,,,Four,,,,,,,,,,,,,,,,,,,,,,,,,,,,,,,,Winter,,2021-11-04,27,-2.666666667
Balanced,Balanced_Colony01,2021-12-01,1Rep2,7,4,3,2,8,6,5,4,1,8,7,,,,,,,,,,,,,,,,,,,,,,,,,,,,,,,,,,,,,,,,,,,,,,,,,,,8,One,10,0,8,2,0,0,0,6,2,1,0,0,6,2,1,0.6666666667,0.2222222222,0.1111111111,0,0,7,0,0,9,9,0,1,0.5,0.5,,,Winter,,2021-11-04,27,-2.666666667
Balanced,Balanced_Colony01,2021-12-01,1Rep2,7,9.868074,10.266777,9.541974,9.927216,9.8048,10.086787,10.422272,9.868292,9.872814,9.805833,,,,,,,,,,,,,,,,,,,,,,,,,,,,,,,,,,,,,,,,,,,,,,,,,,,,Two,,,,,,,,,,,,,,,,,,,,,,,,,,,,,,0,10,Winter,,2021-11-04,27,-2.666666667
Balanced,Balanced_Colony01,2021-12-01,1Rep2,7,Reward,Reward,Reward,Reward,Reward,Reward,Previsited,Reward,Previsited,Reward,,,,,,,,,,,,,,,,,,,,,,,,,,,,,,,,,,,,,,,,,,,,,,,,,,,,Three,,,,,,,,,,,,,,,,,,,,,,,,,,,,,,,,Winter,,2021-11-04,27,-2.666666667
Balanced,Balanced_Colony01,2021-12-01,1Rep2,7,,R1,R1,R2,R2,R1,R1,R3,R1,R1,,,,,,,,,,,,,,,,,,,,,,,,,,,,,,,,,,,,,,,,,,,,,,,,,,,,Four,,,,,,,,,,,,,,,,,,,,,,,,,,,,,,,,Winter,,2021-11-04,27,-2.666666667
Balanced,Balanced_Colony01,2021-12-01,1Rep2,8,8,7,6,5,4,3,2,1,,,,,,,,,,,,,,,,,,,,,,,,,,,,,,,,,,,,,,,,,,,,,,,,,,,,,8,One,8,0,8,0,0,0,0,7,0,0,0,0,7,0,0,1,0,0,0,0,8,0,0,7,7,0,1,0.5,0.5,,,Winter,,2021-11-04,27,-2.666666667
Balanced,Balanced_Colony01,2021-12-01,1Rep2,8,10.160743,10.136446,9.976047,10.466168,11.596174,11.53888,9.542567,12.468862,,,,,,,,,,,,,,,,,,,,,,,,,,,,,,,,,,,,,,,,,,,,,,,,,,,,,,Two,,,,,,,,,,,,,,,,,,,,,,,,,,,,,,0,8,Winter,,2021-11-04,27,-2.666666667
Balanced,Balanced_Colony01,2021-12-01,1Rep2,8,Reward,Reward,Reward,Reward,Reward,Reward,Reward,Reward,,,,,,,,,,,,,,,,,,,,,,,,,,,,,,,,,,,,,,,,,,,,,,,,,,,,,,Three,,,,,,,,,,,,,,,,,,,,,,,,,,,,,,,,Winter,,2021-11-04,27,-2.666666667
Balanced,Balanced_Colony01,2021-12-01,1Rep2,8,,R1,R1,R1,R1,R1,R1,R1,,,,,,,,,,,,,,,,,,,,,,,,,,,,,,,,,,,,,,,,,,,,,,,,,,,,,,Four,,,,,,,,,,,,,,,,,,,,,,,,,,,,,,,,Winter,,2021-11-04,27,-2.666666667
Balanced,Balanced_Colony01,2021-12-02,1Rep3,1,7,6,7,1,4,5,8,1,2,4,5,1,5,8,6,2,2,7,4,7,3,4,,,,,,,,,,,,,,,,,,,,,,,,,,,,,,,,,,,,,,,8,One,22,1,8,13,6,2,4,1,1,2,4,1,7,3,6,0.3333333333,0.1428571429,0.2857142857,0.1904761905,0.0476190476,3,3,12,4,16,0.2,0.25,-0.25,0.25,,,Winter,,2021-11-04,28,-1.666666667
Balanced,Balanced_Colony01,2021-12-02,1Rep3,1,10.130367,9.754592,10.94587,10.739124,11.593888,11.448623,10.832109,9.396644,10.250207,9.780057,10.609415,11.226352,9.569452,11.096506,9.861415,9.872498,10.252394,9.374526,10.25363,8.132156,11.323255,10.173914,,,,,,,,,,,,,,,,,,,,,,,,,,,,,,,,,,,,,,,,Two,,,,,,,,,,,,,,,,,,,,,,,,,,,,,,1,21,Winter,,2021-11-04,28,-1.666666667
Balanced,Balanced_Colony01,2021-12-02,1Rep3,1,Reward,Reward,Previsited,Reward,Reward,Reward,Reward,Previsited,Reward,Previsited,Previsited,Previsited,Previsited,Previsited,Previsited,Previsited,Same,Previsited,Previsited,Previsited,Reward,Previsited,,,,,,,,,,,,,,,,,,,,,,,,,,,,,,,,,,,,,,,,Three,,,,,,,,,,,,,,,,,,,,,,,,,,,,,,,,Winter,,2021-11-04,28,-1.666666667
Balanced,Balanced_Colony01,2021-12-02,1Rep3,1,,R1,L1,L2,L3,L1,L3,L1,L1,L2,L1,O4,O4,L3,R2,O4,S0,R3,R3,L3,O4,L1,,,,,,,,,,,,,,,,,,,,,,,,,,,,,,,,,,,,,,,,Four,,,,,,,,,,,,,,,,,,,,,,,,,,,,,,,,Winter,,2021-11-04,28,-1.666666667
Balanced,Balanced_Colony01,2021-12-02,1Rep3,2,1,6,3,4,5,7,7,8,6,3,4,3,8,8,7,4,8,7,5,7,6,4,8,3,6,2,,,,,,,,,,,,,,,,,,,,,,,,,,,,,,,,,,,8,One,26,2,8,16,4,2,2,4,3,5,3,2,8,5,7,0.32,0.2,0.28,0.12,0.08,7,7,8,12,20,0.3684210526,0.6,0.1,0.1,,,Winter,,2021-11-04,28,-1.666666667
Balanced,Balanced_Colony01,2021-12-02,1Rep3,2,10.354572,10.215615,10.768362,10.128981,10.052679,10.948755,9.873683,11.088053,8.973651,9.173272,9.928335,10.713901,11.313748,10.348471,10.345174,7.019907,9.779718,10.663879,10.571222,9.11067,9.385914,6.057455,10.221928,9.596078,9.81406,12.037043,,,,,,,,,,,,,,,,,,,,,,,,,,,,,,,,,,,,Two,,,,,,,,,,,,,,,,,,,,,,,,,,,,,,3,23,Winter,,2021-11-04,28,-1.666666667
Balanced,Balanced_Colony01,2021-12-02,1Rep3,2,Reward,Reward,Reward,Reward,Reward,Reward,Same,Reward,Previsited,Previsited,Previsited,Previsited,Previsited,Same,Previsited,Previsited,Previsited,Previsited,Previsited,Previsited,Previsited,Previsited,Previsited,Previsited,Previsited,Reward,,,,,,,,,,,,,,,,,,,,,,,,,,,,,,,,,,,,Three,,,,,,,,,,,,,,,,,,,,,,,,,,,,,,,,Winter,,2021-11-04,28,-1.666666667
Balanced,Balanced_Colony01,2021-12-02,1Rep3,2,,R3,R3,L1,L1,L2,S0,L1,R2,R3,L1,R1,R3,S0,R1,R3,O4,R1,R2,L2,R1,R2,O4,L3,L3,O4,,,,,,,,,,,,,,,,,,,,,,,,,,,,,,,,,,,,Four,,,,,,,,,,,,,,,,,,,,,,,,,,,,,,,,Winter,,2021-11-04,28,-1.666666667
Balanced,Balanced_Colony01,2021-12-02,1Rep3,3,3,7,7,6,8,3,4,6,6,1,3,8,4,6,1,8,3,8,3,7,2,7,4,8,6,2,2,4,3,6,3,4,5,3,,,,,,,,,,,,,,,,,,,,,,,,,,,8,One,34,3,8,23,3,5,7,3,2,5,5,3,6,7,12,0.1818181818,0.2121212121,0.3636363636,0.1515151515,0.0909090909,3,14,15,10,25,0.5833333333,0.4,-0.1,0.1,,,Winter,,2021-11-04,28,-1.666666667
Balanced,Balanced_Colony01,2021-12-02,1Rep3,3,10.60539,10.308839,4.540495,11.01758,11.240182,4.501172,10.720231,9.8048,10.83997,11.364717,9.565968,11.079717,11.310509,9.9911,10.442078,9.590633,10.585964,10.035737,9.725453,10.855531,10.180464,10.021198,10.133926,9.674955,4.474416,10.196133,9.991276,9.725153,10.750553,10.287261,9.340384,9.701131,11.371439,6.143154,,,,,,,,,,,,,,,,,,,,,,,,,,,,Two,,,,,,,,,,,,,,,,,,,,,,,,,,,,,,4,30,Winter,,2021-11-04,28,-1.666666667
Balanced,Balanced_Colony01,2021-12-02,1Rep3,3,Reward,Reward,Same,Reward,Reward,Previsited,Reward,Previsited,Same,Reward,Previsited,Previsited,Previsited,Previsited,Previsited,Previsited,Previsited,Previsited,Previsited,Previsited,Reward,Previsited,Previsited,Previsited,Previsited,Previsited,Same,Previsited,Previsited,Previsited,Previsited,Previsited,Reward,Previsited,,,,,,,,,,,,,,,,,,,,,,,,,,,,Three,,,,,,,,,,,,,,,,,,,,,,,,,,,,,,,,Winter,,2021-11-04,28,-1.666666667
Balanced,Balanced_Colony01,2021-12-02,1Rep3,3,,O4,S0,R1,L2,L3,L1,L2,S0,L3,L2,R3,O4,L2,L3,R1,L3,R3,L3,O4,L3,R3,R3,O4,R2,O4,S0,L2,R1,L3,R3,L1,L1,R2,,,,,,,,,,,,,,,,,,,,,,,,,,,,Four,,,,,,,,,,,,,,,,,,,,,,,,,,,,,,,,Winter,,2021-11-04,28,-1.666666667
Balanced,Balanced_Colony01,2021-12-02,1Rep3,4,8,8,1,6,2,4,2,3,4,5,7,4,3,6,3,8,8,2,2,3,2,7,7,2,1,4,,,,,,,,,,,,,,,,,,,,,,,,,,,,,,,,,,,8,One,26,4,8,14,5,3,3,3,1,5,1,4,8,4,8,0.32,0.16,0.32,0.04,0.16,2,12,11,9,20,0.6315789474,0.45,-0.05,0.05,,,Winter,,2021-11-04,28,-1.666666667
Balanced,Balanced_Colony01,2021-12-02,1Rep3,4,4.365173,10.902564,9.605499,9.925095,9.996425,10.885441,9.894035,10.394761,9.852655,11.351451,10.7659,9.57727,11.010112,9.207123,10.693669,4.420551,4.36361,8.688741,4.767666,10.983772,10.393055,10.080872,9.608847,9.336627,11.267687,8.081952,,,,,,,,,,,,,,,,,,,,,,,,,,,,,,,,,,,,Two,,,,,,,,,,,,,,,,,,,,,,,,,,,,,,6,20,Winter,,2021-11-04,28,-1.666666667
Balanced,Balanced_Colony01,2021-12-02,1Rep3,4,Reward,Same,Reward,Reward,Reward,Reward,Previsited,Reward,Previsited,Reward,Reward,Previsited,Previsited,Previsited,Previsited,Previsited,Same,Previsited,Same,Previsited,Previsited,Previsited,Same,Previsited,Previsited,Previsited,,,,,,,,,,,,,,,,,,,,,,,,,,,,,,,,,,,,Three,,,,,,,,,,,,,,,,,,,,,,,,,,,,,,,,Winter,,2021-11-04,28,-1.666666667
Balanced,Balanced_Colony01,2021-12-02,1Rep3,4,,S0,L1,R3,O4,L2,R2,L1,L1,L1,L2,R3,R1,L3,R3,R3,S0,L2,S0,L1,R1,R3,S0,L3,R1,L3,,,,,,,,,,,,,,,,,,,,,,,,,,,,,,,,,,,,Four,,,,,,,,,,,,,,,,,,,,,,,,,,,,,,,,Winter,,2021-11-04,28,-1.666666667
Balanced,Balanced_Colony01,2021-12-02,1Rep3,5,5,1,7,3,7,1,7,3,5,2,4,6,8,3,,,,,,,,,,,,,,,,,,,,,,,,,,,,,,,,,,,,,,,,,,,,,,,8,One,14,0,8,6,0,5,1,0,2,1,4,0,0,7,2,0,0.5384615385,0.1538461538,0.3076923077,0,5,5,6,3,9,0.625,0.3333333333,-0.166666667,0.1666666667,,,Winter,,2021-11-04,28,-1.666666667
Balanced,Balanced_Colony01,2021-12-02,1Rep3,5,10.296977,10.104724,11.156351,10.223549,9.599003,9.829103,10.197452,10.701705,7.650023,10.303998,10.059793,10.623791,11.197318,9.458198,,,,,,,,,,,,,,,,,,,,,,,,,,,,,,,,,,,,,,,,,,,,,,,,Two,,,,,,,,,,,,,,,,,,,,,,,,,,,,,,1,13,Winter,,2021-11-04,28,-1.666666667
Balanced,Balanced_Colony01,2021-12-02,1Rep3,5,Reward,Reward,Reward,Reward,Previsited,Previsited,Previsited,Previsited,Previsited,Reward,Reward,Reward,Reward,Previsited,,,,,,,,,,,,,,,,,,,,,,,,,,,,,,,,,,,,,,,,,,,,,,,,Three,,,,,,,,,,,,,,,,,,,,,,,,,,,,,,,,Winter,,2021-11-04,28,-1.666666667
Balanced,Balanced_Colony01,2021-12-02,1Rep3,5,,O4,R2,O4,O4,L2,R2,O4,L2,R3,L2,L2,L2,L3,,,,,,,,,,,,,,,,,,,,,,,,,,,,,,,,,,,,,,,,,,,,,,,,Four,,,,,,,,,,,,,,,,,,,,,,,,,,,,,,,,Winter,,2021-11-04,28,-1.666666667
Balanced,Balanced_Colony01,2021-12-02,1Rep3,6,8,7,6,5,2,4,5,8,5,7,8,1,3,6,6,6,,,,,,,,,,,,,,,,,,,,,,,,,,,,,,,,,,,,,,,,,,,,,8,One,16,2,8,6,3,3,2,3,0,2,0,2,6,3,4,0.4,0.2,0.2666666667,0,0.1333333333,7,3,8,5,13,0.25,0.3846153846,-0.115384615,0.1153846154,,,Winter,,2021-11-04,28,-1.666666667
Balanced,Balanced_Colony01,2021-12-02,1Rep3,6,9.922208,10.1556,11.354971,10.226313,9.602475,9.808934,9.846421,10.688473,9.662859,9.715587,9.697514,10.489237,10.485148,4.386733,4.347634,4.908916,,,,,,,,,,,,,,,,,,,,,,,,,,,,,,,,,,,,,,,,,,,,,,Two,,,,,,,,,,,,,,,,,,,,,,,,,,,,,,3,13,Winter,,2021-11-04,28,-1.666666667
Balanced,Balanced_Colony01,2021-12-02,1Rep3,6,Reward,Reward,Reward,Reward,Reward,Reward,Previsited,Previsited,Previsited,Previsited,Previsited,Reward,Reward,Previsited,Same,Same,,,,,,,,,,,,,,,,,,,,,,,,,,,,,,,,,,,,,,,,,,,,,,Three,,,,,,,,,,,,,,,,,,,,,,,,,,,,,,,,Winter,,2021-11-04,28,-1.666666667
Balanced,Balanced_Colony01,2021-12-02,1Rep3,6,,R1,R1,R1,R3,L2,L1,L3,R3,L2,L1,L1,L2,L3,S0,S0,,,,,,,,,,,,,,,,,,,,,,,,,,,,,,,,,,,,,,,,,,,,,,Four,,,,,,,,,,,,,,,,,,,,,,,,,,,,,,,,Winter,,2021-11-04,28,-1.666666667
Balanced,Balanced_Colony01,2021-12-02,1Rep3,7,2,8,7,5,4,3,7,3,4,4,3,6,5,8,3,6,1,2,,,,,,,,,,,,,,,,,,,,,,,,,,,,,,,,,,,,,,,,,,,8,One,18,1,8,9,2,0,5,5,2,0,2,1,7,2,5,0.4117647059,0.1176470588,0.2941176471,0.1176470588,0.0588235294,7,5,7,7,14,0.3846153846,0.5,0,0,,,Winter,,2021-11-04,28,-1.666666667
Balanced,Balanced_Colony01,2021-12-02,1Rep3,7,9.784142,11.512209,11.295125,9.829302,10.899113,9.806748,9.953336,9.4693,9.746615,10.326051,7.684217,10.114519,10.981784,9.360647,11.359004,10.754904,10.562349,5.441825,,,,,,,,,,,,,,,,,,,,,,,,,,,,,,,,,,,,,,,,,,,,Two,,,,,,,,,,,,,,,,,,,,,,,,,,,,,,2,16,Winter,,2021-11-04,28,-1.666666667
Balanced,Balanced_Colony01,2021-12-02,1Rep3,7,Reward,Reward,Reward,Reward,Reward,Reward,Previsited,Previsited,Previsited,Same,Previsited,Reward,Previsited,Previsited,Previsited,Previsited,Reward,Previsited,,,,,,,,,,,,,,,,,,,,,,,,,,,,,,,,,,,,,,,,,,,,Three,,,,,,,,,,,,,,,,,,,,,,,,,,,,,,,,Winter,,2021-11-04,28,-1.666666667
Balanced,Balanced_Colony01,2021-12-02,1Rep3,7,,R2,R1,R2,R1,R1,O4,O4,L1,S0,R1,L3,R1,L3,L3,L3,L3,L1,,,,,,,,,,,,,,,,,,,,,,,,,,,,,,,,,,,,,,,,,,,,Four,,,,,,,,,,,,,,,,,,,,,,,,,,,,,,,,Winter,,2021-11-04,28,-1.666666667
Balanced,Balanced_Colony01,2021-12-02,1Rep3,8,7,4,5,6,7,3,7,8,1,3,4,6,6,1,2,1,,,,,,,,,,,,,,,,,,,,,,,,,,,,,,,,,,,,,,,,,,,,,8,One,16,1,8,7,7,2,1,1,0,1,2,1,8,2,2,0.5333333333,0.1333333333,0.1333333333,0.1333333333,0.0666666667,5,2,10,2,12,0.1818181818,0.1666666667,-0.333333333,0.3333333333,,,Winter,,2021-11-04,28,-1.666666667
Balanced,Balanced_Colony01,2021-12-02,1Rep3,8,11.070424,9.81406,9.997459,10.97818,9.732326,9.817853,7.859111,10.705165,10.343573,9.188792,10.130925,10.918858,9.505378,9.880314,10.114827,11.526711,,,,,,,,,,,,,,,,,,,,,,,,,,,,,,,,,,,,,,,,,,,,,,Two,,,,,,,,,,,,,,,,,,,,,,,,,,,,,,1,15,Winter,,2021-11-04,28,-1.666666667
Balanced,Balanced_Colony01,2021-12-02,1Rep3,8,Reward,Reward,Reward,Reward,Previsited,Reward,Previsited,Reward,Reward,Previsited,Previsited,Previsited,Same,Previsited,Reward,Previsited,,,,,,,,,,,,,,,,,,,,,,,,,,,,,,,,,,,,,,,,,,,,,,Three,,,,,,,,,,,,,,,,,,,,,,,,,,,,,,,,Winter,,2021-11-04,28,-1.666666667
Balanced,Balanced_Colony01,2021-12-02,1Rep3,8,,R3,L1,L1,L1,O4,O4,L1,L1,L2,L1,L2,S0,L3,L1,R1,,,,,,,,,,,,,,,,,,,,,,,,,,,,,,,,,,,,,,,,,,,,,,Four,,,,,,,,,,,,,,,,,,,,,,,,,,,,,,,,Winter,,2021-11-04,28,-1.666666667
Balanced,Balanced_Colony01,2021-12-06,1Rep4,1,3,5,1,3,8,2,2,4,7,8,7,4,3,8,3,7,4,2,2,1,4,5,8,2,1,6,,,,,,,,,,,,,,,,,,,,,,,,,,,,,,,,,,,8,One,26,2,8,16,2,5,4,4,1,5,2,2,6,6,9,0.24,0.24,0.36,0.08,0.08,4,7,11,10,21,0.35,0.4761904762,-0.023809524,0.0238095238,,,Winter,,2021-11-04,32,2.3333333333
Balanced,Balanced_Colony01,2021-12-06,1Rep4,1,10.331561,10.457448,10.827789,9.824045,11.401705,4.386689,11.41411,11.195368,10.388008,9.243803,9.802454,11.081019,8.072106,10.177764,11.31883,11.573661,8.560913,9.852754,4.385355,10.631439,8.707946,7.19014,10.38615,10.761481,11.340233,10.804938,,,,,,,,,,,,,,,,,,,,,,,,,,,,,,,,,,,,Two,,,,,,,,,,,,,,,,,,,,,,,,,,,,,,6,20,Winter,,2021-11-04,32,2.3333333333
Balanced,Balanced_Colony01,2021-12-06,1Rep4,1,Reward,Reward,Reward,Previsited,Reward,Reward,Same,Reward,Reward,Previsited,Previsited,Previsited,Previsited,Previsited,Previsited,Previsited,Previsited,Previsited,Same,Previsited,Previsited,Previsited,Previsited,Previsited,Previsited,Reward,,,,,,,,,,,,,,,,,,,,,,,,,,,,,,,,,,,,Three,,,,,,,,,,,,,,,,,,,,,,,,,,,,,,,,Winter,,2021-11-04,32,2.3333333333
Balanced,Balanced_Colony01,2021-12-06,1Rep4,1,,L2,O4,L2,R3,L2,S0,L2,L3,L1,R1,R3,R1,R3,L3,O4,R3,R2,S0,R1,L3,L1,L3,L2,R1,R3,,,,,,,,,,,,,,,,,,,,,,,,,,,,,,,,,,,,Four,,,,,,,,,,,,,,,,,,,,,,,,,,,,,,,,Winter,,2021-11-04,32,2.3333333333
Balanced,Balanced_Colony01,2021-12-06,1Rep4,2,1,8,3,2,8,4,5,4,3,8,7,6,5,2,7,6,3,1,8,4,,,,,,,,,,,,,,,,,,,,,,,,,,,,,,,,,,,,,,,,,8,One,20,0,8,12,1,0,1,9,2,4,2,0,10,2,5,0.5263157895,0.1052631579,0.2631578947,0.1052631579,0,5,4,2,15,17,0.25,0.8823529412,0.3823529412,0.3823529412,,,Winter,,2021-11-04,32,2.3333333333
Balanced,Balanced_Colony01,2021-12-06,1Rep4,2,11.624681,10.218972,11.408046,10.826565,10.148918,10.920232,11.07618,5.82681,10.713501,6.947926,11.629443,10.2278,10.248743,9.851468,9.787548,11.373753,9.145094,11.647564,11.627196,10.39898,,,,,,,,,,,,,,,,,,,,,,,,,,,,,,,,,,,,,,,,,,Two,,,,,,,,,,,,,,,,,,,,,,,,,,,,,,2,18,Winter,,2021-11-04,32,2.3333333333
Balanced,Balanced_Colony01,2021-12-06,1Rep4,2,Reward,Reward,Reward,Reward,Previsited,Reward,Reward,Previsited,Previsited,Previsited,Reward,Reward,Previsited,Previsited,Previsited,Previsited,Previsited,Previsited,Previsited,Previsited,,,,,,,,,,,,,,,,,,,,,,,,,,,,,,,,,,,,,,,,,,Three,,,,,,,,,,,,,,,,,,,,,,,,,,,,,,,,Winter,,2021-11-04,32,2.3333333333
Balanced,Balanced_Colony01,2021-12-06,1Rep4,2,,R1,L3,R1,R2,O4,L1,R1,R1,R3,R1,R1,R1,R3,R3,R1,R3,R2,R1,O4,,,,,,,,,,,,,,,,,,,,,,,,,,,,,,,,,,,,,,,,,,Four,,,,,,,,,,,,,,,,,,,,,,,,,,,,,,,,Winter,,2021-11-04,32,2.3333333333
Balanced,Balanced_Colony01,2021-12-06,1Rep4,3,8,7,6,3,8,4,5,4,1,3,8,2,,,,,,,,,,,,,,,,,,,,,,,,,,,,,,,,,,,,,,,,,,,,,,,,,8,One,12,0,8,4,1,2,0,3,0,4,1,0,4,2,4,0.3636363636,0.1818181818,0.3636363636,0.0909090909,0,5,5,3,7,10,0.5555555556,0.7,0.2,0.2,,,Winter,,2021-11-04,32,2.3333333333
Balanced,Balanced_Colony01,2021-12-06,1Rep4,3,11.020711,10.034358,9.556732,10.598827,7.603328,10.136926,9.856848,10.753345,11.384031,9.33861,6.061894,10.198351,,,,,,,,,,,,,,,,,,,,,,,,,,,,,,,,,,,,,,,,,,,,,,,,,,Two,,,,,,,,,,,,,,,,,,,,,,,,,,,,,,2,10,Winter,,2021-11-04,32,2.3333333333
Balanced,Balanced_Colony01,2021-12-06,1Rep4,3,Reward,Reward,Reward,Reward,Previsited,Reward,Reward,Previsited,Reward,Previsited,Previsited,Reward,,,,,,,,,,,,,,,,,,,,,,,,,,,,,,,,,,,,,,,,,,,,,,,,,,Three,,,,,,,,,,,,,,,,,,,,,,,,,,,,,,,,Winter,,2021-11-04,32,2.3333333333
Balanced,Balanced_Colony01,2021-12-06,1Rep4,3,,R1,R1,R3,R3,O4,L1,R1,R3,L2,R3,L2,,,,,,,,,,,,,,,,,,,,,,,,,,,,,,,,,,,,,,,,,,,,,,,,,,Four,,,,,,,,,,,,,,,,,,,,,,,,,,,,,,,,Winter,,2021-11-04,32,2.3333333333
Balanced,Balanced_Colony01,2021-12-06,1Rep4,4,6,6,7,8,1,8,5,3,2,7,6,5,8,3,1,4,,,,,,,,,,,,,,,,,,,,,,,,,,,,,,,,,,,,,,,,,,,,,8,One,16,1,8,7,3,0,3,4,2,2,0,1,7,2,5,0.4666666667,0.1333333333,0.3333333333,0,0.0666666667,2,4,6,8,14,0.3076923077,0.5714285714,0.0714285714,0.0714285714,,,Winter,,2021-11-04,32,2.3333333333
Balanced,Balanced_Colony01,2021-12-06,1Rep4,4,4.361734,5.610293,9.762023,10.368211,11.699928,9.563767,9.974405,10.00011,10.349375,9.361292,10.892691,8.914809,8.866135,7.432487,8.777864,10.11999,,,,,,,,,,,,,,,,,,,,,,,,,,,,,,,,,,,,,,,,,,,,,,Two,,,,,,,,,,,,,,,,,,,,,,,,,,,,,,6,10,Winter,,2021-11-04,32,2.3333333333
Balanced,Balanced_Colony01,2021-12-06,1Rep4,4,Reward,Same,Reward,Reward,Reward,Previsited,Reward,Reward,Reward,Previsited,Previsited,Previsited,Previsited,Previsited,Previsited,Reward,,,,,,,,,,,,,,,,,,,,,,,,,,,,,,,,,,,,,,,,,,,,,,Three,,,,,,,,,,,,,,,,,,,,,,,,,,,,,,,,Winter,,2021-11-04,32,2.3333333333
Balanced,Balanced_Colony01,2021-12-06,1Rep4,4,,S0,L1,L1,L1,R1,R3,R2,R1,R3,R1,R1,L3,L3,R2,L3,,,,,,,,,,,,,,,,,,,,,,,,,,,,,,,,,,,,,,,,,,,,,,Four,,,,,,,,,,,,,,,,,,,,,,,,,,,,,,,,Winter,,2021-11-04,32,2.3333333333
Balanced,Balanced_Colony01,2021-12-06,1Rep4,5,7,6,5,3,1,8,2,8,7,3,4,3,,,,,,,,,,,,,,,,,,,,,,,,,,,,,,,,,,,,,,,,,,,,,,,,,8,One,12,0,8,4,1,1,0,5,3,0,1,0,6,4,0,0.5454545455,0.3636363636,0,0.0909090909,0,8,4,2,8,10,0.4444444444,0.8,0.3,0.3,,,Winter,,2021-11-04,32,2.3333333333
Balanced,Balanced_Colony01,2021-12-06,1Rep4,5,11.181901,10.382847,10.607743,11.285181,9.971337,9.972295,9.899944,9.551285,10.157059,8.489369,10.461697,5.789222,,,,,,,,,,,,,,,,,,,,,,,,,,,,,,,,,,,,,,,,,,,,,,,,,,Two,,,,,,,,,,,,,,,,,,,,,,,,,,,,,,2,10,Winter,,2021-11-04,32,2.3333333333
Balanced,Balanced_Colony01,2021-12-06,1Rep4,5,Reward,Reward,Reward,Reward,Reward,Reward,Reward,Previsited,Previsited,Previsited,Reward,Previsited,,,,,,,,,,,,,,,,,,,,,,,,,,,,,,,,,,,,,,,,,,,,,,,,,,Three,,,,,,,,,,,,,,,,,,,,,,,,,,,,,,,,Winter,,2021-11-04,32,2.3333333333
Balanced,Balanced_Colony01,2021-12-06,1Rep4,5,,R1,R1,R2,R2,R1,L2,R2,R1,O4,L1,R1,,,,,,,,,,,,,,,,,,,,,,,,,,,,,,,,,,,,,,,,,,,,,,,,,,Four,,,,,,,,,,,,,,,,,,,,,,,,,,,,,,,,Winter,,2021-11-04,32,2.3333333333
Balanced,Balanced_Colony01,2021-12-06,1Rep4,6,7,8,1,2,3,4,7,8,1,6,5,4,3,2,1,8,6,4,3,2,6,7,,,,,,,,,,,,,,,,,,,,,,,,,,,,,,,,,,,,,,,8,One,22,0,8,14,8,0,1,8,2,1,1,0,16,2,2,0.7619047619,0.0952380952,0.0952380952,0.0476190476,0,7,2,9,11,20,0.1052631579,0.55,0.05,0.05,,,Winter,,2021-11-04,32,2.3333333333
Balanced,Balanced_Colony01,2021-12-06,1Rep4,6,11.275296,10.820712,11.180175,11.138095,11.057598,10.873006,5.252223,7.944734,7.09517,10.190989,10.305492,10.426367,9.284958,10.511884,8.211801,9.960423,11.249283,9.713922,9.630893,10.403028,9.914641,10.633273,,,,,,,,,,,,,,,,,,,,,,,,,,,,,,,,,,,,,,,,Two,,,,,,,,,,,,,,,,,,,,,,,,,,,,,,4,18,Winter,,2021-11-04,32,2.3333333333
Balanced,Balanced_Colony01,2021-12-06,1Rep4,6,Reward,Reward,Reward,Reward,Reward,Reward,Previsited,Previsited,Previsited,Reward,Reward,Previsited,Previsited,Previsited,Previsited,Previsited,Previsited,Previsited,Previsited,Previsited,Previsited,Previsited,,,,,,,,,,,,,,,,,,,,,,,,,,,,,,,,,,,,,,,,Three,,,,,,,,,,,,,,,,,,,,,,,,,,,,,,,,Winter,,2021-11-04,32,2.3333333333
Balanced,Balanced_Colony01,2021-12-06,1Rep4,6,,L1,L1,L1,L1,L1,L3,L1,L1,R3,R1,R1,R1,R1,R1,R1,R2,R2,R1,R1,O4,L1,,,,,,,,,,,,,,,,,,,,,,,,,,,,,,,,,,,,,,,,Four,,,,,,,,,,,,,,,,,,,,,,,,,,,,,,,,Winter,,2021-11-04,32,2.3333333333
Balanced,Balanced_Colony01,2021-12-06,1Rep4,7,7,6,7,2,3,4,3,1,2,1,4,5,6,3,4,5,6,7,6,5,8,,,,,,,,,,,,,,,,,,,,,,,,,,,,,,,,,,,,,,,,8,One,21,0,8,13,10,0,3,5,1,1,0,0,15,1,4,0.75,0.05,0.2,0,0,3,9,13,7,20,0.4736842105,0.35,-0.15,0.15,,,Winter,,2021-11-04,32,2.3333333333
Balanced,Balanced_Colony01,2021-12-06,1Rep4,7,9.943147,10.947295,10.281727,9.828647,10.329184,10.293039,9.78715,11.016536,8.271308,9.97419,10.267289,10.304244,9.122836,9.927157,11.333424,10.140752,7.326965,10.17309,4.45026,10.41548,10.006073,,,,,,,,,,,,,,,,,,,,,,,,,,,,,,,,,,,,,,,,,Two,,,,,,,,,,,,,,,,,,,,,,,,,,,,,,3,18,Winter,,2021-11-04,32,2.3333333333
Balanced,Balanced_Colony01,2021-12-06,1Rep4,7,Reward,Reward,Previsited,Reward,Reward,Reward,Previsited,Reward,Previsited,Previsited,Previsited,Reward,Previsited,Previsited,Previsited,Previsited,Previsited,Previsited,Previsited,Previsited,Reward,,,,,,,,,,,,,,,,,,,,,,,,,,,,,,,,,,,,,,,,,Three,,,,,,,,,,,,,,,,,,,,,,,,,,,,,,,,Winter,,2021-11-04,32,2.3333333333
Balanced,Balanced_Colony01,2021-12-06,1Rep4,7,,R1,L1,L3,L1,L1,R1,R2,L1,R1,L3,L1,L1,R3,L1,L1,L1,L1,R1,R1,L3,,,,,,,,,,,,,,,,,,,,,,,,,,,,,,,,,,,,,,,,,Four,,,,,,,,,,,,,,,,,,,,,,,,,,,,,,,,Winter,,2021-11-04,32,2.3333333333
Balanced,Balanced_Colony01,2021-12-06,1Rep4,8,6,5,7,4,3,8,7,8,1,2,,,,,,,,,,,,,,,,,,,,,,,,,,,,,,,,,,,,,,,,,,,,,,,,,,,8,One,10,0,8,2,3,1,0,3,0,2,0,0,6,1,2,0.6666666667,0.1111111111,0.2222222222,0,0,7,3,4,5,9,0.375,0.5555555556,0.0555555556,0.0555555556,,,Winter,,2021-11-04,32,2.3333333333
Balanced,Balanced_Colony01,2021-12-06,1Rep4,8,10.833638,9.884338,10.987764,10.030219,10.820946,9.589901,7.421805,10.800337,10.554946,10.554983,,,,,,,,,,,,,,,,,,,,,,,,,,,,,,,,,,,,,,,,,,,,,,,,,,,,Two,,,,,,,,,,,,,,,,,,,,,,,,,,,,,,1,9,Winter,,2021-11-04,32,2.3333333333
Balanced,Balanced_Colony01,2021-12-06,1Rep4,8,Reward,Reward,Reward,Reward,Reward,Reward,Previsited,Previsited,Reward,Reward,,,,,,,,,,,,,,,,,,,,,,,,,,,,,,,,,,,,,,,,,,,,,,,,,,,,Three,,,,,,,,,,,,,,,,,,,,,,,,,,,,,,,,Winter,,2021-11-04,32,2.3333333333
Balanced,Balanced_Colony01,2021-12-06,1Rep4,8,,R1,L2,R3,R1,R3,R1,L1,L1,L1,,,,,,,,,,,,,,,,,,,,,,,,,,,,,,,,,,,,,,,,,,,,,,,,,,,,Four,,,,,,,,,,,,,,,,,,,,,,,,,,,,,,,,Winter,,2021-11-04,32,2.3333333333
Balanced,Balanced_Colony01,2021-12-06,1Rep5,1,7,4,5,4,5,3,4,6,3,8,8,5,7,5,3,3,7,7,6,4,4,3,6,6,3,3,1,5,5,5,5,3,2,,,,,,,,,,,,,,,,,,,,,,,,,,,,8,One,33,9,8,16,3,2,1,4,6,5,2,9,7,8,6,0.21875,0.25,0.1875,0.0625,0.28125,4,10,6,15,21,0.5,0.7142857143,0.2142857143,0.2142857143,,,Winter,,2021-11-04,32,2.3333333333
Balanced,Balanced_Colony01,2021-12-06,1Rep5,1,11.42111,9.807742,11.032379,9.264845,10.360839,11.576036,10.638038,11.137728,10.373681,11.314782,4.610152,9.04007,5.461133,9.500804,8.499282,6.843534,4.35404,5.372175,9.070938,7.715204,9.482897,10.061711,9.295554,7.620357,11.495723,11.435216,11.602745,6.939026,4.348172,4.386911,10.711154,11.381582,12.461934,,,,,,,,,,,,,,,,,,,,,,,,,,,,,Two,,,,,,,,,,,,,,,,,,,,,,,,,,,,,,11,22,Winter,,2021-11-04,32,2.3333333333
Balanced,Balanced_Colony01,2021-12-06,1Rep5,1,Reward,Reward,Reward,Previsited,Previsited,Reward,Previsited,Reward,Previsited,Reward,Same,Previsited,Previsited,Previsited,Previsited,Same,Previsited,Same,Previsited,Previsited,Same,Previsited,Previsited,Same,Previsited,Same,Reward,Previsited,Same,Same,Same,Previsited,Reward,,,,,,,,,,,,,,,,,,,,,,,,,,,,,Three,,,,,,,,,,,,,,,,,,,,,,,,,,,,,,,,Winter,,2021-11-04,32,2.3333333333
Balanced,Balanced_Colony01,2021-12-06,1Rep5,1,,R3,L1,R1,L1,R2,L1,L2,R3,R3,S0,R3,L2,R2,R2,S0,O4,S0,R1,R2,S0,R1,L3,S0,R3,S0,R2,O4,S0,S0,S0,R2,R1,,,,,,,,,,,,,,,,,,,,,,,,,,,,,Four,,,,,,,,,,,,,,,,,,,,,,,,,,,,,,,,Winter,,2021-11-04,32,2.3333333333
Balanced,Balanced_Colony01,2021-12-06,1Rep5,2,4,1,3,8,7,1,8,5,4,3,1,4,8,8,7,4,1,7,6,5,4,7,8,4,7,3,2,3,,,,,,,,,,,,,,,,,,,,,,,,,,,,,,,,,8,One,28,1,8,19,2,2,3,9,2,5,3,1,11,4,8,0.4074074074,0.1481481481,0.2962962963,0.1111111111,0.037037037,6,9,7,16,23,0.4090909091,0.6956521739,0.1956521739,0.1956521739,,,Winter,,2021-11-04,32,2.3333333333
Balanced,Balanced_Colony01,2021-12-06,1Rep5,2,9.024942,9.7893,11.359004,10.992659,11.392777,7.44852,11.472061,9.740834,10.114268,11.276748,11.642308,10.5313,5.124029,9.785775,11.159827,9.997771,5.676919,9.435315,10.595571,11.337345,6.957346,11.616865,10.491467,11.153415,5.012378,11.22597,11.716827,9.815152,,,,,,,,,,,,,,,,,,,,,,,,,,,,,,,,,,Two,,,,,,,,,,,,,,,,,,,,,,,,,,,,,,5,23,Winter,,2021-11-04,32,2.3333333333
Balanced,Balanced_Colony01,2021-12-06,1Rep5,2,Reward,Reward,Reward,Reward,Reward,Previsited,Previsited,Reward,Previsited,Previsited,Previsited,Previsited,Previsited,Same,Previsited,Previsited,Previsited,Previsited,Reward,Previsited,Previsited,Previsited,Previsited,Previsited,Previsited,Previsited,Reward,Previsited,,,,,,,,,,,,,,,,,,,,,,,,,,,,,,,,,,Three,,,,,,,,,,,,,,,,,,,,,,,,,,,,,,,,Winter,,2021-11-04,32,2.3333333333
Balanced,Balanced_Colony01,2021-12-06,1Rep5,2,,R3,L2,R3,R1,L2,R1,R3,R1,R1,R2,L3,O4,S0,R1,R3,R3,R2,R1,R1,R1,L3,L1,O4,L3,O4,R1,L1,,,,,,,,,,,,,,,,,,,,,,,,,,,,,,,,,,Four,,,,,,,,,,,,,,,,,,,,,,,,,,,,,,,,Winter,,2021-11-04,32,2.3333333333
Balanced,Balanced_Colony01,2021-12-06,1Rep5,3,4,2,1,7,5,3,3,4,8,7,7,6,3,,,,,,,,,,,,,,,,,,,,,,,,,,,,,,,,,,,,,,,,,,,,,,,,8,One,13,2,8,3,1,0,0,3,4,1,1,2,4,4,1,0.3333333333,0.3333333333,0.0833333333,0.0833333333,0.1666666667,7,2,1,8,9,0.25,0.8888888889,0.3888888889,0.3888888889,,,Winter,,2021-11-04,32,2.3333333333
Balanced,Balanced_Colony01,2021-12-06,1Rep5,3,9.945205,9.610692,11.343343,11.348841,10.612593,11.491059,11.448623,11.47517,9.603226,5.349741,4.399113,10.178626,11.226647,,,,,,,,,,,,,,,,,,,,,,,,,,,,,,,,,,,,,,,,,,,,,,,,,Two,,,,,,,,,,,,,,,,,,,,,,,,,,,,,,2,11,Winter,,2021-11-04,32,2.3333333333
Balanced,Balanced_Colony01,2021-12-06,1Rep5,3,Reward,Reward,Reward,Reward,Reward,Reward,Same,Previsited,Reward,Previsited,Same,Reward,Previsited,,,,,,,,,,,,,,,,,,,,,,,,,,,,,,,,,,,,,,,,,,,,,,,,,Three,,,,,,,,,,,,,,,,,,,,,,,,,,,,,,,,Winter,,2021-11-04,32,2.3333333333
Balanced,Balanced_Colony01,2021-12-06,1Rep5,3,,R2,R1,R2,R2,R2,S0,L1,O4,R1,S0,R1,R3,,,,,,,,,,,,,,,,,,,,,,,,,,,,,,,,,,,,,,,,,,,,,,,,,Four,,,,,,,,,,,,,,,,,,,,,,,,,,,,,,,,Winter,,2021-11-04,32,2.3333333333
Balanced,Balanced_Colony01,2021-12-06,1Rep5,4,7,6,2,2,5,4,4,4,3,5,2,1,6,8,,,,,,,,,,,,,,,,,,,,,,,,,,,,,,,,,,,,,,,,,,,,,,,8,One,14,3,8,3,0,2,1,4,0,2,1,3,4,2,3,0.3076923077,0.1538461538,0.2307692308,0.0769230769,0.2307692308,4,5,3,6,9,0.625,0.6666666667,0.1666666667,0.1666666667,,,Winter,,2021-11-04,32,2.3333333333
Balanced,Balanced_Colony01,2021-12-06,1Rep5,4,10.305587,11.413495,10.286977,11.255554,11.295816,10.020828,4.443641,7.187076,11.164961,5.877837,5.674378,11.443804,8.652569,12.478675,,,,,,,,,,,,,,,,,,,,,,,,,,,,,,,,,,,,,,,,,,,,,,,,Two,,,,,,,,,,,,,,,,,,,,,,,,,,,,,,5,9,Winter,,2021-11-04,32,2.3333333333
Balanced,Balanced_Colony01,2021-12-06,1Rep5,4,Reward,Reward,Reward,Same,Reward,Reward,Same,Same,Reward,Previsited,Previsited,Reward,Previsited,Reward,,,,,,,,,,,,,,,,,,,,,,,,,,,,,,,,,,,,,,,,,,,,,,,,Three,,,,,,,,,,,,,,,,,,,,,,,,,,,,,,,,Winter,,2021-11-04,32,2.3333333333
Balanced,Balanced_Colony01,2021-12-06,1Rep5,4,,R1,O4,S0,L3,R1,S0,S0,R1,L2,R3,R1,R3,L2,,,,,,,,,,,,,,,,,,,,,,,,,,,,,,,,,,,,,,,,,,,,,,,,Four,,,,,,,,,,,,,,,,,,,,,,,,,,,,,,,,Winter,,2021-11-04,32,2.3333333333
Balanced,Balanced_Colony01,2021-12-06,1Rep5,5,7,6,7,2,6,8,1,4,2,3,4,8,2,7,7,2,7,6,2,5,2,,,,,,,,,,,,,,,,,,,,,,,,,,,,,,,,,,,,,,,,8,One,21,1,8,12,4,2,4,2,1,3,3,1,6,3,7,0.3,0.15,0.35,0.15,0.05,3,8,10,6,16,0.5333333333,0.375,-0.125,0.125,,,Winter,,2021-11-04,32,2.3333333333
Balanced,Balanced_Colony01,2021-12-06,1Rep5,5,10.080292,10.409977,11.096875,6.275318,10.558122,9.737532,11.141367,10.744877,9.564602,11.253579,4.930708,10.026798,11.257372,11.16957,10.486263,11.278615,6.176129,10.901223,8.991641,11.88196,4.489508,,,,,,,,,,,,,,,,,,,,,,,,,,,,,,,,,,,,,,,,,Two,,,,,,,,,,,,,,,,,,,,,,,,,,,,,,5,16,Winter,,2021-11-04,32,2.3333333333
Balanced,Balanced_Colony01,2021-12-06,1Rep5,5,Reward,Reward,Previsited,Reward,Previsited,Reward,Reward,Reward,Previsited,Reward,Previsited,Previsited,Previsited,Previsited,Same,Previsited,Previsited,Previsited,Previsited,Reward,Previsited,,,,,,,,,,,,,,,,,,,,,,,,,,,,,,,,,,,,,,,,,Three,,,,,,,,,,,,,,,,,,,,,,,,,,,,,,,,Winter,,2021-11-04,32,2.3333333333
Balanced,Balanced_Colony01,2021-12-06,1Rep5,5,,R1,L1,L3,O4,L2,L1,L3,R2,L1,L1,O4,L2,R3,S0,L3,R3,R1,O4,L3,R3,,,,,,,,,,,,,,,,,,,,,,,,,,,,,,,,,,,,,,,,,Four,,,,,,,,,,,,,,,,,,,,,,,,,,,,,,,,Winter,,2021-11-04,32,2.3333333333
Balanced,Balanced_Colony01,2021-12-06,1Rep5,6,3,2,6,7,1,5,3,5,4,4,3,2,6,5,2,5,4,8,,,,,,,,,,,,,,,,,,,,,,,,,,,,,,,,,,,,,,,,,,,8,One,18,1,8,9,1,2,1,6,1,1,4,1,7,3,2,0.4117647059,0.1764705882,0.1176470588,0.2352941176,0.0588235294,7,6,4,8,12,0.5454545455,0.6666666667,0.1666666667,0.1666666667,,,Winter,,2021-11-04,32,2.3333333333
Balanced,Balanced_Colony01,2021-12-06,1Rep5,6,10.769502,11.539809,10.24977,11.532797,10.301273,10.110644,11.455466,11.250929,11.057633,10.269833,4.967573,9.758348,7.46726,11.211218,11.683123,10.072341,10.781026,10.484572,,,,,,,,,,,,,,,,,,,,,,,,,,,,,,,,,,,,,,,,,,,,Two,,,,,,,,,,,,,,,,,,,,,,,,,,,,,,2,16,Winter,,2021-11-04,32,2.3333333333
Balanced,Balanced_Colony01,2021-12-06,1Rep5,6,Reward,Reward,Reward,Reward,Reward,Reward,Previsited,Previsited,Reward,Same,Previsited,Previsited,Previsited,Previsited,Previsited,Previsited,Previsited,Reward,,,,,,,,,,,,,,,,,,,,,,,,,,,,,,,,,,,,,,,,,,,,Three,,,,,,,,,,,,,,,,,,,,,,,,,,,,,,,,Winter,,2021-11-04,32,2.3333333333
Balanced,Balanced_Colony01,2021-12-06,1Rep5,6,,R1,O4,L1,L2,O4,R2,L2,R1,S0,R1,R1,O4,R1,R3,L3,R1,O4,,,,,,,,,,,,,,,,,,,,,,,,,,,,,,,,,,,,,,,,,,,,Four,,,,,,,,,,,,,,,,,,,,,,,,,,,,,,,,Winter,,2021-11-04,32,2.3333333333
Balanced,Balanced_Colony01,2021-12-06,1Rep5,7,8,3,7,8,4,3,2,7,5,3,6,7,6,4,3,2,7,8,4,1,,,,,,,,,,,,,,,,,,,,,,,,,,,,,,,,,,,,,,,,,8,One,20,0,8,12,3,0,2,5,3,3,3,0,8,3,5,0.4210526316,0.1578947368,0.2631578947,0.1578947368,0,4,5,5,11,16,0.3333333333,0.6875,0.1875,0.1875,,,Winter,,2021-11-04,32,2.3333333333
Balanced,Balanced_Colony01,2021-12-06,1Rep5,7,11.117653,10.376386,11.15726,10.790044,11.313869,9.224044,11.100984,8.58792,11.127432,10.796275,10.851795,5.411797,10.832109,10.968819,11.427969,11.221906,5.878633,7.998554,10.6611,12.428338,,,,,,,,,,,,,,,,,,,,,,,,,,,,,,,,,,,,,,,,,,Two,,,,,,,,,,,,,,,,,,,,,,,,,,,,,,4,16,Winter,,2021-11-04,32,2.3333333333
Balanced,Balanced_Colony01,2021-12-06,1Rep5,7,Reward,Reward,Reward,Previsited,Reward,Previsited,Reward,Previsited,Reward,Previsited,Reward,Previsited,Previsited,Previsited,Previsited,Previsited,Previsited,Previsited,Previsited,Reward,,,,,,,,,,,,,,,,,,,,,,,,,,,,,,,,,,,,,,,,,,Three,,,,,,,,,,,,,,,,,,,,,,,,,,,,,,,,Winter,,2021-11-04,32,2.3333333333
Balanced,Balanced_Colony01,2021-12-06,1Rep5,7,,L3,O4,L1,O4,R1,R1,R3,R2,R2,L3,L1,R1,R2,R1,R1,R3,L1,O4,R3,,,,,,,,,,,,,,,,,,,,,,,,,,,,,,,,,,,,,,,,,,Four,,,,,,,,,,,,,,,,,,,,,,,,,,,,,,,,Winter,,2021-11-04,32,2.3333333333
Balanced,Balanced_Colony01,2021-12-06,1Rep5,8,5,1,8,4,2,2,8,4,1,4,2,8,5,3,1,6,5,4,3,7,,,,,,,,,,,,,,,,,,,,,,,,,,,,,,,,,,,,,,,,,8,One,20,1,8,11,0,0,1,4,6,3,4,1,4,6,4,0.2105263158,0.3157894737,0.2105263158,0.2105263158,0.0526315789,6,2,1,13,14,0.1538461538,0.9285714286,0.4285714286,0.4285714286,,,Winter,,2021-11-04,32,2.3333333333
Balanced,Balanced_Colony01,2021-12-06,1Rep5,8,9.220324,10.211874,8.805756,11.412419,10.741974,10.538405,10.458511,11.062727,9.440045,10.210729,10.983931,7.212877,11.369656,10.568272,7.881674,9.761843,6.701844,9.28353,10.661466,10.834754,,,,,,,,,,,,,,,,,,,,,,,,,,,,,,,,,,,,,,,,,,Two,,,,,,,,,,,,,,,,,,,,,,,,,,,,,,4,16,Winter,,2021-11-04,32,2.3333333333
Balanced,Balanced_Colony01,2021-12-06,1Rep5,8,Reward,Reward,Reward,Reward,Reward,Same,Previsited,Previsited,Previsited,Previsited,Previsited,Previsited,Previsited,Reward,Previsited,Reward,Previsited,Previsited,Previsited,Reward,,,,,,,,,,,,,,,,,,,,,,,,,,,,,,,,,,,,,,,,,,Three,,,,,,,,,,,,,,,,,,,,,,,,,,,,,,,,Winter,,2021-11-04,32,2.3333333333
Balanced,Balanced_Colony01,2021-12-06,1Rep5,8,,O4,R1,O4,R2,S0,R2,O4,R3,L3,R2,R2,R3,R2,R2,R3,R1,R1,R1,O4,,,,,,,,,,,,,,,,,,,,,,,,,,,,,,,,,,,,,,,,,,Four,,,,,,,,,,,,,,,,,,,,,,,,,,,,,,,,Winter,,2021-11-04,32,2.3333333333
Balanced,Balanced_Colony01,2021-12-08,1Rep6,1,7,8,3,4,3,7,6,5,4,5,5,4,2,2,3,4,2,1,8,3,6,1,,,,,,,,,,,,,,,,,,,,,,,,,,,,,,,,,,,,,,,8,One,22,2,8,12,5,0,4,7,2,0,1,2,12,2,4,0.5714285714,0.0952380952,0.1904761905,0.0476190476,0.0952380952,5,6,9,9,18,0.3529411765,0.5,0,0,,,Winter,,2021-11-04,34,4.3333333333
Balanced,Balanced_Colony01,2021-12-08,1Rep6,1,4.819189,11.222531,11.464361,11.148608,10.168663,10.765103,11.057069,7.39676,4.398448,10.517446,11.237632,11.394044,9.987471,9.796625,9.685043,4.420551,11.332426,4.880163,7.960054,8.424948,11.728317,9.71982,,,,,,,,,,,,,,,,,,,,,,,,,,,,,,,,,,,,,,,,Two,,,,,,,,,,,,,,,,,,,,,,,,,,,,,,7,15,Winter,,2021-11-04,34,4.3333333333
Balanced,Balanced_Colony01,2021-12-08,1Rep6,1,Reward,Reward,Reward,Reward,Previsited,Previsited,Reward,Reward,Previsited,Previsited,Same,Previsited,Reward,Same,Previsited,Previsited,Previsited,Reward,Previsited,Previsited,Previsited,Previsited,,,,,,,,,,,,,,,,,,,,,,,,,,,,,,,,,,,,,,,,Three,,,,,,,,,,,,,,,,,,,,,,,,,,,,,,,,Winter,,2021-11-04,34,4.3333333333
Balanced,Balanced_Colony01,2021-12-08,1Rep6,1,,L1,L3,L1,R1,O4,R1,R1,R1,L1,S0,R1,R2,S0,L1,L1,R2,R1,R1,L3,L3,L3,,,,,,,,,,,,,,,,,,,,,,,,,,,,,,,,,,,,,,,,Four,,,,,,,,,,,,,,,,,,,,,,,,,,,,,,,,Winter,,2021-11-04,34,4.3333333333
Balanced,Balanced_Colony01,2021-12-08,1Rep6,2,8,7,5,3,2,1,2,7,2,1,3,6,3,6,4,,,,,,,,,,,,,,,,,,,,,,,,,,,,,,,,,,,,,,,,,,,,,,8,One,15,0,8,7,1,1,3,4,3,2,0,0,5,4,5,0.3571428571,0.2857142857,0.3571428571,0,0,7,8,5,9,14,0.6153846154,0.6428571429,0.1428571429,0.1428571429,,,Winter,,2021-11-04,34,4.3333333333
Balanced,Balanced_Colony01,2021-12-08,1Rep6,2,10.636993,10.191946,11.245089,10.33292,10.465852,11.407636,11.438829,11.735195,6.739867,11.171437,10.556276,11.262081,9.855721,10.393186,10.169717,,,,,,,,,,,,,,,,,,,,,,,,,,,,,,,,,,,,,,,,,,,,,,,Two,,,,,,,,,,,,,,,,,,,,,,,,,,,,,,1,14,Winter,,2021-11-04,34,4.3333333333
Balanced,Balanced_Colony01,2021-12-08,1Rep6,2,Reward,Reward,Reward,Reward,Reward,Reward,Previsited,Previsited,Previsited,Previsited,Previsited,Reward,Previsited,Previsited,Reward,,,,,,,,,,,,,,,,,,,,,,,,,,,,,,,,,,,,,,,,,,,,,,,Three,,,,,,,,,,,,,,,,,,,,,,,,,,,,,,,,Winter,,2021-11-04,34,4.3333333333
Balanced,Balanced_Colony01,2021-12-08,1Rep6,2,,R1,R2,R2,R1,R1,L1,R3,L3,R1,L2,L3,R3,L3,R2,,,,,,,,,,,,,,,,,,,,,,,,,,,,,,,,,,,,,,,,,,,,,,,Four,,,,,,,,,,,,,,,,,,,,,,,,,,,,,,,,Winter,,2021-11-04,34,4.3333333333
Balanced,Balanced_Colony01,2021-12-08,1Rep6,3,6,3,4,3,1,2,2,3,7,6,2,7,4,1,6,3,8,,,,,,,,,,,,,,,,,,,,,,,,,,,,,,,,,,,,,,,,,,,,7,One,17,1,7,9,3,0,0,2,1,7,2,1,5,1,7,0.3125,0.0625,0.4375,0.125,0.0625,4,4,3,10,13,0.3333333333,0.7692307692,0.2692307692,0.2692307692,,,Winter,,2021-11-04,34,4.3333333333
Balanced,Balanced_Colony01,2021-12-08,1Rep6,3,10.564047,10.111146,11.234978,11.1278,11.577854,9.978079,8.569993,9.719499,11.42111,7.601712,10.352012,11.10051,11.234978,11.53229,10.688473,11.308906,10.484479,,,,,,,,,,,,,,,,,,,,,,,,,,,,,,,,,,,,,,,,,,,,,Two,,,,,,,,,,,,,,,,,,,,,,,,,,,,,,2,15,Winter,,2021-11-04,34,4.3333333333
Balanced,Balanced_Colony01,2021-12-08,1Rep6,3,Reward,Reward,Reward,Previsited,Reward,Reward,Same,Previsited,Reward,Previsited,Previsited,Previsited,Previsited,Previsited,Previsited,Previsited,Reward,,,,,,,,,,,,,,,,,,,,,,,,,,,,,,,,,,,,,,,,,,,,,Three,,,,,,,,,,,,,,,,,,,,,,,,,,,,,,,,Winter,,2021-11-04,34,4.3333333333
Balanced,Balanced_Colony01,2021-12-08,1Rep6,3,,R3,L1,R1,R2,L1,S0,L1,O4,R1,O4,R3,R3,R3,R3,R3,R3,,,,,,,,,,,,,,,,,,,,,,,,,,,,,,,,,,,,,,,,,,,,,Four,,,,,,,,,,,,,,,,,,,,,,,,,,,,,,,,Winter,,2021-11-04,34,4.3333333333
Balanced,Balanced_Colony01,2021-12-08,1Rep6,4,8,7,5,4,3,2,2,3,2,3,8,7,4,8,3,8,5,3,8,4,1,4,3,8,5,4,1,2,2,3,7,6,,,,,,,,,,,,,,,,,,,,,,,,,,,,,8,One,32,2,8,22,4,0,2,9,2,9,3,2,13,2,11,0.4193548387,0.064516129,0.3548387097,0.0967741935,0.064516129,7,10,6,20,26,0.4,0.7692307692,0.2692307692,0.2692307692,,,Winter,,2021-11-04,34,4.3333333333
Balanced,Balanced_Colony01,2021-12-08,1Rep6,4,10.484572,10.938406,10.043212,10.505726,10.89006,6.29854,11.037254,10.878079,9.479484,11.255831,9.951632,11.309974,10.994273,9.893799,10.749447,10.21029,6.598374,9.551714,10.10943,7.167305,11.744078,8.302263,11.479806,9.833327,6.759159,10.663587,11.553163,10.109333,11.564799,10.218972,6.705275,10.422272,,,,,,,,,,,,,,,,,,,,,,,,,,,,,,Two,,,,,,,,,,,,,,,,,,,,,,,,,,,,,,6,26,Winter,,2021-11-04,34,4.3333333333
Balanced,Balanced_Colony01,2021-12-08,1Rep6,4,Reward,Reward,Reward,Reward,Reward,Reward,Same,Previsited,Previsited,Previsited,Previsited,Previsited,Previsited,Previsited,Previsited,Previsited,Previsited,Previsited,Previsited,Previsited,Reward,Previsited,Previsited,Previsited,Previsited,Previsited,Previsited,Previsited,Same,Previsited,Previsited,Reward,,,,,,,,,,,,,,,,,,,,,,,,,,,,,,Three,,,,,,,,,,,,,,,,,,,,,,,,,,,,,,,,Winter,,2021-11-04,34,4.3333333333
Balanced,Balanced_Colony01,2021-12-08,1Rep6,4,,R1,R2,R1,R1,R1,S0,L1,R1,L1,R3,R1,R3,O4,L3,R3,R3,R2,R3,O4,R3,L3,R1,R3,R3,R1,R3,L1,S0,L1,O4,R1,,,,,,,,,,,,,,,,,,,,,,,,,,,,,,Four,,,,,,,,,,,,,,,,,,,,,,,,,,,,,,,,Winter,,2021-11-04,34,4.3333333333
Balanced,Balanced_Colony01,2021-12-08,1Rep6,5,6,3,2,8,4,2,4,5,6,5,4,1,8,7,,,,,,,,,,,,,,,,,,,,,,,,,,,,,,,,,,,,,,,,,,,,,,,8,One,14,0,8,6,2,1,0,5,2,2,1,0,7,3,2,0.5384615385,0.2307692308,0.1538461538,0.0769230769,0,6,2,3,9,12,0.1818181818,0.75,0.25,0.25,,,Winter,,2021-11-04,34,4.3333333333
Balanced,Balanced_Colony01,2021-12-08,1Rep6,5,11.652617,9.755411,10.393955,10.385174,9.774315,8.866597,9.71637,10.810619,7.087198,10.080872,9.813404,10.951461,11.715911,10.333976,,,,,,,,,,,,,,,,,,,,,,,,,,,,,,,,,,,,,,,,,,,,,,,,Two,,,,,,,,,,,,,,,,,,,,,,,,,,,,,,2,12,Winter,,2021-11-04,34,4.3333333333
Balanced,Balanced_Colony01,2021-12-08,1Rep6,5,Reward,Reward,Reward,Reward,Reward,Previsited,Previsited,Reward,Previsited,Previsited,Previsited,Reward,Previsited,Reward,,,,,,,,,,,,,,,,,,,,,,,,,,,,,,,,,,,,,,,,,,,,,,,,Three,,,,,,,,,,,,,,,,,,,,,,,,,,,,,,,,Winter,,2021-11-04,34,4.3333333333
Balanced,Balanced_Colony01,2021-12-08,1Rep6,5,,R3,R1,R2,O4,R2,L2,L1,L1,R1,R1,R3,R1,R1,,,,,,,,,,,,,,,,,,,,,,,,,,,,,,,,,,,,,,,,,,,,,,,,Four,,,,,,,,,,,,,,,,,,,,,,,,,,,,,,,,Winter,,2021-11-04,34,4.3333333333
Balanced,Balanced_Colony01,2021-12-08,1Rep6,6,3,1,7,6,5,3,4,2,8,,,,,,,,,,,,,,,,,,,,,,,,,,,,,,,,,,,,,,,,,,,,,,,,,,,,8,One,9,0,8,1,1,0,0,2,5,0,0,0,3,5,0,0.375,0.625,0,0,0,6,2,1,7,8,0.2857142857,0.875,0.375,0.375,,,Winter,,2021-11-04,34,4.3333333333
Balanced,Balanced_Colony01,2021-12-08,1Rep6,6,10.193323,10.234068,10.415368,10.729355,10.811448,7.567222,11.025928,10.532854,9.823589,,,,,,,,,,,,,,,,,,,,,,,,,,,,,,,,,,,,,,,,,,,,,,,,,,,,,Two,,,,,,,,,,,,,,,,,,,,,,,,,,,,,,1,8,Winter,,2021-11-04,34,4.3333333333
Balanced,Balanced_Colony01,2021-12-08,1Rep6,6,Reward,Reward,Reward,Reward,Reward,Previsited,Reward,Reward,Reward,,,,,,,,,,,,,,,,,,,,,,,,,,,,,,,,,,,,,,,,,,,,,,,,,,,,,Three,,,,,,,,,,,,,,,,,,,,,,,,,,,,,,,,Winter,,2021-11-04,34,4.3333333333
Balanced,Balanced_Colony01,2021-12-08,1Rep6,6,,R2,R2,R1,R1,R2,L1,R2,R2,,,,,,,,,,,,,,,,,,,,,,,,,,,,,,,,,,,,,,,,,,,,,,,,,,,,,Four,,,,,,,,,,,,,,,,,,,,,,,,,,,,,,,,Winter,,2021-11-04,34,4.3333333333
Balanced,Balanced_Colony01,2021-12-08,1Rep6,7,1,1,1,7,6,5,3,2,1,7,4,1,7,6,4,3,2,1,2,7,6,5,3,8,,,,,,,,,,,,,,,,,,,,,,,,,,,,,,,,,,,,,8,One,24,2,8,14,1,0,0,10,6,4,0,2,11,6,4,0.4782608696,0.2608695652,0.1739130435,0,0.0869565217,2,2,1,20,21,0.1,0.9523809524,0.4523809524,0.4523809524,,,Winter,,2021-11-04,34,4.3333333333
Balanced,Balanced_Colony01,2021-12-08,1Rep6,7,5.690637,7.542479,11.120283,10.334674,10.347115,11.630197,9.926902,10.019953,10.220212,11.16929,10.480313,10.143385,7.746168,11.546074,10.249732,10.990744,10.43104,9.537479,10.821162,7.596787,11.02057,11.360103,9.415109,10.107173,,,,,,,,,,,,,,,,,,,,,,,,,,,,,,,,,,,,,,Two,,,,,,,,,,,,,,,,,,,,,,,,,,,,,,4,20,Winter,,2021-11-04,34,4.3333333333
Balanced,Balanced_Colony01,2021-12-08,1Rep6,7,Reward,Same,Same,Reward,Reward,Reward,Reward,Reward,Previsited,Previsited,Reward,Previsited,Previsited,Previsited,Previsited,Previsited,Previsited,Previsited,Previsited,Previsited,Previsited,Previsited,Previsited,Reward,,,,,,,,,,,,,,,,,,,,,,,,,,,,,,,,,,,,,,Three,,,,,,,,,,,,,,,,,,,,,,,,,,,,,,,,Winter,,2021-11-04,34,4.3333333333
Balanced,Balanced_Colony01,2021-12-08,1Rep6,7,,S0,S0,R2,R1,R1,R2,R1,R1,R2,R3,R3,R2,R1,R2,R1,R1,R1,L1,R3,R1,R1,R2,R3,,,,,,,,,,,,,,,,,,,,,,,,,,,,,,,,,,,,,,Four,,,,,,,,,,,,,,,,,,,,,,,,,,,,,,,,Winter,,2021-11-04,34,4.3333333333
Balanced,Balanced_Colony01,2021-12-08,1Rep6,8,8,5,4,3,8,7,8,7,5,4,2,1,5,3,2,8,5,6,,,,,,,,,,,,,,,,,,,,,,,,,,,,,,,,,,,,,,,,,,,8,One,18,0,8,10,2,0,0,7,4,3,1,0,9,4,3,0.5294117647,0.2352941176,0.1764705882,0.0588235294,0,5,3,2,14,16,0.2,0.875,0.375,0.375,,,Winter,,2021-11-04,34,4.3333333333
Balanced,Balanced_Colony01,2021-12-08,1Rep6,8,11.454223,10.648349,10.294535,11.487784,9.701874,11.406816,11.562017,11.53087,8.500039,10.863088,11.033421,11.32291,7.886989,8.530073,10.97889,11.501978,9.675378,10.002273,,,,,,,,,,,,,,,,,,,,,,,,,,,,,,,,,,,,,,,,,,,,Two,,,,,,,,,,,,,,,,,,,,,,,,,,,,,,3,15,Winter,,2021-11-04,34,4.3333333333
Balanced,Balanced_Colony01,2021-12-08,1Rep6,8,Reward,Reward,Reward,Reward,Previsited,Reward,Previsited,Previsited,Previsited,Previsited,Reward,Reward,Previsited,Previsited,Previsited,Previsited,Previsited,Reward,,,,,,,,,,,,,,,,,,,,,,,,,,,,,,,,,,,,,,,,,,,,Three,,,,,,,,,,,,,,,,,,,,,,,,,,,,,,,,Winter,,2021-11-04,34,4.3333333333
Balanced,Balanced_Colony01,2021-12-08,1Rep6,8,,R3,R1,R1,R3,R1,L1,R1,R2,R1,R2,R1,O4,R2,R1,R2,R3,L1,,,,,,,,,,,,,,,,,,,,,,,,,,,,,,,,,,,,,,,,,,,,Four,,,,,,,,,,,,,,,,,,,,,,,,,,,,,,,,Winter,,2021-11-04,34,4.3333333333
Balanced,Balanced_Colony02,2022-02-01,2Rep1,1,5,7,8,1,3,4,5,7,1,3,4,6,8,1,7,1,3,6,2,,,,,,,,,,,,,,,,,,,,,,,,,,,,,,,,,,,,,,,,,,8,One,19,0,8,11,6,9,1,0,1,0,1,0,6,10,1,0.3333333333,0.5555555556,0.0555555556,0.0555555556,0,7,2,16,1,17,0.125,0.0588235294,-0.441176471,0.4411764706,,,Winter,,2022-01-06,26,-1.666666667
Balanced,Balanced_Colony02,2022-02-01,2Rep1,1,11.287719,11.757018,11.786228,11.876135,11.121439,9.971044,10.038611,9.870839,11.078925,9.996484,11.255554,10.227895,8.770977,8.699503,11.058444,11.835014,10.095846,10.521967,10.326579,,,,,,,,,,,,,,,,,,,,,,,,,,,,,,,,,,,,,,,,,,,Two,,,,,,,,,,,,,,,,,,,,,,,,,,,,,,2,17,Winter,,2022-01-06,26,-1.666666667
Balanced,Balanced_Colony02,2022-02-01,2Rep1,1,Reward,Reward,Reward,Reward,Reward,Reward,Previsited,Previsited,Previsited,Previsited,Previsited,Reward,Previsited,Previsited,Previsited,Previsited,Previsited,Previsited,Reward,,,,,,,,,,,,,,,,,,,,,,,,,,,,,,,,,,,,,,,,,,,Three,,,,,,,,,,,,,,,,,,,,,,,,,,,,,,,,Winter,,2022-01-06,26,-1.666666667
Balanced,Balanced_Colony02,2022-02-01,2Rep1,1,,L2,L1,L1,L2,L1,L1,L2,L2,L2,L1,L2,L2,L1,R2,L2,L2,L3,O4,,,,,,,,,,,,,,,,,,,,,,,,,,,,,,,,,,,,,,,,,,,Four,,,,,,,,,,,,,,,,,,,,,,,,,,,,,,,,Winter,,2022-01-06,26,-1.666666667
Balanced,Balanced_Colony02,2022-02-01,2Rep1,2,1,1,6,1,2,3,5,6,8,2,1,7,8,1,2,4,,,,,,,,,,,,,,,,,,,,,,,,,,,,,,,,,,,,,,,,,,,,,8,One,16,1,8,7,6,4,1,1,1,1,0,1,7,5,2,0.4666666667,0.3333333333,0.1333333333,0,0.0666666667,2,3,11,3,14,0.2307692308,0.2142857143,-0.285714286,0.2857142857,,,Winter,,2022-01-06,26,-1.666666667
Balanced,Balanced_Colony02,2022-02-01,2Rep1,2,4.426544,11.351451,10.197491,6.71878,9.835943,9.922777,10.459909,9.934518,11.432573,6.002793,7.453386,11.415562,9.57959,10.091424,11.321275,10.643808,,,,,,,,,,,,,,,,,,,,,,,,,,,,,,,,,,,,,,,,,,,,,,Two,,,,,,,,,,,,,,,,,,,,,,,,,,,,,,4,12,Winter,,2022-01-06,26,-1.666666667
Balanced,Balanced_Colony02,2022-02-01,2Rep1,2,Reward,Same,Reward,Previsited,Reward,Reward,Reward,Previsited,Reward,Previsited,Previsited,Reward,Previsited,Previsited,Previsited,Reward,,,,,,,,,,,,,,,,,,,,,,,,,,,,,,,,,,,,,,,,,,,,,,Three,,,,,,,,,,,,,,,,,,,,,,,,,,,,,,,,Winter,,2022-01-06,26,-1.666666667
Balanced,Balanced_Colony02,2022-02-01,2Rep1,2,,S0,R3,L3,L1,L1,L2,L1,L2,L2,R1,R2,L1,L1,L1,L2,,,,,,,,,,,,,,,,,,,,,,,,,,,,,,,,,,,,,,,,,,,,,,Four,,,,,,,,,,,,,,,,,,,,,,,,,,,,,,,,Winter,,2022-01-06,26,-1.666666667
Balanced,Balanced_Colony02,2022-02-01,2Rep1,3,3,3,5,7,1,2,3,2,4,6,7,8,,,,,,,,,,,,,,,,,,,,,,,,,,,,,,,,,,,,,,,,,,,,,,,,,8,One,12,1,8,3,4,5,0,1,0,0,0,1,5,5,0,0.4545454545,0.4545454545,0,0,0.0909090909,2,2,9,1,10,0.2222222222,0.1,-0.4,0.4,,,Winter,,2022-01-06,26,-1.666666667
Balanced,Balanced_Colony02,2022-02-01,2Rep1,3,4.843035,9.888123,9.636538,10.22536,11.64425,10.983151,10.125536,11.376769,9.679829,10.964037,10.416266,10.935929,,,,,,,,,,,,,,,,,,,,,,,,,,,,,,,,,,,,,,,,,,,,,,,,,,Two,,,,,,,,,,,,,,,,,,,,,,,,,,,,,,1,11,Winter,,2022-01-06,26,-1.666666667
Balanced,Balanced_Colony02,2022-02-01,2Rep1,3,Reward,Same,Reward,Reward,Reward,Reward,Previsited,Previsited,Reward,Reward,Previsited,Reward,,,,,,,,,,,,,,,,,,,,,,,,,,,,,,,,,,,,,,,,,,,,,,,,,,Three,,,,,,,,,,,,,,,,,,,,,,,,,,,,,,,,Winter,,2022-01-06,26,-1.666666667
Balanced,Balanced_Colony02,2022-02-01,2Rep1,3,,S0,L2,L2,L2,L1,L1,R1,L2,L2,L1,L1,,,,,,,,,,,,,,,,,,,,,,,,,,,,,,,,,,,,,,,,,,,,,,,,,,Four,,,,,,,,,,,,,,,,,,,,,,,,,,,,,,,,Winter,,2022-01-06,26,-1.666666667
Balanced,Balanced_Colony02,2022-02-01,2Rep1,4,1,3,5,7,8,1,3,1,3,5,6,3,6,4,6,7,8,4,7,6,5,5,6,7,8,2,,,,,,,,,,,,,,,,,,,,,,,,,,,,,,,,,,,8,One,26,1,8,17,8,8,2,2,2,1,1,1,10,10,3,0.4,0.4,0.12,0.04,0.04,6,8,18,5,23,0.3636363636,0.2173913043,-0.282608696,0.2826086957,,,Winter,,2022-01-06,26,-1.666666667
Balanced,Balanced_Colony02,2022-02-01,2Rep1,4,10.440883,10.264726,10.331958,9.704506,11.278079,10.14277,10.423413,11.771996,8.621357,11.309423,10.175408,4.602026,10.366012,10.28925,9.951612,10.262523,11.570629,11.472469,11.345955,8.176952,8.424948,4.363566,10.445382,10.236678,10.870765,10.37864,,,,,,,,,,,,,,,,,,,,,,,,,,,,,,,,,,,,Two,,,,,,,,,,,,,,,,,,,,,,,,,,,,,,5,21,Winter,,2022-01-06,26,-1.666666667
Balanced,Balanced_Colony02,2022-02-01,2Rep1,4,Reward,Reward,Reward,Reward,Reward,Previsited,Previsited,Previsited,Previsited,Previsited,Reward,Previsited,Previsited,Reward,Previsited,Previsited,Previsited,Previsited,Previsited,Previsited,Previsited,Same,Previsited,Previsited,Previsited,Reward,,,,,,,,,,,,,,,,,,,,,,,,,,,,,,,,,,,,Three,,,,,,,,,,,,,,,,,,,,,,,,,,,,,,,,Winter,,2022-01-06,26,-1.666666667
Balanced,Balanced_Colony02,2022-02-01,2Rep1,4,,L2,L2,L2,L1,L1,L2,R2,L2,L2,L1,R3,L3,R2,L2,L1,L1,O4,L3,R1,R1,S0,L1,L1,L1,L2,,,,,,,,,,,,,,,,,,,,,,,,,,,,,,,,,,,,Four,,,,,,,,,,,,,,,,,,,,,,,,,,,,,,,,Winter,,2022-01-06,26,-1.666666667
Balanced,Balanced_Colony02,2022-02-01,2Rep1,5,1,2,4,6,7,8,1,8,4,5,8,1,8,3,5,1,2,,,,,,,,,,,,,,,,,,,,,,,,,,,,,,,,,,,,,,,,,,,,8,One,17,0,8,9,7,3,2,2,0,0,2,0,9,3,2,0.5625,0.1875,0.125,0.125,0,7,4,12,2,14,0.3076923077,0.1428571429,-0.357142857,0.3571428571,,,Winter,,2022-01-06,26,-1.666666667
Balanced,Balanced_Colony02,2022-02-01,2Rep1,5,6.10697,4.343866,10.446781,10.191467,10.190549,10.409378,11.273775,10.525005,9.899944,10.430049,8.161442,9.974405,11.275296,11.033916,9.089078,9.844104,10.594357,,,,,,,,,,,,,,,,,,,,,,,,,,,,,,,,,,,,,,,,,,,,,Two,,,,,,,,,,,,,,,,,,,,,,,,,,,,,,3,14,Winter,,2022-01-06,26,-1.666666667
Balanced,Balanced_Colony02,2022-02-01,2Rep1,5,Reward,Reward,Reward,Reward,Reward,Reward,Previsited,Previsited,Previsited,Reward,Previsited,Previsited,Previsited,Reward,Previsited,Previsited,Previsited,,,,,,,,,,,,,,,,,,,,,,,,,,,,,,,,,,,,,,,,,,,,,Three,,,,,,,,,,,,,,,,,,,,,,,,,,,,,,,,Winter,,2022-01-06,26,-1.666666667
Balanced,Balanced_Colony02,2022-02-01,2Rep1,5,,L1,L2,L2,L1,L1,L1,R1,O4,L1,L3,L1,R1,L3,L2,O4,L1,,,,,,,,,,,,,,,,,,,,,,,,,,,,,,,,,,,,,,,,,,,,,Four,,,,,,,,,,,,,,,,,,,,,,,,,,,,,,,,Winter,,2022-01-06,26,-1.666666667
Balanced,Balanced_Colony02,2022-02-01,2Rep1,6,4,6,7,5,6,7,8,5,3,2,1,,,,,,,,,,,,,,,,,,,,,,,,,,,,,,,,,,,,,,,,,,,,,,,,,,8,One,11,0,8,3,4,1,0,2,2,1,0,0,6,3,1,0.6,0.3,0.1,0,0,5,3,5,5,10,0.3333333333,0.5,0,0,,,Winter,,2022-01-06,26,-1.666666667
Balanced,Balanced_Colony02,2022-02-01,2Rep1,6,10.407355,10.524801,10.147209,11.315626,9.992739,10.513516,11.013917,9.941265,9.72403,10.635014,10.540106,,,,,,,,,,,,,,,,,,,,,,,,,,,,,,,,,,,,,,,,,,,,,,,,,,,Two,,,,,,,,,,,,,,,,,,,,,,,,,,,,,,0,11,Winter,,2022-01-06,26,-1.666666667
Balanced,Balanced_Colony02,2022-02-01,2Rep1,6,Reward,Reward,Reward,Reward,Previsited,Previsited,Reward,Previsited,Reward,Reward,Reward,,,,,,,,,,,,,,,,,,,,,,,,,,,,,,,,,,,,,,,,,,,,,,,,,,,Three,,,,,,,,,,,,,,,,,,,,,,,,,,,,,,,,Winter,,2022-01-06,26,-1.666666667
Balanced,Balanced_Colony02,2022-02-01,2Rep1,6,,L2,L1,R2,L1,L1,L1,R3,R2,R1,R1,,,,,,,,,,,,,,,,,,,,,,,,,,,,,,,,,,,,,,,,,,,,,,,,,,,Four,,,,,,,,,,,,,,,,,,,,,,,,,,,,,,,,Winter,,2022-01-06,26,-1.666666667
Balanced,Balanced_Colony02,2022-02-01,2Rep1,7,1,1,4,5,6,8,1,2,3,4,6,7,,,,,,,,,,,,,,,,,,,,,,,,,,,,,,,,,,,,,,,,,,,,,,,,,8,One,12,1,8,3,7,2,1,0,0,0,0,1,7,2,1,0.6363636364,0.1818181818,0.0909090909,0,0.0909090909,2,0,10,0,10,0,0,-0.5,0.5,,,Winter,,2022-01-06,26,-1.666666667
Balanced,Balanced_Colony02,2022-02-01,2Rep1,7,4.802658,10.352558,10.663934,10.527357,11.417337,11.096646,11.630063,11.022621,10.364902,10.368644,10.089821,10.143635,,,,,,,,,,,,,,,,,,,,,,,,,,,,,,,,,,,,,,,,,,,,,,,,,,Two,,,,,,,,,,,,,,,,,,,,,,,,,,,,,,1,11,Winter,,2022-01-06,26,-1.666666667
Balanced,Balanced_Colony02,2022-02-01,2Rep1,7,Reward,Same,Reward,Reward,Reward,Reward,Previsited,Reward,Reward,Previsited,Previsited,Reward,,,,,,,,,,,,,,,,,,,,,,,,,,,,,,,,,,,,,,,,,,,,,,,,,,Three,,,,,,,,,,,,,,,,,,,,,,,,,,,,,,,,Winter,,2022-01-06,26,-1.666666667
Balanced,Balanced_Colony02,2022-02-01,2Rep1,7,,S0,L3,L1,L1,L2,L1,L1,L1,L1,L2,L1,,,,,,,,,,,,,,,,,,,,,,,,,,,,,,,,,,,,,,,,,,,,,,,,,,Four,,,,,,,,,,,,,,,,,,,,,,,,,,,,,,,,Winter,,2022-01-06,26,-1.666666667
Balanced,Balanced_Colony02,2022-02-01,2Rep1,8,7,8,4,6,8,1,3,4,5,6,7,8,1,2,,,,,,,,,,,,,,,,,,,,,,,,,,,,,,,,,,,,,,,,,,,,,,,8,One,14,0,8,6,9,3,0,0,0,0,1,0,9,3,0,0.6923076923,0.2307692308,0,0.0769230769,0,5,0,12,0,12,0,0,-0.5,0.5,,,Winter,,2022-01-06,26,-1.666666667
Balanced,Balanced_Colony02,2022-02-01,2Rep1,8,10.515147,10.335428,10.286636,11.057069,9.582744,10.044959,11.002036,10.348471,11.342604,10.21029,7.720861,9.04339,9.982669,10.860701,,,,,,,,,,,,,,,,,,,,,,,,,,,,,,,,,,,,,,,,,,,,,,,,Two,,,,,,,,,,,,,,,,,,,,,,,,,,,,,,1,13,Winter,,2022-01-06,26,-1.666666667
Balanced,Balanced_Colony02,2022-02-01,2Rep1,8,Reward,Reward,Reward,Reward,Previsited,Reward,Reward,Previsited,Reward,Previsited,Previsited,Previsited,Previsited,Reward,,,,,,,,,,,,,,,,,,,,,,,,,,,,,,,,,,,,,,,,,,,,,,,,Three,,,,,,,,,,,,,,,,,,,,,,,,,,,,,,,,Winter,,2022-01-06,26,-1.666666667
Balanced,Balanced_Colony02,2022-02-01,2Rep1,8,,L1,O4,L2,L2,L1,L2,L1,L1,L1,L1,L1,L1,L1,,,,,,,,,,,,,,,,,,,,,,,,,,,,,,,,,,,,,,,,,,,,,,,,Four,,,,,,,,,,,,,,,,,,,,,,,,,,,,,,,,Winter,,2022-01-06,26,-1.666666667
Balanced,Balanced_Colony02,2022-02-01,2Rep2,1,3,4,5,6,4,5,1,7,8,1,6,1,2,,,,,,,,,,,,,,,,,,,,,,,,,,,,,,,,,,,,,,,,,,,,,,,,8,One,13,0,8,5,7,0,1,0,2,1,1,0,7,2,2,0.5833333333,0.1666666667,0.1666666667,0.0833333333,0,5,6,8,3,11,0.6,0.2727272727,-0.227272727,0.2272727273,,,Winter,,2022-01-06,26,-1.666666667
Balanced,Balanced_Colony02,2022-02-01,2Rep2,1,11.490448,10.645145,11.750716,10.647049,11.531022,8.026385,11.694913,11.606507,11.453951,10.152836,11.78808,9.997459,11.649355,,,,,,,,,,,,,,,,,,,,,,,,,,,,,,,,,,,,,,,,,,,,,,,,,Two,,,,,,,,,,,,,,,,,,,,,,,,,,,,,,1,12,Winter,,2022-01-06,26,-1.666666667
Balanced,Balanced_Colony02,2022-02-01,2Rep2,1,Reward,Reward,Reward,Reward,Previsited,Previsited,Reward,Reward,Reward,Previsited,Previsited,Previsited,Reward,,,,,,,,,,,,,,,,,,,,,,,,,,,,,,,,,,,,,,,,,,,,,,,,,Three,,,,,,,,,,,,,,,,,,,,,,,,,,,,,,,,Winter,,2022-01-06,26,-1.666666667
Balanced,Balanced_Colony02,2022-02-01,2Rep2,1,,L1,L1,L1,R2,L1,O4,R2,L1,L1,R3,L3,L1,,,,,,,,,,,,,,,,,,,,,,,,,,,,,,,,,,,,,,,,,,,,,,,,,Four,,,,,,,,,,,,,,,,,,,,,,,,,,,,,,,,Winter,,2022-01-06,26,-1.666666667
Balanced,Balanced_Colony02,2022-02-01,2Rep2,2,4,3,6,5,6,7,7,7,3,8,4,1,5,4,1,2,1,4,5,1,2,3,4,7,,,,,,,,,,,,,,,,,,,,,,,,,,,,,,,,,,,,,8,One,24,2,8,14,7,0,3,4,0,3,4,2,11,0,6,0.4782608696,0,0.2608695652,0.1739130435,0.0869565217,5,7,10,7,17,0.4375,0.4117647059,-0.088235294,0.0882352941,,,Winter,,2022-01-06,26,-1.666666667
Balanced,Balanced_Colony02,2022-02-01,2Rep2,2,11.669684,11.464361,11.346024,11.515612,11.689644,11.622367,11.472367,11.687243,11.714763,11.733833,11.614146,11.308009,9.745635,11.492687,8.684141,11.604424,11.451245,11.550075,11.68771,8.894057,9.951789,7.59925,10.465125,10.486709,,,,,,,,,,,,,,,,,,,,,,,,,,,,,,,,,,,,,,Two,,,,,,,,,,,,,,,,,,,,,,,,,,,,,,3,21,Winter,,2022-01-06,26,-1.666666667
Balanced,Balanced_Colony02,2022-02-01,2Rep2,2,Reward,Reward,Reward,Reward,Previsited,Reward,Same,Same,Previsited,Reward,Previsited,Reward,Previsited,Previsited,Previsited,Reward,Previsited,Previsited,Previsited,Previsited,Previsited,Previsited,Previsited,Previsited,,,,,,,,,,,,,,,,,,,,,,,,,,,,,,,,,,,,,,Three,,,,,,,,,,,,,,,,,,,,,,,,,,,,,,,,Winter,,2022-01-06,26,-1.666666667
Balanced,Balanced_Colony02,2022-02-01,2Rep2,2,,R1,L3,R1,L1,L1,S0,S0,O4,R3,O4,R3,O4,R1,R3,L1,R1,L3,L1,O4,L1,L1,L1,L3,,,,,,,,,,,,,,,,,,,,,,,,,,,,,,,,,,,,,,Four,,,,,,,,,,,,,,,,,,,,,,,,,,,,,,,,Winter,,2022-01-06,26,-1.666666667
Balanced,Balanced_Colony02,2022-02-01,2Rep2,3,6,2,1,3,6,5,4,7,2,3,6,1,4,5,8,,,,,,,,,,,,,,,,,,,,,,,,,,,,,,,,,,,,,,,,,,,,,,8,One,15,0,8,7,2,1,7,3,0,0,1,0,5,1,7,0.3571428571,0.0714285714,0.5,0.0714285714,0,5,3,10,3,13,0.25,0.2307692308,-0.269230769,0.2692307692,,,Winter,,2022-01-06,26,-1.666666667
Balanced,Balanced_Colony02,2022-02-01,2Rep2,3,11.708988,11.37634,11.281812,11.382456,11.619381,11.535417,11.866792,11.61188,11.138498,11.687243,11.807361,11.308096,11.304716,11.549737,11.510973,,,,,,,,,,,,,,,,,,,,,,,,,,,,,,,,,,,,,,,,,,,,,,,Two,,,,,,,,,,,,,,,,,,,,,,,,,,,,,,0,15,Winter,,2022-01-06,26,-1.666666667
Balanced,Balanced_Colony02,2022-02-01,2Rep2,3,Reward,Reward,Reward,Reward,Previsited,Reward,Reward,Reward,Previsited,Previsited,Previsited,Previsited,Previsited,Previsited,Reward,,,,,,,,,,,,,,,,,,,,,,,,,,,,,,,,,,,,,,,,,,,,,,,Three,,,,,,,,,,,,,,,,,,,,,,,,,,,,,,,,Winter,,2022-01-06,26,-1.666666667
Balanced,Balanced_Colony02,2022-02-01,2Rep2,3,,O4,R1,L2,L3,R1,R1,L3,L3,L1,L3,L3,L3,L1,L3,,,,,,,,,,,,,,,,,,,,,,,,,,,,,,,,,,,,,,,,,,,,,,,Four,,,,,,,,,,,,,,,,,,,,,,,,,,,,,,,,Winter,,2022-01-06,26,-1.666666667
Balanced,Balanced_Colony02,2022-02-01,2Rep2,4,5,6,5,6,8,1,4,5,8,7,6,2,3,,,,,,,,,,,,,,,,,,,,,,,,,,,,,,,,,,,,,,,,,,,,,,,,8,One,13,0,8,5,5,1,2,3,0,0,1,0,8,1,2,0.6666666667,0.0833333333,0.1666666667,0.0833333333,0,3,4,8,3,11,0.4,0.2727272727,-0.227272727,0.2272727273,,,Winter,,2022-01-06,26,-1.666666667
Balanced,Balanced_Colony02,2022-02-01,2Rep2,4,11.476954,11.251639,11.138848,11.748476,11.452981,11.142207,11.669083,11.015687,11.688377,11.384853,11.452317,11.732056,10.250873,,,,,,,,,,,,,,,,,,,,,,,,,,,,,,,,,,,,,,,,,,,,,,,,,Two,,,,,,,,,,,,,,,,,,,,,,,,,,,,,,0,13,Winter,,2022-01-06,26,-1.666666667
Balanced,Balanced_Colony02,2022-02-01,2Rep2,4,Reward,Reward,Previsited,Previsited,Reward,Reward,Reward,Previsited,Previsited,Reward,Previsited,Reward,Reward,,,,,,,,,,,,,,,,,,,,,,,,,,,,,,,,,,,,,,,,,,,,,,,,,Three,,,,,,,,,,,,,,,,,,,,,,,,,,,,,,,,Winter,,2022-01-06,26,-1.666666667
Balanced,Balanced_Colony02,2022-02-01,2Rep2,4,,L1,R1,L1,L2,L1,L3,L1,L3,R1,R1,O4,L1,,,,,,,,,,,,,,,,,,,,,,,,,,,,,,,,,,,,,,,,,,,,,,,,,Four,,,,,,,,,,,,,,,,,,,,,,,,,,,,,,,,Winter,,2022-01-06,26,-1.666666667
Balanced,Balanced_Colony02,2022-02-01,2Rep2,5,6,7,6,5,5,1,3,7,8,1,2,3,4,,,,,,,,,,,,,,,,,,,,,,,,,,,,,,,,,,,,,,,,,,,,,,,,8,One,13,1,8,4,6,1,0,2,0,0,2,1,8,1,0,0.6666666667,0.0833333333,0,0.1666666667,0.0833333333,3,2,7,2,9,0.25,0.2222222222,-0.277777778,0.2777777778,,,Winter,,2022-01-06,26,-1.666666667
Balanced,Balanced_Colony02,2022-02-01,2Rep2,5,11.535197,11.548606,11.351675,4.360482,11.281812,11.686592,11.492568,11.085803,11.551442,11.519725,11.708838,11.462185,11.215234,,,,,,,,,,,,,,,,,,,,,,,,,,,,,,,,,,,,,,,,,,,,,,,,,Two,,,,,,,,,,,,,,,,,,,,,,,,,,,,,,1,12,Winter,,2022-01-06,26,-1.666666667
Balanced,Balanced_Colony02,2022-02-01,2Rep2,5,Reward,Reward,Previsited,Reward,Same,Reward,Reward,Previsited,Reward,Previsited,Reward,Previsited,Reward,,,,,,,,,,,,,,,,,,,,,,,,,,,,,,,,,,,,,,,,,,,,,,,,,Three,,,,,,,,,,,,,,,,,,,,,,,,,,,,,,,,Winter,,2022-01-06,26,-1.666666667
Balanced,Balanced_Colony02,2022-02-01,2Rep2,5,,L1,R1,R1,S0,O4,L2,O4,L1,L1,L1,L1,L1,,,,,,,,,,,,,,,,,,,,,,,,,,,,,,,,,,,,,,,,,,,,,,,,,Four,,,,,,,,,,,,,,,,,,,,,,,,,,,,,,,,Winter,,2022-01-06,26,-1.666666667
Balanced,Balanced_Colony02,2022-02-01,2Rep2,6,3,4,8,7,2,1,8,1,3,6,7,8,1,4,5,,,,,,,,,,,,,,,,,,,,,,,,,,,,,,,,,,,,,,,,,,,,,,8,One,15,0,8,7,6,1,3,3,0,0,1,0,9,1,3,0.6428571429,0.0714285714,0.2142857143,0.0714285714,0,7,4,10,3,13,0.3333333333,0.2307692308,-0.269230769,0.2692307692,,,Winter,,2022-01-06,26,-1.666666667
Balanced,Balanced_Colony02,2022-02-01,2Rep2,6,11.366913,11.346986,11.271354,11.665474,11.453338,11.051021,11.022038,11.205845,11.389235,10.464827,11.727851,10.634079,10.59616,11.649606,11.739712,,,,,,,,,,,,,,,,,,,,,,,,,,,,,,,,,,,,,,,,,,,,,,,Two,,,,,,,,,,,,,,,,,,,,,,,,,,,,,,0,15,Winter,,2022-01-06,26,-1.666666667
Balanced,Balanced_Colony02,2022-02-01,2Rep2,6,Reward,Reward,Reward,Reward,Reward,Reward,Previsited,Previsited,Previsited,Reward,Previsited,Previsited,Previsited,Previsited,Reward,,,,,,,,,,,,,,,,,,,,,,,,,,,,,,,,,,,,,,,,,,,,,,,Three,,,,,,,,,,,,,,,,,,,,,,,,,,,,,,,,Winter,,2022-01-06,26,-1.666666667
Balanced,Balanced_Colony02,2022-02-01,2Rep2,6,,L1,O4,R1,L3,R1,R1,L1,L2,L3,L1,L1,L1,L3,L1,,,,,,,,,,,,,,,,,,,,,,,,,,,,,,,,,,,,,,,,,,,,,,,Four,,,,,,,,,,,,,,,,,,,,,,,,,,,,,,,,Winter,,2022-01-06,26,-1.666666667
Balanced,Balanced_Colony02,2022-02-01,2Rep2,7,7,7,6,7,8,1,2,3,4,5,,,,,,,,,,,,,,,,,,,,,,,,,,,,,,,,,,,,,,,,,,,,,,,,,,,8,One,10,1,8,1,7,0,0,1,0,0,0,1,8,0,0,0.8888888889,0,0,0,0.1111111111,2,1,7,1,8,0.1428571429,0.125,-0.375,0.375,,,Winter,,2022-01-06,26,-1.666666667
Balanced,Balanced_Colony02,2022-02-01,2Rep2,7,11.07259,9.950222,11.848775,11.521349,11.236106,11.462661,10.663276,10.685427,11.410165,10.904334,,,,,,,,,,,,,,,,,,,,,,,,,,,,,,,,,,,,,,,,,,,,,,,,,,,,Two,,,,,,,,,,,,,,,,,,,,,,,,,,,,,,0,10,Winter,,2022-01-06,26,-1.666666667
Balanced,Balanced_Colony02,2022-02-01,2Rep2,7,Reward,Same,Reward,Previsited,Reward,Reward,Reward,Reward,Reward,Reward,,,,,,,,,,,,,,,,,,,,,,,,,,,,,,,,,,,,,,,,,,,,,,,,,,,,Three,,,,,,,,,,,,,,,,,,,,,,,,,,,,,,,,Winter,,2022-01-06,26,-1.666666667
Balanced,Balanced_Colony02,2022-02-01,2Rep2,7,,S0,R1,L1,L1,L1,L1,L1,L1,L1,,,,,,,,,,,,,,,,,,,,,,,,,,,,,,,,,,,,,,,,,,,,,,,,,,,,Four,,,,,,,,,,,,,,,,,,,,,,,,,,,,,,,,Winter,,2022-01-06,26,-1.666666667
Balanced,Balanced_Colony02,2022-02-01,2Rep2,8,4,8,1,2,3,7,8,7,6,5,,,,,,,,,,,,,,,,,,,,,,,,,,,,,,,,,,,,,,,,,,,,,,,,,,,8,One,10,0,8,2,4,0,0,3,0,0,2,0,7,0,0,0.7777777778,0,0,0.2222222222,0,7,1,4,3,7,0.1666666667,0.4285714286,-0.071428571,0.0714285714,,,Winter,,2022-01-06,26,-1.666666667
Balanced,Balanced_Colony02,2022-02-01,2Rep2,8,11.417935,10.273363,11.099667,9.966116,11.269209,10.793386,11.553045,11.702244,11.443667,11.843394,,,,,,,,,,,,,,,,,,,,,,,,,,,,,,,,,,,,,,,,,,,,,,,,,,,,Two,,,,,,,,,,,,,,,,,,,,,,,,,,,,,,0,10,Winter,,2022-01-06,26,-1.666666667
Balanced,Balanced_Colony02,2022-02-01,2Rep2,8,Reward,Reward,Reward,Reward,Reward,Reward,Previsited,Previsited,Reward,Reward,,,,,,,,,,,,,,,,,,,,,,,,,,,,,,,,,,,,,,,,,,,,,,,,,,,,Three,,,,,,,,,,,,,,,,,,,,,,,,,,,,,,,,Winter,,2022-01-06,26,-1.666666667
Balanced,Balanced_Colony02,2022-02-01,2Rep2,8,,O4,L1,L1,L1,O4,L1,R1,R1,R1,,,,,,,,,,,,,,,,,,,,,,,,,,,,,,,,,,,,,,,,,,,,,,,,,,,,Four,,,,,,,,,,,,,,,,,,,,,,,,,,,,,,,,Winter,,2022-01-06,26,-1.666666667
Balanced,Balanced_Colony02,2022-02-02,2Rep3,1,1,2,7,3,5,4,5,2,4,7,4,7,8,2,6,3,4,6,3,6,4,8,,,,,,,,,,,,,,,,,,,,,,,,,,,,,,,,,,,,,,,8,One,22,0,8,14,4,4,3,1,1,5,3,0,5,5,8,0.2380952381,0.2380952381,0.380952381,0.1428571429,0,7,13,11,7,18,0.7647058824,0.3888888889,-0.111111111,0.1111111111,,,Winter,,2022-01-06,27,-0.666666667
Balanced,Balanced_Colony02,2022-02-02,2Rep3,1,11.394454,11.199407,11.839938,10.68134,11.46028,10.859373,9.75673,11.324442,10.991116,11.812016,10.052369,11.215738,11.807312,10.329637,11.827304,11.045587,9.914189,11.658972,10.47369,11.791271,10.44805,10.348396,,,,,,,,,,,,,,,,,,,,,,,,,,,,,,,,,,,,,,,,Two,,,,,,,,,,,,,,,,,,,,,,,,,,,,,,0,22,Winter,,2022-01-06,27,-0.666666667
Balanced,Balanced_Colony02,2022-02-02,2Rep3,1,Reward,Reward,Reward,Reward,Reward,Reward,Previsited,Previsited,Previsited,Previsited,Previsited,Previsited,Reward,Previsited,Reward,Previsited,Previsited,Previsited,Previsited,Previsited,Previsited,Previsited,,,,,,,,,,,,,,,,,,,,,,,,,,,,,,,,,,,,,,,,Three,,,,,,,,,,,,,,,,,,,,,,,,,,,,,,,,Winter,,2022-01-06,27,-0.666666667
Balanced,Balanced_Colony02,2022-02-02,2Rep3,1,,L1,R3,O4,L2,R1,L1,R3,L2,L3,R3,L3,L1,L2,O4,R3,L1,L2,R3,L3,R2,O4,,,,,,,,,,,,,,,,,,,,,,,,,,,,,,,,,,,,,,,,Four,,,,,,,,,,,,,,,,,,,,,,,,,,,,,,,,Winter,,2022-01-06,27,-0.666666667
Balanced,Balanced_Colony02,2022-02-02,2Rep3,2,4,6,4,1,2,4,1,8,7,6,1,4,6,1,3,5,,,,,,,,,,,,,,,,,,,,,,,,,,,,,,,,,,,,,,,,,,,,,8,One,16,0,8,8,1,5,3,3,1,2,0,0,4,6,5,0.2666666667,0.4,0.3333333333,0,0,3,4,9,6,15,0.2857142857,0.4,-0.1,0.1,,,Winter,,2022-01-06,27,-0.666666667
Balanced,Balanced_Colony02,2022-02-02,2Rep3,2,9.701131,11.84843,6.40031,10.41037,11.45327,10.491114,9.743075,11.777293,11.908359,10.471382,11.657334,11.286787,9.974874,11.448623,11.309181,10.282712,,,,,,,,,,,,,,,,,,,,,,,,,,,,,,,,,,,,,,,,,,,,,,Two,,,,,,,,,,,,,,,,,,,,,,,,,,,,,,1,15,Winter,,2022-01-06,27,-0.666666667
Balanced,Balanced_Colony02,2022-02-02,2Rep3,2,Reward,Reward,Previsited,Reward,Reward,Previsited,Previsited,Reward,Reward,Previsited,Previsited,Previsited,Previsited,Previsited,Reward,Reward,,,,,,,,,,,,,,,,,,,,,,,,,,,,,,,,,,,,,,,,,,,,,,Three,,,,,,,,,,,,,,,,,,,,,,,,,,,,,,,,Winter,,2022-01-06,27,-0.666666667
Balanced,Balanced_Colony02,2022-02-02,2Rep3,2,,L2,R2,R3,L1,L2,R3,R1,R1,R1,L3,L3,L2,L3,L2,L2,,,,,,,,,,,,,,,,,,,,,,,,,,,,,,,,,,,,,,,,,,,,,,Four,,,,,,,,,,,,,,,,,,,,,,,,,,,,,,,,Winter,,2022-01-06,27,-0.666666667
Balanced,Balanced_Colony02,2022-02-02,2Rep3,3,4,5,6,8,1,5,1,2,8,4,7,1,8,5,4,3,,,,,,,,,,,,,,,,,,,,,,,,,,,,,,,,,,,,,,,,,,,,,8,One,16,0,8,8,4,2,1,3,1,1,3,0,7,3,2,0.4666666667,0.2,0.1333333333,0.2,0,6,3,7,5,12,0.2727272727,0.4166666667,-0.083333333,0.0833333333,,,Winter,,2022-01-06,27,-0.666666667
Balanced,Balanced_Colony02,2022-02-02,2Rep3,3,11.100984,11.346728,10.527523,11.590928,11.53442,9.397889,11.616026,11.59567,11.985192,8.929491,11.022109,11.715629,11.685842,9.535844,11.358129,9.837132,,,,,,,,,,,,,,,,,,,,,,,,,,,,,,,,,,,,,,,,,,,,,,Two,,,,,,,,,,,,,,,,,,,,,,,,,,,,,,1,15,Winter,,2022-01-06,27,-0.666666667
Balanced,Balanced_Colony02,2022-02-02,2Rep3,3,Reward,Reward,Reward,Reward,Reward,Previsited,Previsited,Reward,Previsited,Previsited,Reward,Previsited,Previsited,Previsited,Previsited,Reward,,,,,,,,,,,,,,,,,,,,,,,,,,,,,,,,,,,,,,,,,,,,,,Three,,,,,,,,,,,,,,,,,,,,,,,,,,,,,,,,Winter,,2022-01-06,27,-0.666666667
Balanced,Balanced_Colony02,2022-02-02,2Rep3,3,,L1,L1,L2,L1,O4,O4,L1,R2,O4,L3,L2,R1,R3,R1,R1,,,,,,,,,,,,,,,,,,,,,,,,,,,,,,,,,,,,,,,,,,,,,,Four,,,,,,,,,,,,,,,,,,,,,,,,,,,,,,,,Winter,,2022-01-06,27,-0.666666667
Balanced,Balanced_Colony02,2022-02-02,2Rep3,4,6,2,3,5,6,3,2,1,8,6,7,4,,,,,,,,,,,,,,,,,,,,,,,,,,,,,,,,,,,,,,,,,,,,,,,,,8,One,12,0,8,4,3,1,0,3,1,2,1,0,6,2,2,0.5454545455,0.1818181818,0.1818181818,0.0909090909,0,5,3,4,6,10,0.3333333333,0.6,0.1,0.1,,,Winter,,2022-01-06,27,-0.666666667
Balanced,Balanced_Colony02,2022-02-02,2Rep3,4,11.452726,11.140213,10.809862,10.471512,9.917708,9.889562,10.443123,11.397584,11.238656,9.991744,11.196813,10.425469,,,,,,,,,,,,,,,,,,,,,,,,,,,,,,,,,,,,,,,,,,,,,,,,,,Two,,,,,,,,,,,,,,,,,,,,,,,,,,,,,,0,12,Winter,,2022-01-06,27,-0.666666667
Balanced,Balanced_Colony02,2022-02-02,2Rep3,4,Reward,Reward,Reward,Reward,Previsited,Previsited,Previsited,Reward,Reward,Previsited,Reward,Reward,,,,,,,,,,,,,,,,,,,,,,,,,,,,,,,,,,,,,,,,,,,,,,,,,,Three,,,,,,,,,,,,,,,,,,,,,,,,,,,,,,,,Winter,,2022-01-06,27,-0.666666667
Balanced,Balanced_Colony02,2022-02-02,2Rep3,4,,O4,L1,L2,L1,R3,R1,R1,R1,R2,L1,R3,,,,,,,,,,,,,,,,,,,,,,,,,,,,,,,,,,,,,,,,,,,,,,,,,,Four,,,,,,,,,,,,,,,,,,,,,,,,,,,,,,,,Winter,,2022-01-06,27,-0.666666667
Balanced,Balanced_Colony02,2022-02-02,2Rep3,5,4,1,2,1,6,3,2,5,6,7,2,3,6,1,4,6,7,3,7,3,8,,,,,,,,,,,,,,,,,,,,,,,,,,,,,,,,,,,,,,,,8,One,21,0,8,13,5,1,5,2,0,4,3,0,7,1,9,0.35,0.05,0.45,0.15,0,4,4,11,6,17,0.25,0.3529411765,-0.147058824,0.1470588235,,,Winter,,2022-01-06,27,-0.666666667
Balanced,Balanced_Colony02,2022-02-02,2Rep3,5,6.062409,11.715629,11.169814,9.561504,5.654729,11.588405,11.433852,10.596914,10.978091,11.602274,11.686242,11.605432,10.070464,11.49228,11.453594,10.070251,11.211218,11.477412,11.351022,10.086787,9.859933,,,,,,,,,,,,,,,,,,,,,,,,,,,,,,,,,,,,,,,,,Two,,,,,,,,,,,,,,,,,,,,,,,,,,,,,,2,19,Winter,,2022-01-06,27,-0.666666667
Balanced,Balanced_Colony02,2022-02-02,2Rep3,5,Reward,Reward,Reward,Previsited,Reward,Reward,Previsited,Reward,Previsited,Reward,Previsited,Previsited,Previsited,Previsited,Previsited,Previsited,Previsited,Previsited,Previsited,Previsited,Reward,,,,,,,,,,,,,,,,,,,,,,,,,,,,,,,,,,,,,,,,,Three,,,,,,,,,,,,,,,,,,,,,,,,,,,,,,,,Winter,,2022-01-06,27,-0.666666667
Balanced,Balanced_Colony02,2022-02-02,2Rep3,5,,R3,L1,R1,R3,R3,R1,L3,L1,L1,L3,L1,L3,L3,L3,L2,L1,O4,O4,O4,R3,,,,,,,,,,,,,,,,,,,,,,,,,,,,,,,,,,,,,,,,,Four,,,,,,,,,,,,,,,,,,,,,,,,,,,,,,,,Winter,,2022-01-06,27,-0.666666667
Balanced,Balanced_Colony02,2022-02-02,2Rep3,6,7,6,7,2,3,5,6,1,3,6,8,3,6,1,8,4,,,,,,,,,,,,,,,,,,,,,,,,,,,,,,,,,,,,,,,,,,,,,8,One,16,0,8,8,3,3,6,2,0,0,1,0,5,3,6,0.3333333333,0.2,0.4,0.0666666667,0,3,2,12,2,14,0.1538461538,0.1428571429,-0.357142857,0.3571428571,,,Winter,,2022-01-06,27,-0.666666667
Balanced,Balanced_Colony02,2022-02-02,2Rep3,6,11.809474,11.777343,10.331901,10.979512,11.283332,10.684624,10.785798,11.353426,9.732426,10.706257,11.612401,11.073012,11.103512,11.571101,11.651747,9.777505,,,,,,,,,,,,,,,,,,,,,,,,,,,,,,,,,,,,,,,,,,,,,,Two,,,,,,,,,,,,,,,,,,,,,,,,,,,,,,0,16,Winter,,2022-01-06,27,-0.666666667
Balanced,Balanced_Colony02,2022-02-02,2Rep3,6,Reward,Reward,Previsited,Reward,Reward,Reward,Previsited,Reward,Previsited,Previsited,Reward,Previsited,Previsited,Previsited,Previsited,Reward,,,,,,,,,,,,,,,,,,,,,,,,,,,,,,,,,,,,,,,,,,,,,,Three,,,,,,,,,,,,,,,,,,,,,,,,,,,,,,,,Winter,,2022-01-06,27,-0.666666667
Balanced,Balanced_Colony02,2022-02-02,2Rep3,6,,R1,L1,L3,L1,L2,L1,L3,L2,L3,L2,L3,L3,L3,R1,O4,,,,,,,,,,,,,,,,,,,,,,,,,,,,,,,,,,,,,,,,,,,,,,Four,,,,,,,,,,,,,,,,,,,,,,,,,,,,,,,,Winter,,2022-01-06,27,-0.666666667
Balanced,Balanced_Colony02,2022-02-02,2Rep3,7,5,3,6,3,8,1,2,4,3,7,,,,,,,,,,,,,,,,,,,,,,,,,,,,,,,,,,,,,,,,,,,,,,,,,,,8,One,10,0,8,2,2,1,1,1,1,2,1,0,3,2,3,0.3333333333,0.2222222222,0.3333333333,0.1111111111,0,4,4,4,4,8,0.5714285714,0.5,0,0,,,Winter,,2022-01-06,27,-0.666666667
Balanced,Balanced_Colony02,2022-02-02,2Rep3,7,11.085627,5.562805,9.691803,10.866515,10.071335,11.65944,11.372982,11.412419,10.024757,9.669312,,,,,,,,,,,,,,,,,,,,,,,,,,,,,,,,,,,,,,,,,,,,,,,,,,,,Two,,,,,,,,,,,,,,,,,,,,,,,,,,,,,,1,9,Winter,,2022-01-06,27,-0.666666667
Balanced,Balanced_Colony02,2022-02-02,2Rep3,7,Reward,Reward,Reward,Previsited,Reward,Reward,Reward,Reward,Previsited,Reward,,,,,,,,,,,,,,,,,,,,,,,,,,,,,,,,,,,,,,,,,,,,,,,,,,,,Three,,,,,,,,,,,,,,,,,,,,,,,,,,,,,,,,Winter,,2022-01-06,27,-0.666666667
Balanced,Balanced_Colony02,2022-02-02,2Rep3,7,,R2,L3,R3,R3,L1,L1,L2,R1,O4,,,,,,,,,,,,,,,,,,,,,,,,,,,,,,,,,,,,,,,,,,,,,,,,,,,,Four,,,,,,,,,,,,,,,,,,,,,,,,,,,,,,,,Winter,,2022-01-06,27,-0.666666667
Balanced,Balanced_Colony02,2022-02-02,2Rep3,8,6,2,3,4,5,6,5,4,6,1,3,4,6,1,5,8,2,6,7,,,,,,,,,,,,,,,,,,,,,,,,,,,,,,,,,,,,,,,,,,8,One,19,0,8,11,6,4,3,2,0,0,3,0,8,4,3,0.4444444444,0.2222222222,0.1666666667,0.1666666667,0,6,2,13,2,15,0.1428571429,0.1333333333,-0.366666667,0.3666666667,,,Winter,,2022-01-06,27,-0.666666667
Balanced,Balanced_Colony02,2022-02-02,2Rep3,8,10.843565,9.758608,9.887315,10.70957,10.737545,10.076037,10.97477,11.570427,10.24764,11.072238,9.7893,10.129001,9.597195,9.779838,10.118045,10.208285,9.98259,10.209201,10.282125,,,,,,,,,,,,,,,,,,,,,,,,,,,,,,,,,,,,,,,,,,,Two,,,,,,,,,,,,,,,,,,,,,,,,,,,,,,0,19,Winter,,2022-01-06,27,-0.666666667
Balanced,Balanced_Colony02,2022-02-02,2Rep3,8,Reward,Reward,Reward,Reward,Reward,Previsited,Previsited,Previsited,Previsited,Reward,Previsited,Previsited,Previsited,Previsited,Previsited,Reward,Previsited,Previsited,Reward,,,,,,,,,,,,,,,,,,,,,,,,,,,,,,,,,,,,,,,,,,,Three,,,,,,,,,,,,,,,,,,,,,,,,,,,,,,,,Winter,,2022-01-06,27,-0.666666667
Balanced,Balanced_Colony02,2022-02-02,2Rep3,8,,O4,L1,L1,L1,L1,R1,R1,L2,L3,L2,L1,L2,L3,O4,L3,L2,O4,L1,,,,,,,,,,,,,,,,,,,,,,,,,,,,,,,,,,,,,,,,,,,Four,,,,,,,,,,,,,,,,,,,,,,,,,,,,,,,,Winter,,2022-01-06,27,-0.666666667
Balanced,Balanced_Colony02,2022-02-03,2Rep4,1,7,7,5,7,2,1,8,8,3,5,2,3,5,2,4,3,6,8,,,,,,,,,,,,,,,,,,,,,,,,,,,,,,,,,,,,,,,,,,,8,One,18,2,8,8,1,5,3,3,1,2,0,2,4,6,5,0.2352941176,0.3529411765,0.2941176471,0,0.1176470588,2,9,9,6,15,0.6428571429,0.4,-0.1,0.1,,,Winter,,2022-01-06,28,0.3333333333
Balanced,Balanced_Colony02,2022-02-03,2Rep4,1,11.686042,11.459515,11.185178,11.783862,11.412676,11.98968,4.346692,11.5934,11.275296,11.122386,11.634068,11.277111,10.254846,11.630415,11.098613,11.104092,11.570359,10.514109,,,,,,,,,,,,,,,,,,,,,,,,,,,,,,,,,,,,,,,,,,,,Two,,,,,,,,,,,,,,,,,,,,,,,,,,,,,,1,17,Winter,,2022-01-06,28,0.3333333333
Balanced,Balanced_Colony02,2022-02-03,2Rep4,1,Reward,Same,Reward,Previsited,Reward,Reward,Reward,Same,Reward,Previsited,Previsited,Previsited,Previsited,Previsited,Reward,Previsited,Reward,Previsited,,,,,,,,,,,,,,,,,,,,,,,,,,,,,,,,,,,,,,,,,,,,Three,,,,,,,,,,,,,,,,,,,,,,,,,,,,,,,,Winter,,2022-01-06,28,0.3333333333
Balanced,Balanced_Colony02,2022-02-03,2Rep4,1,,S0,R2,L2,L3,R1,R1,S0,L3,L2,R3,L1,L2,R3,L2,R1,L3,L2,,,,,,,,,,,,,,,,,,,,,,,,,,,,,,,,,,,,,,,,,,,,Four,,,,,,,,,,,,,,,,,,,,,,,,,,,,,,,,Winter,,2022-01-06,28,0.3333333333
Balanced,Balanced_Colony02,2022-02-03,2Rep4,2,1,2,3,7,1,8,5,8,4,1,3,2,1,8,3,6,,,,,,,,,,,,,,,,,,,,,,,,,,,,,,,,,,,,,,,,,,,,,8,One,16,0,8,8,2,2,3,4,0,2,2,0,6,2,5,0.4,0.1333333333,0.3333333333,0.1333333333,0,5,6,7,6,13,0.5,0.4615384615,-0.038461538,0.0384615385,,,Winter,,2022-01-06,28,0.3333333333
Balanced,Balanced_Colony02,2022-02-03,2Rep4,2,11.644217,11.530938,11.435216,11.648769,11.932185,11.756222,11.39483,11.846933,11.334817,10.366312,10.947615,4.549887,11.423397,11.920744,10.281177,10.584306,,,,,,,,,,,,,,,,,,,,,,,,,,,,,,,,,,,,,,,,,,,,,,Two,,,,,,,,,,,,,,,,,,,,,,,,,,,,,,1,15,Winter,,2022-01-06,28,0.3333333333
Balanced,Balanced_Colony02,2022-02-03,2Rep4,2,Reward,Reward,Reward,Reward,Previsited,Reward,Reward,Previsited,Reward,Previsited,Previsited,Previsited,Previsited,Previsited,Previsited,Reward,,,,,,,,,,,,,,,,,,,,,,,,,,,,,,,,,,,,,,,,,,,,,,Three,,,,,,,,,,,,,,,,,,,,,,,,,,,,,,,,Winter,,2022-01-06,28,0.3333333333
Balanced,Balanced_Colony02,2022-02-03,2Rep4,2,,L1,L1,O4,L2,R1,R3,L3,O4,R3,L2,R1,R1,R1,L3,L3,,,,,,,,,,,,,,,,,,,,,,,,,,,,,,,,,,,,,,,,,,,,,,Four,,,,,,,,,,,,,,,,,,,,,,,,,,,,,,,,Winter,,2022-01-06,28,0.3333333333
Balanced,Balanced_Colony02,2022-02-03,2Rep4,3,1,4,7,1,4,7,2,4,7,8,1,6,7,2,5,3,,,,,,,,,,,,,,,,,,,,,,,,,,,,,,,,,,,,,,,,,,,,,8,One,16,0,8,8,3,2,8,0,1,1,0,0,3,3,9,0.2,0.2,0.6,0,0,4,3,13,2,15,0.2142857143,0.1333333333,-0.366666667,0.3666666667,,,Winter,,2022-01-06,28,0.3333333333
Balanced,Balanced_Colony02,2022-02-03,2Rep4,3,11.61235,10.717267,11.604492,11.663201,11.155792,10.485891,11.257718,9.967759,10.891778,11.551442,11.770936,10.652906,11.713965,10.786431,10.876287,10.089569,,,,,,,,,,,,,,,,,,,,,,,,,,,,,,,,,,,,,,,,,,,,,,Two,,,,,,,,,,,,,,,,,,,,,,,,,,,,,,0,16,Winter,,2022-01-06,28,0.3333333333
Balanced,Balanced_Colony02,2022-02-03,2Rep4,3,Reward,Reward,Reward,Previsited,Previsited,Previsited,Reward,Previsited,Previsited,Reward,Previsited,Reward,Previsited,Previsited,Reward,Reward,,,,,,,,,,,,,,,,,,,,,,,,,,,,,,,,,,,,,,,,,,,,,,Three,,,,,,,,,,,,,,,,,,,,,,,,,,,,,,,,Winter,,2022-01-06,28,0.3333333333
Balanced,Balanced_Colony02,2022-02-03,2Rep4,3,,L3,L3,L2,L3,L3,L3,L2,L3,L1,L1,R3,L1,L3,L3,R2,,,,,,,,,,,,,,,,,,,,,,,,,,,,,,,,,,,,,,,,,,,,,,Four,,,,,,,,,,,,,,,,,,,,,,,,,,,,,,,,Winter,,2022-01-06,28,0.3333333333
Balanced,Balanced_Colony02,2022-02-03,2Rep4,4,5,2,3,6,5,6,7,4,1,2,3,6,3,5,8,4,7,8,3,,,,,,,,,,,,,,,,,,,,,,,,,,,,,,,,,,,,,,,,,,8,One,19,0,8,11,6,1,5,1,0,4,1,0,7,1,9,0.3888888889,0.0555555556,0.5,0.0555555556,0,5,7,12,5,17,0.4375,0.2941176471,-0.205882353,0.2058823529,,,Winter,,2022-01-06,28,0.3333333333
Balanced,Balanced_Colony02,2022-02-03,2Rep4,4,11.378756,10.862585,5.74474,11.315764,10.792248,10.960428,11.631873,10.211645,11.44721,11.511549,11.490041,10.961281,11.336932,10.850736,10.836265,11.303871,11.059819,11.15684,10.923712,,,,,,,,,,,,,,,,,,,,,,,,,,,,,,,,,,,,,,,,,,,Two,,,,,,,,,,,,,,,,,,,,,,,,,,,,,,1,18,Winter,,2022-01-06,28,0.3333333333
Balanced,Balanced_Colony02,2022-02-03,2Rep4,4,Reward,Reward,Reward,Reward,Previsited,Previsited,Reward,Reward,Reward,Previsited,Previsited,Previsited,Previsited,Previsited,Reward,Previsited,Previsited,Previsited,Previsited,,,,,,,,,,,,,,,,,,,,,,,,,,,,,,,,,,,,,,,,,,,Three,,,,,,,,,,,,,,,,,,,,,,,,,,,,,,,,Winter,,2022-01-06,28,0.3333333333
Balanced,Balanced_Colony02,2022-02-03,2Rep4,4,,R3,L1,L3,R1,L1,L1,R3,R3,L1,L1,L3,R3,L2,L3,O4,L3,L1,L3,,,,,,,,,,,,,,,,,,,,,,,,,,,,,,,,,,,,,,,,,,,Four,,,,,,,,,,,,,,,,,,,,,,,,,,,,,,,,Winter,,2022-01-06,28,0.3333333333
Balanced,Balanced_Colony02,2022-02-03,2Rep4,5,5,3,1,2,8,1,2,5,6,4,7,,,,,,,,,,,,,,,,,,,,,,,,,,,,,,,,,,,,,,,,,,,,,,,,,,8,One,11,0,8,3,4,0,2,0,4,0,0,0,4,4,2,0.4,0.4,0.2,0,0,6,5,6,4,10,0.5555555556,0.4,-0.1,0.1,,,Winter,,2022-01-06,28,0.3333333333
Balanced,Balanced_Colony02,2022-02-03,2Rep4,5,10.747035,10.331599,11.361836,10.687123,10.311543,9.884831,11.462525,10.291808,11.314523,11.299128,11.225657,,,,,,,,,,,,,,,,,,,,,,,,,,,,,,,,,,,,,,,,,,,,,,,,,,,Two,,,,,,,,,,,,,,,,,,,,,,,,,,,,,,0,11,Winter,,2022-01-06,28,0.3333333333
Balanced,Balanced_Colony02,2022-02-03,2Rep4,5,Reward,Reward,Reward,Reward,Reward,Previsited,Previsited,Previsited,Reward,Reward,Reward,,,,,,,,,,,,,,,,,,,,,,,,,,,,,,,,,,,,,,,,,,,,,,,,,,,Three,,,,,,,,,,,,,,,,,,,,,,,,,,,,,,,,Winter,,2022-01-06,28,0.3333333333
Balanced,Balanced_Colony02,2022-02-03,2Rep4,5,,R2,R2,L1,R2,L1,L1,L3,L1,R2,L3,,,,,,,,,,,,,,,,,,,,,,,,,,,,,,,,,,,,,,,,,,,,,,,,,,,Four,,,,,,,,,,,,,,,,,,,,,,,,,,,,,,,,Winter,,2022-01-06,28,0.3333333333
Balanced,Balanced_Colony02,2022-02-03,2Rep4,6,8,1,4,8,3,4,7,5,6,7,1,3,7,2,,,,,,,,,,,,,,,,,,,,,,,,,,,,,,,,,,,,,,,,,,,,,,,8,One,14,0,8,6,4,2,4,0,1,0,2,0,4,3,4,0.3076923077,0.2307692308,0.3076923077,0.1538461538,0,4,2,10,1,11,0.2,0.0909090909,-0.409090909,0.4090909091,,,Winter,,2022-01-06,28,0.3333333333
Balanced,Balanced_Colony02,2022-02-03,2Rep4,6,11.694229,11.742684,11.006269,10.255208,10.565615,9.339549,11.671905,10.793819,11.495723,10.583459,10.379373,11.233868,11.115128,11.150129,,,,,,,,,,,,,,,,,,,,,,,,,,,,,,,,,,,,,,,,,,,,,,,,Two,,,,,,,,,,,,,,,,,,,,,,,,,,,,,,0,14,Winter,,2022-01-06,28,0.3333333333
Balanced,Balanced_Colony02,2022-02-03,2Rep4,6,Reward,Reward,Reward,Previsited,Reward,Previsited,Reward,Reward,Reward,Previsited,Previsited,Previsited,Previsited,Reward,,,,,,,,,,,,,,,,,,,,,,,,,,,,,,,,,,,,,,,,,,,,,,,,Three,,,,,,,,,,,,,,,,,,,,,,,,,,,,,,,,Winter,,2022-01-06,28,0.3333333333
Balanced,Balanced_Colony02,2022-02-03,2Rep4,6,,L1,L3,O4,L3,L1,L3,R2,L1,L1,L2,L2,O4,L3,,,,,,,,,,,,,,,,,,,,,,,,,,,,,,,,,,,,,,,,,,,,,,,,Four,,,,,,,,,,,,,,,,,,,,,,,,,,,,,,,,Winter,,2022-01-06,28,0.3333333333
Balanced,Balanced_Colony02,2022-02-03,2Rep4,7,4,3,6,7,1,2,1,2,3,4,5,6,1,2,3,6,4,7,1,2,8,,,,,,,,,,,,,,,,,,,,,,,,,,,,,,,,,,,,,,,,8,One,21,0,8,13,10,2,4,2,2,0,0,0,12,4,4,0.6,0.2,0.2,0,0,7,6,16,4,20,0.3157894737,0.2,-0.3,0.3,,,Winter,,2022-01-06,28,0.3333333333
Balanced,Balanced_Colony02,2022-02-03,2Rep4,7,10.662399,10.752185,11.768866,11.854038,10.428834,10.398361,9.332346,9.402928,9.3728,10.35892,11.705425,12.009433,9.791451,10.978091,9.382175,10.464827,10.290444,11.811488,10.188101,10.030452,11.250305,,,,,,,,,,,,,,,,,,,,,,,,,,,,,,,,,,,,,,,,,Two,,,,,,,,,,,,,,,,,,,,,,,,,,,,,,0,21,Winter,,2022-01-06,28,0.3333333333
Balanced,Balanced_Colony02,2022-02-03,2Rep4,7,Reward,Reward,Reward,Reward,Reward,Reward,Previsited,Previsited,Previsited,Previsited,Reward,Previsited,Previsited,Previsited,Previsited,Previsited,Previsited,Previsited,Previsited,Previsited,Reward,,,,,,,,,,,,,,,,,,,,,,,,,,,,,,,,,,,,,,,,,Three,,,,,,,,,,,,,,,,,,,,,,,,,,,,,,,,Winter,,2022-01-06,28,0.3333333333
Balanced,Balanced_Colony02,2022-02-03,2Rep4,7,,R1,L3,L1,L2,L1,R1,L1,L1,L1,L1,L1,L3,L1,L1,L3,R2,L3,L2,L1,R2,,,,,,,,,,,,,,,,,,,,,,,,,,,,,,,,,,,,,,,,,Four,,,,,,,,,,,,,,,,,,,,,,,,,,,,,,,,Winter,,2022-01-06,28,0.3333333333
Balanced,Balanced_Colony02,2022-02-03,2Rep4,8,7,5,1,1,3,4,7,1,7,1,2,3,4,6,4,5,6,4,1,8,,,,,,,,,,,,,,,,,,,,,,,,,,,,,,,,,,,,,,,,,8,One,20,1,8,11,6,4,1,1,4,1,1,1,7,8,2,0.3684210526,0.4210526316,0.1052631579,0.0526315789,0.0526315789,4,6,11,6,17,0.375,0.3529411765,-0.147058824,0.1470588235,,,Winter,,2022-01-06,28,0.3333333333
Balanced,Balanced_Colony02,2022-02-03,2Rep4,8,10.864739,10.248134,11.533372,10.337936,10.792736,10.624103,10.738053,10.731789,10.558122,9.253351,10.961762,10.143385,10.445587,11.751794,11.279185,9.944558,11.508738,11.29566,11.63132,10.850897,,,,,,,,,,,,,,,,,,,,,,,,,,,,,,,,,,,,,,,,,,Two,,,,,,,,,,,,,,,,,,,,,,,,,,,,,,0,20,Winter,,2022-01-06,28,0.3333333333
Balanced,Balanced_Colony02,2022-02-03,2Rep4,8,Reward,Reward,Reward,Same,Reward,Reward,Previsited,Previsited,Previsited,Previsited,Reward,Previsited,Previsited,Reward,Previsited,Previsited,Previsited,Previsited,Previsited,Reward,,,,,,,,,,,,,,,,,,,,,,,,,,,,,,,,,,,,,,,,,,Three,,,,,,,,,,,,,,,,,,,,,,,,,,,,,,,,Winter,,2022-01-06,28,0.3333333333
Balanced,Balanced_Colony02,2022-02-03,2Rep4,8,,R2,O4,S0,L2,L1,L3,L2,R2,L2,L1,L1,L1,L2,R2,L1,L1,R2,R3,R1,,,,,,,,,,,,,,,,,,,,,,,,,,,,,,,,,,,,,,,,,,Four,,,,,,,,,,,,,,,,,,,,,,,,,,,,,,,,Winter,,2022-01-06,28,0.3333333333
Balanced,Balanced_Colony02,2022-02-03,2Rep5,1,1,1,4,1,4,7,1,4,5,6,8,1,7,2,8,1,2,3,,,,,,,,,,,,,,,,,,,,,,,,,,,,,,,,,,,,,,,,,,,8,One,18,1,8,9,6,2,5,0,2,1,0,1,6,4,6,0.3529411765,0.2352941176,0.3529411765,0,0.0588235294,2,6,13,3,16,0.4,0.1875,-0.3125,0.3125,,,Winter,,2022-01-06,28,0.3333333333
Balanced,Balanced_Colony02,2022-02-03,2Rep5,1,10.682654,11.646091,11.123245,11.451772,9.8048,11.801169,9.284958,11.215112,10.883596,11.421434,11.275296,11.674577,11.854762,11.66915,11.728583,11.701927,9.734188,10.487453,,,,,,,,,,,,,,,,,,,,,,,,,,,,,,,,,,,,,,,,,,,,Two,,,,,,,,,,,,,,,,,,,,,,,,,,,,,,0,18,Winter,,2022-01-06,28,0.3333333333
Balanced,Balanced_Colony02,2022-02-03,2Rep5,1,Reward,Same,Reward,Previsited,Previsited,Reward,Previsited,Previsited,Reward,Reward,Reward,Previsited,Previsited,Reward,Previsited,Previsited,Previsited,Reward,,,,,,,,,,,,,,,,,,,,,,,,,,,,,,,,,,,,,,,,,,,,Three,,,,,,,,,,,,,,,,,,,,,,,,,,,,,,,,Winter,,2022-01-06,28,0.3333333333
Balanced,Balanced_Colony02,2022-02-03,2Rep5,1,,S0,L3,R3,L3,L3,L2,L3,L1,L1,L2,L1,R2,L3,R2,L1,L1,L1,,,,,,,,,,,,,,,,,,,,,,,,,,,,,,,,,,,,,,,,,,,,Four,,,,,,,,,,,,,,,,,,,,,,,,,,,,,,,,Winter,,2022-01-06,28,0.3333333333
Balanced,Balanced_Colony02,2022-02-03,2Rep5,2,3,3,4,5,1,2,7,1,3,7,1,5,4,6,2,5,7,3,5,2,3,6,3,6,3,7,8,,,,,,,,,,,,,,,,,,,,,,,,,,,,,,,,,,8,One,27,1,8,18,5,6,3,1,0,4,6,1,6,6,7,0.2307692308,0.2307692308,0.2692307692,0.2307692308,0.0384615385,2,10,14,5,19,0.5555555556,0.2631578947,-0.236842105,0.2368421053,,,Winter,,2022-01-06,28,0.3333333333
Balanced,Balanced_Colony02,2022-02-03,2Rep5,2,10.9115,10.261516,10.623277,10.555537,11.213652,10.25935,11.452045,9.007041,10.133926,11.129341,5.882611,10.624837,10.035737,11.023895,10.326919,10.82498,10.676448,10.640511,9.427792,10.287034,11.218918,10.901206,7.204386,10.800318,10.433431,10.194393,10.799885,,,,,,,,,,,,,,,,,,,,,,,,,,,,,,,,,,,Two,,,,,,,,,,,,,,,,,,,,,,,,,,,,,,2,25,Winter,,2022-01-06,28,0.3333333333
Balanced,Balanced_Colony02,2022-02-03,2Rep5,2,Reward,Same,Reward,Reward,Reward,Reward,Reward,Previsited,Previsited,Previsited,Previsited,Previsited,Previsited,Reward,Previsited,Previsited,Previsited,Previsited,Previsited,Previsited,Previsited,Previsited,Previsited,Previsited,Previsited,Previsited,Reward,,,,,,,,,,,,,,,,,,,,,,,,,,,,,,,,,,,Three,,,,,,,,,,,,,,,,,,,,,,,,,,,,,,,,Winter,,2022-01-06,28,0.3333333333
Balanced,Balanced_Colony02,2022-02-03,2Rep5,2,,S0,L1,L1,O4,L1,R3,L2,L2,O4,L2,O4,R1,L2,O4,L3,L2,O4,L2,R3,L1,L3,R3,L3,R3,O4,L1,,,,,,,,,,,,,,,,,,,,,,,,,,,,,,,,,,,Four,,,,,,,,,,,,,,,,,,,,,,,,,,,,,,,,Winter,,2022-01-06,28,0.3333333333
Balanced,Balanced_Colony02,2022-02-03,2Rep5,3,7,3,5,8,2,7,2,1,3,6,7,4,,,,,,,,,,,,,,,,,,,,,,,,,,,,,,,,,,,,,,,,,,,,,,,,,8,One,12,0,8,4,1,3,3,1,0,2,1,0,2,3,5,0.1818181818,0.2727272727,0.4545454545,0.0909090909,0,6,5,7,3,10,0.5555555556,0.3,-0.2,0.2,,,Winter,,2022-01-06,28,0.3333333333
Balanced,Balanced_Colony02,2022-02-03,2Rep5,3,11.138095,11.073012,11.692846,10.411344,10.806652,9.887827,9.28353,11.237355,10.426143,11.532239,11.75594,10.558122,,,,,,,,,,,,,,,,,,,,,,,,,,,,,,,,,,,,,,,,,,,,,,,,,,Two,,,,,,,,,,,,,,,,,,,,,,,,,,,,,,0,12,Winter,,2022-01-06,28,0.3333333333
Balanced,Balanced_Colony02,2022-02-03,2Rep5,3,Reward,Reward,Reward,Reward,Reward,Previsited,Previsited,Reward,Previsited,Reward,Previsited,Reward,,,,,,,,,,,,,,,,,,,,,,,,,,,,,,,,,,,,,,,,,,,,,,,,,,Three,,,,,,,,,,,,,,,,,,,,,,,,,,,,,,,,Winter,,2022-01-06,28,0.3333333333
Balanced,Balanced_Colony02,2022-02-03,2Rep5,3,,O4,L2,L3,L2,R3,L3,R1,L2,L3,L1,R3,,,,,,,,,,,,,,,,,,,,,,,,,,,,,,,,,,,,,,,,,,,,,,,,,,Four,,,,,,,,,,,,,,,,,,,,,,,,,,,,,,,,Winter,,2022-01-06,28,0.3333333333
Balanced,Balanced_Colony02,2022-02-03,2Rep5,4,7,3,6,1,8,2,3,6,2,5,7,8,1,6,8,8,1,2,7,3,4,,,,,,,,,,,,,,,,,,,,,,,,,,,,,,,,,,,,,,,,8,One,21,1,8,12,6,3,4,1,0,2,3,1,7,3,6,0.35,0.15,0.3,0.15,0.05,7,6,13,3,16,0.4,0.1875,-0.3125,0.3125,,,Winter,,2022-01-06,28,0.3333333333
Balanced,Balanced_Colony02,2022-02-03,2Rep5,4,11.181692,10.092776,11.550885,11.506942,11.202887,11.33363,5.696594,9.963534,11.165363,10.946191,4.857222,10.472108,10.335409,10.525394,9.14179,10.050158,10.862245,11.342604,12.051754,10.015594,11.445507,,,,,,,,,,,,,,,,,,,,,,,,,,,,,,,,,,,,,,,,,Two,,,,,,,,,,,,,,,,,,,,,,,,,,,,,,2,19,Winter,,2022-01-06,28,0.3333333333
Balanced,Balanced_Colony02,2022-02-03,2Rep5,4,Reward,Reward,Reward,Reward,Reward,Reward,Previsited,Previsited,Previsited,Reward,Previsited,Previsited,Previsited,Previsited,Previsited,Same,Previsited,Previsited,Previsited,Previsited,Reward,,,,,,,,,,,,,,,,,,,,,,,,,,,,,,,,,,,,,,,,,Three,,,,,,,,,,,,,,,,,,,,,,,,,,,,,,,,Winter,,2022-01-06,28,0.3333333333
Balanced,Balanced_Colony02,2022-02-03,2Rep5,4,,O4,L3,L3,R1,L2,L1,L3,O4,L3,L2,L1,L1,R3,L2,S0,L1,L1,R3,O4,L1,,,,,,,,,,,,,,,,,,,,,,,,,,,,,,,,,,,,,,,,,Four,,,,,,,,,,,,,,,,,,,,,,,,,,,,,,,,Winter,,2022-01-06,28,0.3333333333
Balanced,Balanced_Colony02,2022-02-03,2Rep5,5,6,7,1,3,1,4,7,6,1,3,5,5,1,2,2,5,2,1,4,2,1,4,3,7,3,8,,,,,,,,,,,,,,,,,,,,,,,,,,,,,,,,,,,8,One,26,2,8,16,2,4,6,4,2,2,3,2,6,6,8,0.24,0.24,0.32,0.12,0.08,5,9,12,8,20,0.4736842105,0.4,-0.1,0.1,,,Winter,,2022-01-06,28,0.3333333333
Balanced,Balanced_Colony02,2022-02-03,2Rep5,5,11.602358,10.633181,11.002992,11.379715,11.309181,10.931793,8.393516,8.2066,10.388008,10.600684,11.103319,11.546294,7.650991,10.947295,11.473335,10.905067,11.275037,10.610829,10.616266,10.275582,8.056805,10.790135,11.211097,10.327882,11.448521,10.307629,,,,,,,,,,,,,,,,,,,,,,,,,,,,,,,,,,,,Two,,,,,,,,,,,,,,,,,,,,,,,,,,,,,,4,22,Winter,,2022-01-06,28,0.3333333333
Balanced,Balanced_Colony02,2022-02-03,2Rep5,5,Reward,Reward,Reward,Reward,Previsited,Reward,Previsited,Previsited,Previsited,Previsited,Reward,Same,Previsited,Reward,Same,Previsited,Previsited,Previsited,Previsited,Previsited,Previsited,Previsited,Previsited,Previsited,Previsited,Reward,,,,,,,,,,,,,,,,,,,,,,,,,,,,,,,,,,,,Three,,,,,,,,,,,,,,,,,,,,,,,,,,,,,,,,Winter,,2022-01-06,28,0.3333333333
Balanced,Balanced_Colony02,2022-02-03,2Rep5,5,,L1,L2,L2,R2,L3,L3,R1,L3,L2,L2,S0,O4,L1,S0,L3,R3,R1,L3,R2,R1,L3,R1,O4,O4,R3,,,,,,,,,,,,,,,,,,,,,,,,,,,,,,,,,,,,Four,,,,,,,,,,,,,,,,,,,,,,,,,,,,,,,,Winter,,2022-01-06,28,0.3333333333
Balanced,Balanced_Colony02,2022-02-03,2Rep5,6,8,2,7,1,2,5,7,2,6,2,6,2,6,2,3,5,6,7,5,2,8,1,4,,,,,,,,,,,,,,,,,,,,,,,,,,,,,,,,,,,,,,8,One,23,0,8,15,5,4,3,0,2,2,6,0,5,6,5,0.2272727273,0.2727272727,0.2272727273,0.2727272727,0,5,4,12,4,16,0.2666666667,0.25,-0.25,0.25,,,Winter,,2022-01-06,28,0.3333333333
Balanced,Balanced_Colony02,2022-02-03,2Rep5,6,10.630798,10.869044,11.347931,11.716161,9.920479,10.080292,11.769611,9.827933,10.466168,9.740834,11.220586,9.881991,10.568714,7.295424,10.205707,10.304584,11.553922,9.665158,11.160753,10.589774,9.951612,10.913376,10.157212,,,,,,,,,,,,,,,,,,,,,,,,,,,,,,,,,,,,,,,Two,,,,,,,,,,,,,,,,,,,,,,,,,,,,,,1,22,Winter,,2022-01-06,28,0.3333333333
Balanced,Balanced_Colony02,2022-02-03,2Rep5,6,Reward,Reward,Reward,Reward,Previsited,Reward,Previsited,Previsited,Reward,Previsited,Previsited,Previsited,Previsited,Previsited,Reward,Previsited,Previsited,Previsited,Previsited,Previsited,Previsited,Previsited,Reward,,,,,,,,,,,,,,,,,,,,,,,,,,,,,,,,,,,,,,,Three,,,,,,,,,,,,,,,,,,,,,,,,,,,,,,,,Winter,,2022-01-06,28,0.3333333333
Balanced,Balanced_Colony02,2022-02-03,2Rep5,6,,L2,R3,L2,L1,L3,L2,L3,O4,O4,O4,O4,O4,O4,L1,L2,L1,L1,R2,R3,R2,L1,L3,,,,,,,,,,,,,,,,,,,,,,,,,,,,,,,,,,,,,,,Four,,,,,,,,,,,,,,,,,,,,,,,,,,,,,,,,Winter,,2022-01-06,28,0.3333333333
Balanced,Balanced_Colony02,2022-02-03,2Rep5,7,6,7,3,6,1,3,5,7,8,2,3,4,,,,,,,,,,,,,,,,,,,,,,,,,,,,,,,,,,,,,,,,,,,,,,,,,8,One,12,0,8,4,4,4,2,0,0,0,1,0,4,4,2,0.3636363636,0.3636363636,0.1818181818,0.0909090909,0,4,0,10,0,10,0,0,-0.5,0.5,,,Winter,,2022-01-06,28,0.3333333333
Balanced,Balanced_Colony02,2022-02-03,2Rep5,7,10.662563,10.295765,10.132618,11.154901,10.336994,11.478584,10.90471,10.666676,10.402559,10.311543,10.485371,10.234602,,,,,,,,,,,,,,,,,,,,,,,,,,,,,,,,,,,,,,,,,,,,,,,,,,Two,,,,,,,,,,,,,,,,,,,,,,,,,,,,,,0,12,Winter,,2022-01-06,28,0.3333333333
Balanced,Balanced_Colony02,2022-02-03,2Rep5,7,Reward,Reward,Reward,Previsited,Reward,Previsited,Reward,Previsited,Reward,Reward,Previsited,Reward,,,,,,,,,,,,,,,,,,,,,,,,,,,,,,,,,,,,,,,,,,,,,,,,,,Three,,,,,,,,,,,,,,,,,,,,,,,,,,,,,,,,Winter,,2022-01-06,28,0.3333333333
Balanced,Balanced_Colony02,2022-02-03,2Rep5,7,,L1,O4,L3,L3,L2,L2,L2,L1,L2,L1,L1,,,,,,,,,,,,,,,,,,,,,,,,,,,,,,,,,,,,,,,,,,,,,,,,,,Four,,,,,,,,,,,,,,,,,,,,,,,,,,,,,,,,Winter,,2022-01-06,28,0.3333333333
Balanced,Balanced_Colony02,2022-02-03,2Rep5,8,1,2,3,7,1,6,7,2,5,6,2,5,6,7,8,1,3,5,7,2,5,6,3,4,,,,,,,,,,,,,,,,,,,,,,,,,,,,,,,,,,,,,8,One,24,0,8,16,10,4,5,0,0,2,2,0,10,4,7,0.4347826087,0.1739130435,0.3043478261,0.0869565217,0,5,4,19,2,21,0.2,0.0952380952,-0.404761905,0.4047619048,,,Winter,,2022-01-06,28,0.3333333333
Balanced,Balanced_Colony02,2022-02-03,2Rep5,8,11.578005,10.706257,10.960908,11.086049,11.770257,11.062092,10.841822,9.149463,9.732906,10.744641,11.67421,9.678278,10.117756,10.305492,10.715866,10.729119,10.080562,10.192902,11.848578,7.644849,10.39116,10.864147,10.389809,10.858206,,,,,,,,,,,,,,,,,,,,,,,,,,,,,,,,,,,,,,Two,,,,,,,,,,,,,,,,,,,,,,,,,,,,,,1,23,Winter,,2022-01-06,28,0.3333333333
Balanced,Balanced_Colony02,2022-02-03,2Rep5,8,Reward,Reward,Reward,Reward,Previsited,Reward,Previsited,Previsited,Reward,Previsited,Previsited,Previsited,Previsited,Previsited,Reward,Previsited,Previsited,Previsited,Previsited,Previsited,Previsited,Previsited,Previsited,Reward,,,,,,,,,,,,,,,,,,,,,,,,,,,,,,,,,,,,,,Three,,,,,,,,,,,,,,,,,,,,,,,,,,,,,,,,Winter,,2022-01-06,28,0.3333333333
Balanced,Balanced_Colony02,2022-02-03,2Rep5,8,,L1,L1,O4,L2,R3,L1,L3,L3,L1,O4,L3,L1,L1,L1,L1,L2,L2,L2,L3,L3,L1,R3,L1,,,,,,,,,,,,,,,,,,,,,,,,,,,,,,,,,,,,,,Four,,,,,,,,,,,,,,,,,,,,,,,,,,,,,,,,Winter,,2022-01-06,28,0.3333333333
Balanced,Balanced_Colony02,2022-02-06,2Rep6,1,6,3,6,3,8,7,5,3,1,8,5,2,6,4,,,,,,,,,,,,,,,,,,,,,,,,,,,,,,,,,,,,,,,,,,,,,,,8,One,14,0,8,6,0,0,1,2,4,5,1,0,2,4,6,0.1538461538,0.3076923077,0.4615384615,0.0769230769,0,3,2,1,11,12,0.1818181818,0.9166666667,0.4166666667,0.4166666667,,,Winter,,2022-01-06,31,3.3333333333
Balanced,Balanced_Colony02,2022-02-06,2Rep6,1,10.543934,10.496593,10.346983,10.232221,10.945461,11.659791,10.503945,10.464734,10.430703,10.485315,11.354817,11.574672,9.519395,9.978567,,,,,,,,,,,,,,,,,,,,,,,,,,,,,,,,,,,,,,,,,,,,,,,,Two,,,,,,,,,,,,,,,,,,,,,,,,,,,,,,0,14,Winter,,2022-01-06,31,3.3333333333
Balanced,Balanced_Colony02,2022-02-06,2Rep6,1,Reward,Reward,Previsited,Previsited,Reward,Reward,Reward,Previsited,Reward,Previsited,Previsited,Reward,Previsited,Reward,,,,,,,,,,,,,,,,,,,,,,,,,,,,,,,,,,,,,,,,,,,,,,,,Three,,,,,,,,,,,,,,,,,,,,,,,,,,,,,,,,Winter,,2022-01-06,31,3.3333333333
Balanced,Balanced_Colony02,2022-02-06,2Rep6,1,,R3,L3,R3,R3,R1,R2,R2,R2,R1,R3,R3,O4,R2,,,,,,,,,,,,,,,,,,,,,,,,,,,,,,,,,,,,,,,,,,,,,,,,Four,,,,,,,,,,,,,,,,,,,,,,,,,,,,,,,,Winter,,2022-01-06,31,3.3333333333
Balanced,Balanced_Colony02,2022-02-06,2Rep6,2,6,6,5,3,1,7,6,4,7,1,7,5,1,5,1,3,8,2,,,,,,,,,,,,,,,,,,,,,,,,,,,,,,,,,,,,,,,,,,,8,One,18,1,8,9,0,3,1,2,6,1,3,1,2,9,2,0.1176470588,0.5294117647,0.1176470588,0.1764705882,0.0588235294,2,5,4,9,13,0.4166666667,0.6923076923,0.1923076923,0.1923076923,,,Winter,,2022-01-06,31,3.3333333333
Balanced,Balanced_Colony02,2022-02-06,2Rep6,2,4.358336,10.882808,11.087209,11.324287,11.659791,10.464734,10.523912,11.254515,10.221242,10.330524,9.744915,10.206375,10.219792,10.361893,11.685842,11.007332,11.771466,10.388946,,,,,,,,,,,,,,,,,,,,,,,,,,,,,,,,,,,,,,,,,,,,Two,,,,,,,,,,,,,,,,,,,,,,,,,,,,,,1,17,Winter,,2022-01-06,31,3.3333333333
Balanced,Balanced_Colony02,2022-02-06,2Rep6,2,Reward,Same,Reward,Reward,Reward,Reward,Previsited,Reward,Previsited,Previsited,Previsited,Previsited,Previsited,Previsited,Previsited,Previsited,Reward,Reward,,,,,,,,,,,,,,,,,,,,,,,,,,,,,,,,,,,,,,,,,,,,Three,,,,,,,,,,,,,,,,,,,,,,,,,,,,,,,,Winter,,2022-01-06,31,3.3333333333
Balanced,Balanced_Colony02,2022-02-06,2Rep6,2,,S0,R1,R2,R2,R2,R1,R2,L3,L2,R2,R2,O4,O4,O4,L2,R3,L2,,,,,,,,,,,,,,,,,,,,,,,,,,,,,,,,,,,,,,,,,,,,Four,,,,,,,,,,,,,,,,,,,,,,,,,,,,,,,,Winter,,2022-01-06,31,3.3333333333
Balanced,Balanced_Colony02,2022-02-06,2Rep6,3,8,5,4,1,4,1,3,8,6,5,3,1,8,4,2,7,,,,,,,,,,,,,,,,,,,,,,,,,,,,,,,,,,,,,,,,,,,,,8,One,16,0,8,8,0,1,1,3,4,5,1,0,3,5,6,0.2,0.3333333333,0.4,0.0666666667,0,5,4,2,12,14,0.3076923077,0.8571428571,0.3571428571,0.3571428571,,,Winter,,2022-01-06,31,3.3333333333
Balanced,Balanced_Colony02,2022-02-06,2Rep6,3,11.648468,11.260817,11.136415,11.156351,11.018376,10.751714,11.19394,10.047753,10.564877,10.485222,10.201103,10.56508,10.664318,11.096558,11.473335,10.138561,,,,,,,,,,,,,,,,,,,,,,,,,,,,,,,,,,,,,,,,,,,,,,Two,,,,,,,,,,,,,,,,,,,,,,,,,,,,,,0,16,Winter,,2022-01-06,31,3.3333333333
Balanced,Balanced_Colony02,2022-02-06,2Rep6,3,Reward,Reward,Reward,Reward,Previsited,Previsited,Reward,Previsited,Reward,Previsited,Previsited,Previsited,Previsited,Previsited,Reward,Reward,,,,,,,,,,,,,,,,,,,,,,,,,,,,,,,,,,,,,,,,,,,,,,Three,,,,,,,,,,,,,,,,,,,,,,,,,,,,,,,,Winter,,2022-01-06,31,3.3333333333
Balanced,Balanced_Colony02,2022-02-06,2Rep6,3,,R3,R1,R3,L3,R3,L2,R3,R2,R1,R2,R2,R1,O4,R2,R3,,,,,,,,,,,,,,,,,,,,,,,,,,,,,,,,,,,,,,,,,,,,,,Four,,,,,,,,,,,,,,,,,,,,,,,,,,,,,,,,Winter,,2022-01-06,31,3.3333333333
Balanced,Balanced_Colony02,2022-02-06,2Rep6,4,8,8,7,5,4,6,7,2,1,2,7,5,6,8,2,3,3,,,,,,,,,,,,,,,,,,,,,,,,,,,,,,,,,,,,,,,,,,,,8,One,17,2,8,7,4,3,1,3,2,1,0,2,7,5,2,0.4375,0.3125,0.125,0,0.125,2,5,8,6,14,0.3846153846,0.4285714286,-0.071428571,0.0714285714,,,Winter,,2022-01-06,31,3.3333333333
Balanced,Balanced_Colony02,2022-02-06,2Rep6,4,5.06853,10.372027,10.261763,10.408348,11.116391,10.405426,6.734167,10.822243,10.31589,10.609415,6.59403,8.100791,11.238725,5.889499,11.875347,11.216364,11.72825,,,,,,,,,,,,,,,,,,,,,,,,,,,,,,,,,,,,,,,,,,,,,Two,,,,,,,,,,,,,,,,,,,,,,,,,,,,,,5,12,Winter,,2022-01-06,31,3.3333333333
Balanced,Balanced_Colony02,2022-02-06,2Rep6,4,Reward,Same,Reward,Reward,Reward,Reward,Previsited,Reward,Reward,Previsited,Previsited,Previsited,Previsited,Previsited,Previsited,Reward,Same,,,,,,,,,,,,,,,,,,,,,,,,,,,,,,,,,,,,,,,,,,,,,Three,,,,,,,,,,,,,,,,,,,,,,,,,,,,,,,,Winter,,2022-01-06,31,3.3333333333
Balanced,Balanced_Colony02,2022-02-06,2Rep6,4,,S0,R1,R2,R1,L2,L1,L3,R1,L1,R3,R2,L1,L2,L2,L1,S0,,,,,,,,,,,,,,,,,,,,,,,,,,,,,,,,,,,,,,,,,,,,,Four,,,,,,,,,,,,,,,,,,,,,,,,,,,,,,,,Winter,,2022-01-06,31,3.3333333333
Balanced,Balanced_Colony02,2022-02-06,2Rep6,5,1,2,1,7,4,8,5,4,2,8,1,7,4,1,6,5,3,,,,,,,,,,,,,,,,,,,,,,,,,,,,,,,,,,,,,,,,,,,,8,One,17,0,8,9,2,0,0,3,5,5,1,0,5,5,5,0.3125,0.3125,0.3125,0.0625,0,3,3,2,13,15,0.2142857143,0.8666666667,0.3666666667,0.3666666667,,,Winter,,2022-01-06,31,3.3333333333
Balanced,Balanced_Colony02,2022-02-06,2Rep6,5,10.41868,11.112146,8.144299,11.75647,10.922196,11.403124,10.363247,9.794317,6.936694,11.492212,10.820387,10.080601,11.196326,11.301561,11.557363,10.584398,9.626905,,,,,,,,,,,,,,,,,,,,,,,,,,,,,,,,,,,,,,,,,,,,,Two,,,,,,,,,,,,,,,,,,,,,,,,,,,,,,2,15,Winter,,2022-01-06,31,3.3333333333
Balanced,Balanced_Colony02,2022-02-06,2Rep6,5,Reward,Reward,Previsited,Reward,Reward,Reward,Reward,Previsited,Previsited,Previsited,Previsited,Previsited,Previsited,Previsited,Reward,Previsited,Reward,,,,,,,,,,,,,,,,,,,,,,,,,,,,,,,,,,,,,,,,,,,,,Three,,,,,,,,,,,,,,,,,,,,,,,,,,,,,,,,Winter,,2022-01-06,31,3.3333333333
Balanced,Balanced_Colony02,2022-02-06,2Rep6,5,,L1,R1,R2,R3,O4,R3,R1,R2,R2,L1,R2,R3,R3,R3,R1,R2,,,,,,,,,,,,,,,,,,,,,,,,,,,,,,,,,,,,,,,,,,,,,Four,,,,,,,,,,,,,,,,,,,,,,,,,,,,,,,,Winter,,2022-01-06,31,3.3333333333
Balanced,Balanced_Colony02,2022-02-06,2Rep6,6,7,4,2,8,1,5,3,3,8,1,6,,,,,,,,,,,,,,,,,,,,,,,,,,,,,,,,,,,,,,,,,,,,,,,,,,8,One,11,1,8,2,2,0,0,0,3,3,1,1,2,3,3,0.2,0.3,0.3,0.1,0.1,8,4,2,6,8,0.5714285714,0.75,0.25,0.25,,,Winter,,2022-01-06,31,3.3333333333
Balanced,Balanced_Colony02,2022-02-06,2Rep6,6,10.324484,11.210732,11.491534,11.433528,11.057316,11.744676,10.136253,10.339935,11.255848,10.558067,10.327127,,,,,,,,,,,,,,,,,,,,,,,,,,,,,,,,,,,,,,,,,,,,,,,,,,,Two,,,,,,,,,,,,,,,,,,,,,,,,,,,,,,0,11,Winter,,2022-01-06,31,3.3333333333
Balanced,Balanced_Colony02,2022-02-06,2Rep6,6,Reward,Reward,Reward,Reward,Reward,Reward,Reward,Same,Previsited,Previsited,Reward,,,,,,,,,,,,,,,,,,,,,,,,,,,,,,,,,,,,,,,,,,,,,,,,,,,Three,,,,,,,,,,,,,,,,,,,,,,,,,,,,,,,,Winter,,2022-01-06,31,3.3333333333
Balanced,Balanced_Colony02,2022-02-06,2Rep6,6,,R3,R2,R2,L1,O4,R2,S0,R3,L1,R3,,,,,,,,,,,,,,,,,,,,,,,,,,,,,,,,,,,,,,,,,,,,,,,,,,,Four,,,,,,,,,,,,,,,,,,,,,,,,,,,,,,,,Winter,,2022-01-06,31,3.3333333333
Balanced,Balanced_Colony02,2022-02-06,2Rep6,7,3,2,7,5,3,1,6,5,4,3,2,1,7,5,7,4,4,1,2,7,5,5,4,6,2,5,8,,,,,,,,,,,,,,,,,,,,,,,,,,,,,,,,,,8,One,27,2,8,17,1,2,2,7,6,5,1,2,8,8,7,0.3076923077,0.3076923077,0.2692307692,0.0384615385,0.0769230769,5,5,5,18,23,0.2272727273,0.7826086957,0.2826086957,0.2826086957,,,Winter,,2022-01-06,31,3.3333333333
Balanced,Balanced_Colony02,2022-02-06,2Rep6,7,10.318365,9.930691,10.568272,11.381771,11.258878,10.000558,11.581742,9.899944,11.551222,10.011234,9.42258,10.321935,8.447038,9.675378,11.305596,11.38487,11.457405,11.423977,11.353787,8.579472,6.848886,11.731773,11.512209,11.827452,10.224026,10.674859,11.03902,,,,,,,,,,,,,,,,,,,,,,,,,,,,,,,,,,,Two,,,,,,,,,,,,,,,,,,,,,,,,,,,,,,3,24,Winter,,2022-01-06,31,3.3333333333
Balanced,Balanced_Colony02,2022-02-06,2Rep6,7,Reward,Reward,Reward,Reward,Previsited,Reward,Reward,Previsited,Reward,Previsited,Previsited,Previsited,Previsited,Previsited,Previsited,Previsited,Same,Previsited,Previsited,Previsited,Previsited,Same,Previsited,Previsited,Previsited,Previsited,Reward,,,,,,,,,,,,,,,,,,,,,,,,,,,,,,,,,,,Three,,,,,,,,,,,,,,,,,,,,,,,,,,,,,,,,Winter,,2022-01-06,31,3.3333333333
Balanced,Balanced_Colony02,2022-02-06,2Rep6,7,,R1,R3,R2,R2,R2,R3,R1,R1,R1,R1,R1,R2,R2,L2,R3,S0,R3,L1,R3,R2,S0,R1,L2,O4,L3,L3,,,,,,,,,,,,,,,,,,,,,,,,,,,,,,,,,,,Four,,,,,,,,,,,,,,,,,,,,,,,,,,,,,,,,Winter,,2022-01-06,31,3.3333333333
Balanced,Balanced_Colony02,2022-02-06,2Rep6,8,1,7,6,4,3,2,8,6,5,4,2,5,7,4,2,4,3,1,,,,,,,,,,,,,,,,,,,,,,,,,,,,,,,,,,,,,,,,,,,8,One,18,0,8,10,0,2,1,6,7,1,0,0,6,9,2,0.3529411765,0.5294117647,0.1176470588,0,0,8,4,3,14,17,0.25,0.8235294118,0.3235294118,0.3235294118,,,Winter,,2022-01-06,31,3.3333333333
Balanced,Balanced_Colony02,2022-02-06,2Rep6,8,10.567884,11.742087,11.19932,11.022038,10.438661,10.525394,10.822657,9.00531,10.975072,10.135234,10.516686,10.549867,6.763195,10.9815,10.175101,9.420698,11.283747,10.225208,,,,,,,,,,,,,,,,,,,,,,,,,,,,,,,,,,,,,,,,,,,,Two,,,,,,,,,,,,,,,,,,,,,,,,,,,,,,1,17,Winter,,2022-01-06,31,3.3333333333
Balanced,Balanced_Colony02,2022-02-06,2Rep6,8,Reward,Reward,Reward,Reward,Reward,Reward,Reward,Previsited,Reward,Previsited,Previsited,Previsited,Previsited,Previsited,Previsited,Previsited,Previsited,Previsited,,,,,,,,,,,,,,,,,,,,,,,,,,,,,,,,,,,,,,,,,,,,Three,,,,,,,,,,,,,,,,,,,,,,,,,,,,,,,,Winter,,2022-01-06,31,3.3333333333
Balanced,Balanced_Colony02,2022-02-06,2Rep6,8,,R2,R1,R2,R1,R1,R2,R2,R1,R1,R2,L3,L2,R3,R2,L2,R1,R2,,,,,,,,,,,,,,,,,,,,,,,,,,,,,,,,,,,,,,,,,,,,Four,,,,,,,,,,,,,,,,,,,,,,,,,,,,,,,,Winter,,2022-01-06,31,3.3333333333
Balanced,Balanced_Colony03,2022-03-13,3Rep1,1,7,2,5,1,3,1,6,4,3,4,7,3,8,,,,,,,,,,,,,,,,,,,,,,,,,,,,,,,,,,,,,,,,,,,,,,,,8,One,13,0,8,5,1,1,3,1,2,2,2,0,2,3,5,0.1666666667,0.25,0.4166666667,0.1666666667,0,6,3,5,5,10,0.3333333333,0.5,0,0,,,Winter,,2022-02-17,24,-2.333333333
Balanced,Balanced_Colony03,2022-03-13,3Rep1,1,11.546429,11.373187,11.811521,11.41037,11.256489,11.553365,11.769462,10.386357,11.225241,11.315764,11.937591,11.245383,10.139637,,,,,,,,,,,,,,,,,,,,,,,,,,,,,,,,,,,,,,,,,,,,,,,,,Two,,,,,,,,,,,,,,,,,,,,,,,,,,,,,,0,13,Winter,,2022-02-17,24,-2.333333333
Balanced,Balanced_Colony03,2022-03-13,3Rep1,1,Reward,Reward,Reward,Reward,Reward,Previsited,Reward,Reward,Previsited,Previsited,Previsited,Previsited,Reward,,,,,,,,,,,,,,,,,,,,,,,,,,,,,,,,,,,,,,,,,,,,,,,,,Three,,,,,,,,,,,,,,,,,,,,,,,,,,,,,,,,Winter,,2022-02-17,24,-2.333333333
Balanced,Balanced_Colony03,2022-03-13,3Rep1,1,,L3,L3,O4,L2,R2,R3,R2,R1,L1,L3,O4,R3,,,,,,,,,,,,,,,,,,,,,,,,,,,,,,,,,,,,,,,,,,,,,,,,,Four,,,,,,,,,,,,,,,,,,,,,,,,,,,,,,,,Winter,,2022-02-17,24,-2.333333333
Balanced,Balanced_Colony03,2022-03-13,3Rep1,2,7,6,6,5,3,4,1,8,3,2,,,,,,,,,,,,,,,,,,,,,,,,,,,,,,,,,,,,,,,,,,,,,,,,,,,8,One,10,1,8,1,1,0,1,4,1,1,0,1,5,1,2,0.5555555556,0.1111111111,0.2222222222,0,0.1111111111,3,4,2,6,8,0.5714285714,0.75,0.25,0.25,,,Winter,,2022-02-17,24,-2.333333333
Balanced,Balanced_Colony03,2022-03-13,3Rep1,2,11.602073,4.589089,11.214956,11.581238,10.696895,11.281104,11.43126,11.737886,11.309974,9.658742,,,,,,,,,,,,,,,,,,,,,,,,,,,,,,,,,,,,,,,,,,,,,,,,,,,,Two,,,,,,,,,,,,,,,,,,,,,,,,,,,,,,1,9,Winter,,2022-02-17,24,-2.333333333
Balanced,Balanced_Colony03,2022-03-13,3Rep1,2,Reward,Reward,Same,Reward,Reward,Reward,Reward,Reward,Previsited,Reward,,,,,,,,,,,,,,,,,,,,,,,,,,,,,,,,,,,,,,,,,,,,,,,,,,,,Three,,,,,,,,,,,,,,,,,,,,,,,,,,,,,,,,Winter,,2022-02-17,24,-2.333333333
Balanced,Balanced_Colony03,2022-03-13,3Rep1,2,,R1,S0,R1,R2,L1,R3,R1,L3,R1,,,,,,,,,,,,,,,,,,,,,,,,,,,,,,,,,,,,,,,,,,,,,,,,,,,,Four,,,,,,,,,,,,,,,,,,,,,,,,,,,,,,,,Winter,,2022-02-17,24,-2.333333333
Balanced,Balanced_Colony03,2022-03-13,3Rep1,3,8,3,1,2,6,5,3,2,1,3,2,4,6,5,6,3,8,3,5,8,3,6,2,8,6,7,,,,,,,,,,,,,,,,,,,,,,,,,,,,,,,,,,,8,One,26,0,8,18,3,4,5,5,4,2,2,0,8,8,7,0.32,0.32,0.28,0.08,0,7,12,12,11,23,0.5454545455,0.4782608696,-0.02173913,0.0217391304,,,Winter,,2022-02-17,24,-2.333333333
Balanced,Balanced_Colony03,2022-03-13,3Rep1,3,11.473013,11.309009,11.327093,11.240321,11.524394,11.343481,11.129131,11.317056,11.43421,11.22597,11.303216,10.70957,10.321519,11.609127,11.671004,11.336794,11.750069,10.718431,10.728628,11.847196,9.89955,10.821522,10.269833,10.985848,10.705165,10.494421,,,,,,,,,,,,,,,,,,,,,,,,,,,,,,,,,,,,Two,,,,,,,,,,,,,,,,,,,,,,,,,,,,,,0,26,Winter,,2022-02-17,24,-2.333333333
Balanced,Balanced_Colony03,2022-03-13,3Rep1,3,Reward,Reward,Reward,Reward,Reward,Reward,Previsited,Previsited,Previsited,Previsited,Previsited,Reward,Previsited,Previsited,Previsited,Previsited,Previsited,Previsited,Previsited,Previsited,Previsited,Previsited,Previsited,Previsited,Previsited,Reward,,,,,,,,,,,,,,,,,,,,,,,,,,,,,,,,,,,,Three,,,,,,,,,,,,,,,,,,,,,,,,,,,,,,,,Winter,,2022-02-17,24,-2.333333333
Balanced,Balanced_Colony03,2022-03-13,3Rep1,3,,L3,R2,L1,O4,R1,R2,R1,R1,L2,R1,L2,L2,R1,L1,R3,R3,L3,L2,L3,L3,L3,O4,R2,R2,L1,,,,,,,,,,,,,,,,,,,,,,,,,,,,,,,,,,,,Four,,,,,,,,,,,,,,,,,,,,,,,,,,,,,,,,Winter,,2022-02-17,24,-2.333333333
Balanced,Balanced_Colony03,2022-03-13,3Rep1,4,1,8,7,7,1,3,5,1,2,4,8,1,3,2,5,3,6,3,2,1,8,,,,,,,,,,,,,,,,,,,,,,,,,,,,,,,,,,,,,,,,8,One,21,1,8,12,2,5,2,6,1,1,2,1,8,6,3,0.4,0.3,0.15,0.1,0.05,4,6,9,8,17,0.375,0.4705882353,-0.029411765,0.0294117647,,,Winter,,2022-02-17,24,-2.333333333
Balanced,Balanced_Colony03,2022-03-13,3Rep1,4,4.970397,4.884953,11.742684,4.384022,11.420956,10.833206,9.525884,10.187967,11.501147,11.059537,4.434068,11.031902,10.263871,10.197491,9.885422,10.990017,11.62495,11.302992,11.510634,11.771002,10.232602,,,,,,,,,,,,,,,,,,,,,,,,,,,,,,,,,,,,,,,,,Two,,,,,,,,,,,,,,,,,,,,,,,,,,,,,,4,17,Winter,,2022-02-17,24,-2.333333333
Balanced,Balanced_Colony03,2022-03-13,3Rep1,4,Reward,Reward,Reward,Same,Previsited,Reward,Reward,Previsited,Reward,Reward,Previsited,Previsited,Previsited,Previsited,Previsited,Previsited,Reward,Previsited,Previsited,Previsited,Previsited,,,,,,,,,,,,,,,,,,,,,,,,,,,,,,,,,,,,,,,,,Three,,,,,,,,,,,,,,,,,,,,,,,,,,,,,,,,Winter,,2022-02-17,24,-2.333333333
Balanced,Balanced_Colony03,2022-03-13,3Rep1,4,,R1,R1,S0,L2,L2,L2,O4,L1,L2,O4,L1,L2,R1,L3,R2,L3,R3,R1,R1,R1,,,,,,,,,,,,,,,,,,,,,,,,,,,,,,,,,,,,,,,,,Four,,,,,,,,,,,,,,,,,,,,,,,,,,,,,,,,Winter,,2022-02-17,24,-2.333333333
Balanced,Balanced_Colony03,2022-03-13,3Rep1,5,1,8,3,7,1,2,3,1,3,5,7,1,7,2,1,4,7,2,5,2,1,4,3,2,7,2,4,7,8,5,8,1,8,4,1,3,2,8,5,4,6,,,,,,,,,,,,,,,,,,,,8,One,41,0,8,33,4,8,10,8,3,5,2,0,12,11,15,0.3,0.275,0.375,0.05,0,5,17,22,16,38,0.4594594595,0.4210526316,-0.078947368,0.0789473684,,,Winter,,2022-02-17,24,-2.333333333
Balanced,Balanced_Colony03,2022-03-13,3Rep1,5,5.903482,10.472108,11.004569,7.316715,5.177653,11.335144,10.93099,11.342604,11.129341,10.081645,11.71042,11.511193,11.338032,10.259483,11.594409,10.766063,10.663459,11.353787,11.636095,11.397789,11.369296,9.786054,9.64703,9.82946,11.44457,9.584289,10.170407,11.366141,11.602073,9.802454,11.754696,11.439033,11.755243,11.342604,11.401705,9.973565,4.430989,11.654976,9.940108,9.623745,10.129078,,,,,,,,,,,,,,,,,,,,,Two,,,,,,,,,,,,,,,,,,,,,,,,,,,,,,4,37,Winter,,2022-02-17,24,-2.333333333
Balanced,Balanced_Colony03,2022-03-13,3Rep1,5,Reward,Reward,Reward,Reward,Previsited,Reward,Previsited,Previsited,Previsited,Reward,Previsited,Previsited,Previsited,Previsited,Previsited,Reward,Previsited,Previsited,Previsited,Previsited,Previsited,Previsited,Previsited,Previsited,Previsited,Previsited,Previsited,Previsited,Previsited,Previsited,Previsited,Previsited,Previsited,Previsited,Previsited,Previsited,Previsited,Previsited,Previsited,Previsited,Reward,,,,,,,,,,,,,,,,,,,,,Three,,,,,,,,,,,,,,,,,,,,,,,,,,,,,,,,Winter,,2022-02-17,24,-2.333333333
Balanced,Balanced_Colony03,2022-03-13,3Rep1,5,,R1,L3,O4,L2,L1,L1,R2,L2,L2,L2,L2,R2,L3,R1,L3,L3,L3,L3,R3,R1,L3,R1,R1,R3,L3,L2,L3,L1,R3,L3,L1,R1,O4,R3,L2,R1,R2,R3,R1,L2,,,,,,,,,,,,,,,,,,,,,Four,,,,,,,,,,,,,,,,,,,,,,,,,,,,,,,,Winter,,2022-02-17,24,-2.333333333
Balanced,Balanced_Colony03,2022-03-13,3Rep1,6,1,7,8,7,2,5,2,1,8,5,1,4,1,3,2,1,3,4,8,2,7,4,6,,,,,,,,,,,,,,,,,,,,,,,,,,,,,,,,,,,,,,8,One,23,0,8,15,2,4,3,5,1,5,2,0,7,5,8,0.3181818182,0.2272727273,0.3636363636,0.0909090909,0,4,11,9,11,20,0.5789473684,0.55,0.05,0.05,,,Winter,,2022-02-17,24,-2.333333333
Balanced,Balanced_Colony03,2022-03-13,3Rep1,6,4.80935,11.170966,11.65516,9.818547,11.176234,10.936321,9.91757,11.293002,10.326447,9.596972,11.002036,9.849746,10.260547,11.548657,10.48433,9.865763,11.53229,9.868074,10.071006,11.531479,9.812928,11.294004,9.792745,,,,,,,,,,,,,,,,,,,,,,,,,,,,,,,,,,,,,,,Two,,,,,,,,,,,,,,,,,,,,,,,,,,,,,,1,22,Winter,,2022-02-17,24,-2.333333333
Balanced,Balanced_Colony03,2022-03-13,3Rep1,6,Reward,Reward,Reward,Previsited,Reward,Reward,Previsited,Previsited,Previsited,Previsited,Previsited,Reward,Previsited,Reward,Previsited,Previsited,Previsited,Previsited,Previsited,Previsited,Previsited,Previsited,Reward,,,,,,,,,,,,,,,,,,,,,,,,,,,,,,,,,,,,,,,Three,,,,,,,,,,,,,,,,,,,,,,,,,,,,,,,,Winter,,2022-02-17,24,-2.333333333
Balanced,Balanced_Colony03,2022-03-13,3Rep1,6,,R2,L1,R1,L3,L3,R3,R1,R1,R3,O4,L3,R3,L2,R1,R1,L2,L1,O4,L2,R3,R3,L2,,,,,,,,,,,,,,,,,,,,,,,,,,,,,,,,,,,,,,,Four,,,,,,,,,,,,,,,,,,,,,,,,,,,,,,,,Winter,,2022-02-17,24,-2.333333333
Balanced,Balanced_Colony03,2022-03-13,3Rep1,7,7,6,3,3,2,8,6,8,4,6,7,1,2,3,6,8,3,5,,,,,,,,,,,,,,,,,,,,,,,,,,,,,,,,,,,,,,,,,,,8,One,18,1,8,9,3,5,2,2,2,1,1,1,5,7,3,0.2941176471,0.4117647059,0.1764705882,0.0588235294,0.0588235294,4,1,10,5,15,0.0714285714,0.3333333333,-0.166666667,0.1666666667,,,Winter,,2022-02-17,24,-2.333333333
Balanced,Balanced_Colony03,2022-03-13,3Rep1,7,11.394317,4.589981,9.926686,5.048531,10.070464,11.333579,11.420956,11.610453,11.670436,10.386882,10.820658,11.227915,9.990964,11.409071,11.437074,11.353787,11.601417,9.879623,,,,,,,,,,,,,,,,,,,,,,,,,,,,,,,,,,,,,,,,,,,,Two,,,,,,,,,,,,,,,,,,,,,,,,,,,,,,2,16,Winter,,2022-02-17,24,-2.333333333
Balanced,Balanced_Colony03,2022-03-13,3Rep1,7,Reward,Reward,Reward,Same,Reward,Reward,Previsited,Previsited,Reward,Previsited,Previsited,Reward,Previsited,Previsited,Previsited,Previsited,Previsited,Reward,,,,,,,,,,,,,,,,,,,,,,,,,,,,,,,,,,,,,,,,,,,,Three,,,,,,,,,,,,,,,,,,,,,,,,,,,,,,,,Winter,,2022-02-17,24,-2.333333333
Balanced,Balanced_Colony03,2022-03-13,3Rep1,7,,R1,R3,S0,R1,R2,R2,L2,O4,L2,L1,L2,L1,L1,L3,L2,L3,L2,,,,,,,,,,,,,,,,,,,,,,,,,,,,,,,,,,,,,,,,,,,,Four,,,,,,,,,,,,,,,,,,,,,,,,,,,,,,,,Winter,,2022-02-17,24,-2.333333333
Balanced,Balanced_Colony03,2022-03-13,3Rep1,8,5,8,8,8,2,5,2,4,3,2,1,3,5,4,8,2,6,8,1,2,4,5,6,6,2,4,6,7,,,,,,,,,,,,,,,,,,,,,,,,,,,,,,,,,8,One,28,3,8,17,5,9,2,4,0,1,3,3,9,9,3,0.3333333333,0.3333333333,0.1111111111,0.1111111111,0.1111111111,3,6,16,5,21,0.3,0.2380952381,-0.261904762,0.2619047619,,,Winter,,2022-02-17,24,-2.333333333
Balanced,Balanced_Colony03,2022-03-13,3Rep1,8,11.348635,4.529965,10.410838,11.296851,11.721351,9.410326,9.878716,11.479993,10.290141,7.873756,11.631621,9.595266,9.757229,10.034086,6.854832,11.389441,11.281518,11.634436,10.067076,8.608867,10.46885,10.499137,4.356815,11.491042,10.543657,10.425189,11.158675,9.714223,,,,,,,,,,,,,,,,,,,,,,,,,,,,,,,,,,Two,,,,,,,,,,,,,,,,,,,,,,,,,,,,,,5,23,Winter,,2022-02-17,24,-2.333333333
Balanced,Balanced_Colony03,2022-03-13,3Rep1,8,Reward,Reward,Same,Same,Reward,Previsited,Previsited,Reward,Reward,Previsited,Reward,Previsited,Previsited,Previsited,Previsited,Previsited,Reward,Previsited,Previsited,Previsited,Previsited,Previsited,Previsited,Same,Previsited,Previsited,Previsited,Reward,,,,,,,,,,,,,,,,,,,,,,,,,,,,,,,,,,Three,,,,,,,,,,,,,,,,,,,,,,,,,,,,,,,,Winter,,2022-02-17,24,-2.333333333
Balanced,Balanced_Colony03,2022-03-13,3Rep1,8,,L3,S0,S0,L2,L3,R3,L2,R1,R1,R1,L2,L2,R1,O4,L2,O4,L2,L1,L1,L2,L1,L1,S0,O4,L2,L2,L1,,,,,,,,,,,,,,,,,,,,,,,,,,,,,,,,,,Four,,,,,,,,,,,,,,,,,,,,,,,,,,,,,,,,Winter,,2022-02-17,24,-2.333333333
Balanced,Balanced_Colony03,2022-03-14,3Rep2,1,7,2,8,5,2,1,8,4,5,1,4,8,3,2,4,1,5,4,3,2,3,7,2,7,3,6,,,,,,,,,,,,,,,,,,,,,,,,,,,,,,,,,,,8,One,26,0,8,18,2,1,5,6,1,4,6,0,8,2,9,0.32,0.08,0.36,0.24,0,5,8,8,11,19,0.4444444444,0.5789473684,0.0789473684,0.0789473684,,,Winter,,2022-02-17,25,-1.333333333
Balanced,Balanced_Colony03,2022-03-14,3Rep2,1,11.756835,9.884259,11.529552,10.988828,10.359691,10.401229,11.096927,11.175903,11.335917,10.581525,10.507155,9.753133,11.12738,11.551442,11.249283,10.201733,9.569064,11.242349,11.425461,11.492466,11.116443,8.5474,11.374181,5.448734,11.382456,10.227514,,,,,,,,,,,,,,,,,,,,,,,,,,,,,,,,,,,,Two,,,,,,,,,,,,,,,,,,,,,,,,,,,,,,2,24,Winter,,2022-02-17,25,-1.333333333
Balanced,Balanced_Colony03,2022-03-14,3Rep2,1,Reward,Reward,Reward,Reward,Previsited,Reward,Previsited,Reward,Previsited,Previsited,Previsited,Previsited,Reward,Previsited,Previsited,Previsited,Previsited,Previsited,Previsited,Previsited,Previsited,Previsited,Previsited,Previsited,Previsited,Reward,,,,,,,,,,,,,,,,,,,,,,,,,,,,,,,,,,,,Three,,,,,,,,,,,,,,,,,,,,,,,,,,,,,,,,Winter,,2022-02-17,25,-1.333333333
Balanced,Balanced_Colony03,2022-03-14,3Rep2,1,,L3,R2,R3,R3,R1,R1,O4,L1,O4,L3,O4,L3,R1,L2,R3,O4,R1,R1,R1,L1,O4,L3,R3,O4,L3,,,,,,,,,,,,,,,,,,,,,,,,,,,,,,,,,,,,Four,,,,,,,,,,,,,,,,,,,,,,,,,,,,,,,,Winter,,2022-02-17,25,-1.333333333
Balanced,Balanced_Colony03,2022-03-14,3Rep2,2,7,3,5,1,4,1,8,7,6,2,,,,,,,,,,,,,,,,,,,,,,,,,,,,,,,,,,,,,,,,,,,,,,,,,,,8,One,10,0,8,2,0,1,1,3,0,1,3,0,3,1,2,0.3333333333,0.1111111111,0.2222222222,0.3333333333,0,6,1,2,4,6,0.2,0.6666666667,0.1666666667,0.1666666667,,,Winter,,2022-02-17,25,-1.333333333
Balanced,Balanced_Colony03,2022-03-14,3Rep2,2,4.38962,10.173837,11.360103,10.195043,10.446762,11.070424,11.124559,10.350505,11.414862,10.132099,,,,,,,,,,,,,,,,,,,,,,,,,,,,,,,,,,,,,,,,,,,,,,,,,,,,Two,,,,,,,,,,,,,,,,,,,,,,,,,,,,,,1,9,Winter,,2022-02-17,25,-1.333333333
Balanced,Balanced_Colony03,2022-03-14,3Rep2,2,Reward,Reward,Reward,Reward,Reward,Previsited,Reward,Previsited,Reward,Reward,,,,,,,,,,,,,,,,,,,,,,,,,,,,,,,,,,,,,,,,,,,,,,,,,,,,Three,,,,,,,,,,,,,,,,,,,,,,,,,,,,,,,,Winter,,2022-02-17,25,-1.333333333
Balanced,Balanced_Colony03,2022-03-14,3Rep2,2,,O4,L2,O4,L3,R3,R1,R1,R1,O4,,,,,,,,,,,,,,,,,,,,,,,,,,,,,,,,,,,,,,,,,,,,,,,,,,,,Four,,,,,,,,,,,,,,,,,,,,,,,,,,,,,,,,Winter,,2022-02-17,25,-1.333333333
Balanced,Balanced_Colony03,2022-03-14,3Rep2,3,5,1,8,5,4,1,5,3,2,7,3,2,5,4,8,4,1,6,,,,,,,,,,,,,,,,,,,,,,,,,,,,,,,,,,,,,,,,,,,8,One,18,0,8,10,0,0,1,5,1,5,5,0,5,1,6,0.2941176471,0.0588235294,0.3529411765,0.2941176471,0,4,2,1,11,12,0.1818181818,0.9166666667,0.4166666667,0.4166666667,,,Winter,,2022-02-17,25,-1.333333333
Balanced,Balanced_Colony03,2022-03-14,3Rep2,3,10.591155,11.126066,10.170809,9.91413,9.914641,10.160512,11.133754,10.938923,11.532561,11.53986,10.689457,10.230944,7.656034,11.51099,11.748061,9.97122,11.379099,9.578613,,,,,,,,,,,,,,,,,,,,,,,,,,,,,,,,,,,,,,,,,,,,Two,,,,,,,,,,,,,,,,,,,,,,,,,,,,,,1,17,Winter,,2022-02-17,25,-1.333333333
Balanced,Balanced_Colony03,2022-03-14,3Rep2,3,Reward,Reward,Reward,Previsited,Reward,Previsited,Previsited,Reward,Reward,Reward,Previsited,Previsited,Previsited,Previsited,Previsited,Previsited,Previsited,Reward,,,,,,,,,,,,,,,,,,,,,,,,,,,,,,,,,,,,,,,,,,,,Three,,,,,,,,,,,,,,,,,,,,,,,,,,,,,,,,Winter,,2022-02-17,25,-1.333333333
Balanced,Balanced_Colony03,2022-03-14,3Rep2,3,,O4,R1,R3,R1,R3,O4,R2,R1,R3,O4,R1,L3,R1,O4,O4,R3,R3,,,,,,,,,,,,,,,,,,,,,,,,,,,,,,,,,,,,,,,,,,,,Four,,,,,,,,,,,,,,,,,,,,,,,,,,,,,,,,Winter,,2022-02-17,25,-1.333333333
Balanced,Balanced_Colony03,2022-03-14,3Rep2,4,6,3,2,1,8,4,7,5,,,,,,,,,,,,,,,,,,,,,,,,,,,,,,,,,,,,,,,,,,,,,,,,,,,,,8,One,8,0,8,0,0,0,1,3,1,1,1,0,3,1,2,0.4285714286,0.1428571429,0.2857142857,0.1428571429,0,8,2,1,5,6,0.4,0.8333333333,0.3333333333,0.3333333333,,,Winter,,2022-02-17,25,-1.333333333
Balanced,Balanced_Colony03,2022-03-14,3Rep2,4,11.037696,10.496315,9.976653,10.026312,9.978079,10.130232,11.476546,10.126383,,,,,,,,,,,,,,,,,,,,,,,,,,,,,,,,,,,,,,,,,,,,,,,,,,,,,,Two,,,,,,,,,,,,,,,,,,,,,,,,,,,,,,0,8,Winter,,2022-02-17,25,-1.333333333
Balanced,Balanced_Colony03,2022-03-14,3Rep2,4,Reward,Reward,Reward,Reward,Reward,Reward,Reward,Reward,,,,,,,,,,,,,,,,,,,,,,,,,,,,,,,,,,,,,,,,,,,,,,,,,,,,,,Three,,,,,,,,,,,,,,,,,,,,,,,,,,,,,,,,Winter,,2022-02-17,25,-1.333333333
Balanced,Balanced_Colony03,2022-03-14,3Rep2,4,,R3,R1,R1,R1,O4,L3,R2,,,,,,,,,,,,,,,,,,,,,,,,,,,,,,,,,,,,,,,,,,,,,,,,,,,,,,Four,,,,,,,,,,,,,,,,,,,,,,,,,,,,,,,,Winter,,2022-02-17,25,-1.333333333
Balanced,Balanced_Colony03,2022-03-14,3Rep2,5,7,7,1,7,4,1,6,2,7,8,4,7,3,6,2,3,2,5,,,,,,,,,,,,,,,,,,,,,,,,,,,,,,,,,,,,,,,,,,,8,One,18,1,8,9,2,1,3,1,1,4,4,1,3,2,7,0.1764705882,0.1176470588,0.4117647059,0.2352941176,0.0588235294,2,4,6,6,12,0.3636363636,0.5,0,0,,,Winter,,2022-02-17,25,-1.333333333
Balanced,Balanced_Colony03,2022-03-14,3Rep2,5,4.371109,11.058832,11.194445,10.099321,11.163809,10.579885,11.100984,11.74972,10.165902,11.640851,11.313748,10.892315,11.32353,10.944303,11.550767,11.51986,11.918242,9.830373,,,,,,,,,,,,,,,,,,,,,,,,,,,,,,,,,,,,,,,,,,,,Two,,,,,,,,,,,,,,,,,,,,,,,,,,,,,,1,17,Winter,,2022-02-17,25,-1.333333333
Balanced,Balanced_Colony03,2022-03-14,3Rep2,5,Reward,Same,Reward,Previsited,Reward,Previsited,Reward,Reward,Previsited,Reward,Previsited,Previsited,Reward,Previsited,Previsited,Previsited,Previsited,Reward,,,,,,,,,,,,,,,,,,,,,,,,,,,,,,,,,,,,,,,,,,,,Three,,,,,,,,,,,,,,,,,,,,,,,,,,,,,,,,Winter,,2022-02-17,25,-1.333333333
Balanced,Balanced_Colony03,2022-03-14,3Rep2,5,,S0,L2,R2,R3,R3,R3,O4,R3,L1,O4,L3,O4,L3,O4,L1,R1,L3,,,,,,,,,,,,,,,,,,,,,,,,,,,,,,,,,,,,,,,,,,,,Four,,,,,,,,,,,,,,,,,,,,,,,,,,,,,,,,Winter,,2022-02-17,25,-1.333333333
Balanced,Balanced_Colony03,2022-03-14,3Rep2,6,6,5,6,1,8,7,3,6,1,4,4,1,4,3,8,3,5,1,5,4,2,,,,,,,,,,,,,,,,,,,,,,,,,,,,,,,,,,,,,,,,8,One,21,1,8,12,1,1,6,5,1,2,3,1,6,2,8,0.3,0.1,0.4,0.15,0.05,3,8,8,8,16,0.5333333333,0.5,0,0,,,Winter,,2022-02-17,25,-1.333333333
Balanced,Balanced_Colony03,2022-03-14,3Rep2,6,10.662764,11.110971,10.182455,9.804243,10.330524,11.409755,11.11625,9.315224,9.9919,11.139408,11.018642,9.971063,11.034499,11.590255,9.638803,5.405418,9.816919,9.15896,10.234602,11.798724,10.164885,,,,,,,,,,,,,,,,,,,,,,,,,,,,,,,,,,,,,,,,,Two,,,,,,,,,,,,,,,,,,,,,,,,,,,,,,1,20,Winter,,2022-02-17,25,-1.333333333
Balanced,Balanced_Colony03,2022-03-14,3Rep2,6,Reward,Reward,Previsited,Reward,Reward,Reward,Reward,Previsited,Previsited,Reward,Same,Previsited,Previsited,Previsited,Previsited,Previsited,Previsited,Previsited,Previsited,Previsited,Reward,,,,,,,,,,,,,,,,,,,,,,,,,,,,,,,,,,,,,,,,,Three,,,,,,,,,,,,,,,,,,,,,,,,,,,,,,,,Winter,,2022-02-17,25,-1.333333333
Balanced,Balanced_Colony03,2022-03-14,3Rep2,6,,R1,L1,L3,R1,R1,O4,L3,L3,L3,S0,R3,L3,R1,R3,L3,L2,O4,O4,R1,R2,,,,,,,,,,,,,,,,,,,,,,,,,,,,,,,,,,,,,,,,,Four,,,,,,,,,,,,,,,,,,,,,,,,,,,,,,,,Winter,,2022-02-17,25,-1.333333333
Balanced,Balanced_Colony03,2022-03-14,3Rep2,7,8,3,2,8,3,2,1,6,4,3,6,4,6,5,4,2,6,3,8,3,4,1,6,3,8,3,6,5,3,6,3,1,4,3,8,3,7,,,,,,,,,,,,,,,,,,,,,,,,8,One,37,0,8,29,1,1,9,8,6,9,2,0,9,7,18,0.25,0.1944444444,0.5,0.0555555556,0,4,16,11,23,34,0.4848484848,0.6764705882,0.1764705882,0.1764705882,,,Winter,,2022-02-17,25,-1.333333333
Balanced,Balanced_Colony03,2022-03-14,3Rep2,7,11.533304,11.116917,10.162891,6.160391,10.518187,10.508898,11.377094,10.879942,10.04164,4.632423,10.156425,11.196622,10.301803,10.212867,10.221928,11.626123,10.315852,11.307544,9.990788,11.404303,10.974628,11.826446,9.853842,11.247602,9.905377,11.546226,11.455227,11.035205,5.730336,9.637407,7.980353,11.879679,9.866652,9.467653,8.235882,7.218469,10.558639,,,,,,,,,,,,,,,,,,,,,,,,,Two,,,,,,,,,,,,,,,,,,,,,,,,,,,,,,6,31,Winter,,2022-02-17,25,-1.333333333
Balanced,Balanced_Colony03,2022-03-14,3Rep2,7,Reward,Reward,Reward,Previsited,Previsited,Previsited,Reward,Reward,Reward,Previsited,Previsited,Previsited,Previsited,Reward,Previsited,Previsited,Previsited,Previsited,Previsited,Previsited,Previsited,Previsited,Previsited,Previsited,Previsited,Previsited,Previsited,Previsited,Previsited,Previsited,Previsited,Previsited,Previsited,Previsited,Previsited,Previsited,Reward,,,,,,,,,,,,,,,,,,,,,,,,,Three,,,,,,,,,,,,,,,,,,,,,,,,,,,,,,,,Winter,,2022-02-17,25,-1.333333333
Balanced,Balanced_Colony03,2022-03-14,3Rep2,7,,L3,R1,R2,L3,R1,R1,R3,R2,R1,L3,R2,L2,R1,R1,R2,O4,R3,R3,L3,L1,R3,R3,R3,R3,L3,L3,R1,R2,L3,R3,R2,L3,R1,R3,L3,O4,,,,,,,,,,,,,,,,,,,,,,,,,Four,,,,,,,,,,,,,,,,,,,,,,,,,,,,,,,,Winter,,2022-02-17,25,-1.333333333
Balanced,Balanced_Colony03,2022-03-14,3Rep2,8,5,2,1,8,5,2,6,8,6,8,4,7,3,,,,,,,,,,,,,,,,,,,,,,,,,,,,,,,,,,,,,,,,,,,,,,,,8,One,13,0,8,5,0,2,1,2,1,3,3,0,2,3,4,0.1666666667,0.25,0.3333333333,0.25,0,5,3,3,6,9,0.375,0.6666666667,0.1666666667,0.1666666667,,,Winter,,2022-02-17,25,-1.333333333
Balanced,Balanced_Colony03,2022-03-14,3Rep2,8,10.908945,9.85311,9.862562,11.122561,6.903851,7.341954,11.059132,8.525044,8.578927,8.236072,9.919673,10.107424,10.026895,,,,,,,,,,,,,,,,,,,,,,,,,,,,,,,,,,,,,,,,,,,,,,,,,Two,,,,,,,,,,,,,,,,,,,,,,,,,,,,,,5,8,Winter,,2022-02-17,25,-1.333333333
Balanced,Balanced_Colony03,2022-03-14,3Rep2,8,Reward,Reward,Reward,Reward,Previsited,Previsited,Reward,Previsited,Previsited,Previsited,Reward,Reward,Reward,,,,,,,,,,,,,,,,,,,,,,,,,,,,,,,,,,,,,,,,,,,,,,,,,Three,,,,,,,,,,,,,,,,,,,,,,,,,,,,,,,,Winter,,2022-02-17,25,-1.333333333
Balanced,Balanced_Colony03,2022-03-14,3Rep2,8,,R3,R1,R1,R3,R3,O4,L2,R2,L2,O4,L3,O4,,,,,,,,,,,,,,,,,,,,,,,,,,,,,,,,,,,,,,,,,,,,,,,,,Four,,,,,,,,,,,,,,,,,,,,,,,,,,,,,,,,Winter,,2022-02-17,25,-1.333333333
Balanced,Balanced_Colony03,2022-03-15,3Rep3,1,7,7,2,7,3,1,4,7,3,6,3,6,3,8,4,7,1,5,,,,,,,,,,,,,,,,,,,,,,,,,,,,,,,,,,,,,,,,,,,8,One,18,1,8,9,0,1,6,0,1,4,4,1,0,2,10,0,0.1176470588,0.5882352941,0.2352941176,0.0588235294,2,6,7,5,12,0.5454545455,0.4166666667,-0.083333333,0.0833333333,,,Winter,,2022-02-17,26,-0.333333333
Balanced,Balanced_Colony03,2022-03-15,3Rep3,1,4.429538,11.490787,11.196952,10.458343,11.676364,10.723794,9.991491,9.946538,10.394761,9.98138,10.369114,10.465572,9.95218,9.8013,11.315402,11.464718,10.61094,10.078145,,,,,,,,,,,,,,,,,,,,,,,,,,,,,,,,,,,,,,,,,,,,Two,,,,,,,,,,,,,,,,,,,,,,,,,,,,,,1,17,Winter,,2022-02-17,26,-0.333333333
Balanced,Balanced_Colony03,2022-03-15,3Rep3,1,Reward,Same,Reward,Previsited,Reward,Reward,Reward,Previsited,Previsited,Reward,Previsited,Previsited,Previsited,Reward,Previsited,Previsited,Previsited,Reward,,,,,,,,,,,,,,,,,,,,,,,,,,,,,,,,,,,,,,,,,,,,Three,,,,,,,,,,,,,,,,,,,,,,,,,,,,,,,,Winter,,2022-02-17,26,-0.333333333
Balanced,Balanced_Colony03,2022-03-15,3Rep3,1,,S0,L3,R3,O4,R2,L3,L3,O4,L3,R3,L3,R3,R3,O4,L3,L2,O4,,,,,,,,,,,,,,,,,,,,,,,,,,,,,,,,,,,,,,,,,,,,Four,,,,,,,,,,,,,,,,,,,,,,,,,,,,,,,,Winter,,2022-02-17,26,-0.333333333
Balanced,Balanced_Colony03,2022-03-15,3Rep3,2,7,1,4,5,8,4,1,6,3,8,5,3,1,6,3,7,5,2,,,,,,,,,,,,,,,,,,,,,,,,,,,,,,,,,,,,,,,,,,,8,One,18,0,8,10,1,1,2,0,3,8,2,0,1,4,10,0.0588235294,0.2352941176,0.5882352941,0.1176470588,0,6,1,4,11,15,0.0714285714,0.7333333333,0.2333333333,0.2333333333,,,Winter,,2022-02-17,26,-0.333333333
Balanced,Balanced_Colony03,2022-03-15,3Rep3,2,11.540282,10.764379,10.110818,9.845768,11.31616,11.30863,10.764451,10.448068,10.641061,11.393496,9.718556,10.028898,10.187182,10.84441,11.313972,10.154295,10.038436,10.146517,,,,,,,,,,,,,,,,,,,,,,,,,,,,,,,,,,,,,,,,,,,,Two,,,,,,,,,,,,,,,,,,,,,,,,,,,,,,0,18,Winter,,2022-02-17,26,-0.333333333
Balanced,Balanced_Colony03,2022-03-15,3Rep3,2,Reward,Reward,Reward,Reward,Reward,Previsited,Previsited,Reward,Reward,Previsited,Previsited,Previsited,Previsited,Previsited,Previsited,Previsited,Previsited,Reward,,,,,,,,,,,,,,,,,,,,,,,,,,,,,,,,,,,,,,,,,,,,Three,,,,,,,,,,,,,,,,,,,,,,,,,,,,,,,,Winter,,2022-02-17,26,-0.333333333
Balanced,Balanced_Colony03,2022-03-15,3Rep3,2,,L2,L3,L1,L3,O4,R3,R3,R3,R3,R3,R2,R2,R3,R3,O4,R2,R3,,,,,,,,,,,,,,,,,,,,,,,,,,,,,,,,,,,,,,,,,,,,Four,,,,,,,,,,,,,,,,,,,,,,,,,,,,,,,,Winter,,2022-02-17,26,-0.333333333
Balanced,Balanced_Colony03,2022-03-15,3Rep3,3,7,5,3,1,6,2,1,6,2,8,4,,,,,,,,,,,,,,,,,,,,,,,,,,,,,,,,,,,,,,,,,,,,,,,,,,8,One,11,0,8,3,0,0,0,1,4,2,3,0,1,4,2,0.1,0.4,0.2,0.3,0,7,0,0,7,7,0,1,0.5,0.5,,,Winter,,2022-02-17,26,-0.333333333
Balanced,Balanced_Colony03,2022-03-15,3Rep3,3,11.204331,10.584674,9.946283,9.68462,10.092776,11.230032,11.064048,10.484702,9.823569,11.472248,9.73573,,,,,,,,,,,,,,,,,,,,,,,,,,,,,,,,,,,,,,,,,,,,,,,,,,,Two,,,,,,,,,,,,,,,,,,,,,,,,,,,,,,0,11,Winter,,2022-02-17,26,-0.333333333
Balanced,Balanced_Colony03,2022-03-15,3Rep3,3,Reward,Reward,Reward,Reward,Reward,Reward,Previsited,Previsited,Previsited,Reward,Reward,,,,,,,,,,,,,,,,,,,,,,,,,,,,,,,,,,,,,,,,,,,,,,,,,,,Three,,,,,,,,,,,,,,,,,,,,,,,,,,,,,,,,Winter,,2022-02-17,26,-0.333333333
Balanced,Balanced_Colony03,2022-03-15,3Rep3,3,,R2,R2,R2,R3,O4,R1,R3,O4,R2,O4,,,,,,,,,,,,,,,,,,,,,,,,,,,,,,,,,,,,,,,,,,,,,,,,,,,Four,,,,,,,,,,,,,,,,,,,,,,,,,,,,,,,,Winter,,2022-02-17,26,-0.333333333
Balanced,Balanced_Colony03,2022-03-15,3Rep3,4,6,1,7,2,7,2,7,3,8,3,8,3,1,4,1,5,,,,,,,,,,,,,,,,,,,,,,,,,,,,,,,,,,,,,,,,,,,,,8,One,16,0,8,8,0,0,6,0,2,5,2,0,0,2,11,0,0.1333333333,0.7333333333,0.1333333333,0,5,11,6,7,13,0.9166666667,0.5384615385,0.0384615385,0.0384615385,,,Winter,,2022-02-17,26,-0.333333333
Balanced,Balanced_Colony03,2022-03-15,3Rep3,4,9.952004,10.680683,9.634495,11.247758,9.457436,9.694699,9.52441,11.49038,10.617129,11.517237,9.93281,11.39389,11.05929,10.810926,10.377589,9.835646,,,,,,,,,,,,,,,,,,,,,,,,,,,,,,,,,,,,,,,,,,,,,,Two,,,,,,,,,,,,,,,,,,,,,,,,,,,,,,0,16,Winter,,2022-02-17,26,-0.333333333
Balanced,Balanced_Colony03,2022-03-15,3Rep3,4,Reward,Reward,Reward,Reward,Previsited,Previsited,Previsited,Reward,Reward,Previsited,Previsited,Previsited,Previsited,Reward,Previsited,Reward,,,,,,,,,,,,,,,,,,,,,,,,,,,,,,,,,,,,,,,,,,,,,,Three,,,,,,,,,,,,,,,,,,,,,,,,,,,,,,,,Winter,,2022-02-17,26,-0.333333333
Balanced,Balanced_Colony03,2022-03-15,3Rep3,4,,L3,R2,L3,R3,L3,R3,O4,R3,L3,R3,L3,R2,L3,R3,O4,,,,,,,,,,,,,,,,,,,,,,,,,,,,,,,,,,,,,,,,,,,,,,Four,,,,,,,,,,,,,,,,,,,,,,,,,,,,,,,,Winter,,2022-02-17,26,-0.333333333
Balanced,Balanced_Colony03,2022-03-15,3Rep3,5,4,2,7,5,2,2,7,4,2,7,2,7,4,4,2,7,4,1,5,2,7,3,7,4,1,6,3,8,,,,,,,,,,,,,,,,,,,,,,,,,,,,,,,,,8,One,28,2,8,18,0,0,1,0,4,17,3,2,0,4,18,0,0.1481481481,0.6666666667,0.1111111111,0.0740740741,5,2,1,21,22,0.0952380952,0.9545454545,0.4545454545,0.4545454545,,,Winter,,2022-02-17,26,-0.333333333
Balanced,Balanced_Colony03,2022-03-15,3Rep3,5,10.190989,10.692922,11.046434,10.190549,10.085821,10.123534,9.732426,10.58403,10.185862,9.635466,10.101579,9.893661,10.171423,9.633867,10.387558,9.638378,9.603226,10.72732,10.764451,9.640562,10.528838,10.19382,11.351451,9.872814,10.886336,10.132252,11.382456,10.151511,,,,,,,,,,,,,,,,,,,,,,,,,,,,,,,,,,Two,,,,,,,,,,,,,,,,,,,,,,,,,,,,,,0,28,Winter,,2022-02-17,26,-0.333333333
Balanced,Balanced_Colony03,2022-03-15,3Rep3,5,Reward,Reward,Reward,Reward,Previsited,Same,Previsited,Previsited,Previsited,Previsited,Previsited,Previsited,Previsited,Same,Previsited,Previsited,Previsited,Reward,Previsited,Previsited,Previsited,Reward,Previsited,Previsited,Previsited,Reward,Previsited,Reward,,,,,,,,,,,,,,,,,,,,,,,,,,,,,,,,,,Three,,,,,,,,,,,,,,,,,,,,,,,,,,,,,,,,Winter,,2022-02-17,26,-0.333333333
Balanced,Balanced_Colony03,2022-03-15,3Rep3,5,,R2,R3,R2,R3,S0,R3,R3,R2,R3,L3,R3,R3,S0,R2,R3,R3,R3,O4,R3,R3,O4,O4,R3,R3,R3,R3,R3,,,,,,,,,,,,,,,,,,,,,,,,,,,,,,,,,,Four,,,,,,,,,,,,,,,,,,,,,,,,,,,,,,,,Winter,,2022-02-17,26,-0.333333333
Balanced,Balanced_Colony03,2022-03-15,3Rep3,6,1,7,2,7,1,6,3,7,4,1,7,2,1,5,2,7,3,7,4,7,4,2,7,4,1,6,3,8,,,,,,,,,,,,,,,,,,,,,,,,,,,,,,,,,8,One,28,0,8,20,0,1,3,1,3,15,4,0,1,4,18,0.037037037,0.1481481481,0.6666666667,0.1481481481,0,4,8,4,19,23,0.3636363636,0.8260869565,0.3260869565,0.3260869565,,,Winter,,2022-02-17,26,-0.333333333
Balanced,Balanced_Colony03,2022-03-15,3Rep3,6,4.714382,10.212867,9.575988,9.84458,11.479654,10.86673,9.647535,9.954785,10.17125,9.856453,10.409003,9.322001,9.238741,10.765465,9.971337,11.239766,10.931329,10.039854,11.25474,10.553986,9.914189,9.759726,9.889562,9.916234,10.351409,10.487081,9.480738,10.335428,,,,,,,,,,,,,,,,,,,,,,,,,,,,,,,,,,Two,,,,,,,,,,,,,,,,,,,,,,,,,,,,,,1,27,Winter,,2022-02-17,26,-0.333333333
Balanced,Balanced_Colony03,2022-03-15,3Rep3,6,Reward,Reward,Reward,Previsited,Previsited,Reward,Reward,Previsited,Reward,Previsited,Previsited,Previsited,Previsited,Reward,Previsited,Previsited,Previsited,Previsited,Previsited,Previsited,Previsited,Previsited,Previsited,Previsited,Previsited,Previsited,Previsited,Reward,,,,,,,,,,,,,,,,,,,,,,,,,,,,,,,,,,Three,,,,,,,,,,,,,,,,,,,,,,,,,,,,,,,,Winter,,2022-02-17,26,-0.333333333
Balanced,Balanced_Colony03,2022-03-15,3Rep3,6,,R2,L3,R3,L2,R3,R3,O4,R3,R3,R2,L3,R1,O4,R3,R3,O4,O4,R3,L3,R3,R2,R3,R3,R3,R3,R3,R3,,,,,,,,,,,,,,,,,,,,,,,,,,,,,,,,,,Four,,,,,,,,,,,,,,,,,,,,,,,,,,,,,,,,Winter,,2022-02-17,26,-0.333333333
Balanced,Balanced_Colony03,2022-03-15,3Rep3,7,8,8,7,4,1,7,2,8,5,3,8,5,1,7,6,,,,,,,,,,,,,,,,,,,,,,,,,,,,,,,,,,,,,,,,,,,,,,8,One,15,1,8,6,0,0,1,2,4,5,1,1,2,4,6,0.1428571429,0.2857142857,0.4285714286,0.0714285714,0.0714285714,2,2,1,11,12,0.1818181818,0.9166666667,0.4166666667,0.4166666667,,,Winter,,2022-02-17,26,-0.333333333
Balanced,Balanced_Colony03,2022-03-15,3Rep3,7,4.626022,11.153136,11.123595,9.991276,10.667406,9.273173,10.054056,10.09768,10.546762,10.337936,9.952885,9.94099,9.679185,10.184293,10.153066,,,,,,,,,,,,,,,,,,,,,,,,,,,,,,,,,,,,,,,,,,,,,,,Two,,,,,,,,,,,,,,,,,,,,,,,,,,,,,,1,14,Winter,,2022-02-17,26,-0.333333333
Balanced,Balanced_Colony03,2022-03-15,3Rep3,7,Reward,Same,Reward,Reward,Reward,Previsited,Reward,Previsited,Reward,Reward,Previsited,Previsited,Previsited,Previsited,Reward,,,,,,,,,,,,,,,,,,,,,,,,,,,,,,,,,,,,,,,,,,,,,,,Three,,,,,,,,,,,,,,,,,,,,,,,,,,,,,,,,Winter,,2022-02-17,26,-0.333333333
Balanced,Balanced_Colony03,2022-03-15,3Rep3,7,,S0,R1,R3,R3,R2,L3,R2,R3,R2,R3,R3,O4,R2,R1,,,,,,,,,,,,,,,,,,,,,,,,,,,,,,,,,,,,,,,,,,,,,,,Four,,,,,,,,,,,,,,,,,,,,,,,,,,,,,,,,Winter,,2022-02-17,26,-0.333333333
Balanced,Balanced_Colony03,2022-03-15,3Rep3,8,4,1,5,2,8,6,4,1,7,4,1,7,3,,,,,,,,,,,,,,,,,,,,,,,,,,,,,,,,,,,,,,,,,,,,,,,,8,One,13,0,8,5,0,0,0,0,5,5,2,0,0,5,5,0,0.4166666667,0.4166666667,0.1666666667,0,7,0,0,10,10,0,1,0.5,0.5,,,Winter,,2022-02-17,26,-0.333333333
Balanced,Balanced_Colony03,2022-03-15,3Rep3,8,9.72407,11.778882,11.061088,11.432982,10.742337,10.340199,7.465877,8.86807,10.84743,9.955705,10.240028,9.885777,9.759606,,,,,,,,,,,,,,,,,,,,,,,,,,,,,,,,,,,,,,,,,,,,,,,,,Two,,,,,,,,,,,,,,,,,,,,,,,,,,,,,,2,11,Winter,,2022-02-17,26,-0.333333333
Balanced,Balanced_Colony03,2022-03-15,3Rep3,8,Reward,Reward,Reward,Reward,Reward,Reward,Previsited,Previsited,Reward,Previsited,Previsited,Previsited,Reward,,,,,,,,,,,,,,,,,,,,,,,,,,,,,,,,,,,,,,,,,,,,,,,,,Three,,,,,,,,,,,,,,,,,,,,,,,,,,,,,,,,Winter,,2022-02-17,26,-0.333333333
Balanced,Balanced_Colony03,2022-03-15,3Rep3,8,,R3,O4,R3,R2,R2,R2,R3,R2,R3,R3,R2,O4,,,,,,,,,,,,,,,,,,,,,,,,,,,,,,,,,,,,,,,,,,,,,,,,,Four,,,,,,,,,,,,,,,,,,,,,,,,,,,,,,,,Winter,,2022-02-17,26,-0.333333333
Balanced,Balanced_Colony03,2022-03-16,3Rep4,1,6,5,4,2,1,6,4,1,5,8,5,1,6,3,1,8,2,4,3,8,2,4,3,2,3,4,4,3,2,7,,,,,,,,,,,,,,,,,,,,,,,,,,,,,,,8,One,30,1,8,21,2,4,1,9,3,7,2,1,11,7,8,0.3793103448,0.2413793103,0.275862069,0.0689655172,0.0344827586,6,8,7,19,26,0.32,0.7307692308,0.2307692308,0.2307692308,,,Winter,,2022-02-17,27,0.6666666667
Balanced,Balanced_Colony03,2022-03-16,3Rep4,1,10.779417,4.649727,11.498164,11.266736,10.36776,10.343252,10.567534,11.235533,10.881662,11.591466,9.872024,11.466198,10.853322,11.384459,10.134926,11.527387,11.294004,11.480469,11.547155,10.274804,11.392931,11.600039,11.783515,9.913402,10.857919,4.557549,11.375398,11.381274,11.274622,10.223683,,,,,,,,,,,,,,,,,,,,,,,,,,,,,,,,Two,,,,,,,,,,,,,,,,,,,,,,,,,,,,,,2,28,Winter,,2022-02-17,27,0.6666666667
Balanced,Balanced_Colony03,2022-03-16,3Rep4,1,Reward,Reward,Reward,Reward,Reward,Previsited,Previsited,Previsited,Previsited,Reward,Previsited,Previsited,Previsited,Reward,Previsited,Previsited,Previsited,Previsited,Previsited,Previsited,Previsited,Previsited,Previsited,Previsited,Previsited,Previsited,Same,Previsited,Previsited,Reward,,,,,,,,,,,,,,,,,,,,,,,,,,,,,,,,Three,,,,,,,,,,,,,,,,,,,,,,,,,,,,,,,,Winter,,2022-02-17,27,0.6666666667
Balanced,Balanced_Colony03,2022-03-16,3Rep4,1,,R1,R1,R2,R1,R3,R2,R3,O4,L3,R3,O4,R3,R3,R2,R1,L2,L2,R1,R3,L2,L2,R1,R1,L1,L1,S0,R1,R1,R3,,,,,,,,,,,,,,,,,,,,,,,,,,,,,,,,Four,,,,,,,,,,,,,,,,,,,,,,,,,,,,,,,,Winter,,2022-02-17,27,0.6666666667
Balanced,Balanced_Colony03,2022-03-16,3Rep4,2,8,6,3,7,1,8,6,4,2,8,4,1,4,2,2,1,5,,,,,,,,,,,,,,,,,,,,,,,,,,,,,,,,,,,,,,,,,,,,8,One,17,1,8,8,0,1,1,2,6,2,3,1,2,7,3,0.125,0.4375,0.1875,0.1875,0.0625,6,4,2,10,12,0.3636363636,0.8333333333,0.3333333333,0.3333333333,,,Winter,,2022-02-17,27,0.6666666667
Balanced,Balanced_Colony03,2022-03-16,3Rep4,2,5.563401,10.566482,11.532561,11.058268,10.262523,11.10044,9.507039,11.531952,11.155023,10.605666,10.644193,10.199115,11.415681,10.271484,11.156159,10.659802,10.079538,,,,,,,,,,,,,,,,,,,,,,,,,,,,,,,,,,,,,,,,,,,,,Two,,,,,,,,,,,,,,,,,,,,,,,,,,,,,,1,16,Winter,,2022-02-17,27,0.6666666667
Balanced,Balanced_Colony03,2022-03-16,3Rep4,2,Reward,Reward,Reward,Reward,Reward,Previsited,Previsited,Reward,Reward,Previsited,Previsited,Previsited,Previsited,Previsited,Same,Previsited,Reward,,,,,,,,,,,,,,,,,,,,,,,,,,,,,,,,,,,,,,,,,,,,,Three,,,,,,,,,,,,,,,,,,,,,,,,,,,,,,,,Winter,,2022-02-17,27,0.6666666667
Balanced,Balanced_Colony03,2022-03-16,3Rep4,2,,R2,R3,O4,L2,R1,R2,R2,R2,R2,O4,R3,L3,R2,S0,R1,O4,,,,,,,,,,,,,,,,,,,,,,,,,,,,,,,,,,,,,,,,,,,,,Four,,,,,,,,,,,,,,,,,,,,,,,,,,,,,,,,Winter,,2022-02-17,27,0.6666666667
Balanced,Balanced_Colony03,2022-03-16,3Rep4,3,6,2,1,5,8,7,6,1,4,7,4,8,4,1,5,8,5,8,6,5,4,1,8,7,2,6,7,3,,,,,,,,,,,,,,,,,,,,,,,,,,,,,,,,,8,One,28,0,8,20,1,0,7,7,1,4,7,0,8,1,11,0.2962962963,0.037037037,0.4074074074,0.2592592593,0,7,9,8,12,20,0.4736842105,0.6,0.1,0.1,,,Winter,,2022-02-17,27,0.6666666667
Balanced,Balanced_Colony03,2022-03-16,3Rep4,3,9.793342,10.501216,10.723958,9.920223,10.213,10.337936,10.197491,11.414008,10.663514,10.867268,10.708879,10.938602,10.715284,8.76791,11.308906,10.666219,11.312318,9.544037,9.785078,9.568902,10.380969,10.610829,10.188101,11.323048,11.610268,8.004473,10.84822,9.886053,,,,,,,,,,,,,,,,,,,,,,,,,,,,,,,,,,Two,,,,,,,,,,,,,,,,,,,,,,,,,,,,,,2,26,Winter,,2022-02-17,27,0.6666666667
Balanced,Balanced_Colony03,2022-03-16,3Rep4,3,Reward,Reward,Reward,Reward,Reward,Reward,Previsited,Previsited,Reward,Previsited,Previsited,Previsited,Previsited,Previsited,Previsited,Previsited,Previsited,Previsited,Previsited,Previsited,Previsited,Previsited,Previsited,Previsited,Previsited,Previsited,Previsited,Reward,,,,,,,,,,,,,,,,,,,,,,,,,,,,,,,,,,Three,,,,,,,,,,,,,,,,,,,,,,,,,,,,,,,,Winter,,2022-02-17,27,0.6666666667
Balanced,Balanced_Colony03,2022-03-16,3Rep4,3,,O4,R1,O4,L3,R1,R1,L3,L3,L3,R3,O4,O4,R3,O4,L3,R3,L3,R2,R1,R1,R3,R1,R1,L3,O4,L1,O4,,,,,,,,,,,,,,,,,,,,,,,,,,,,,,,,,,Four,,,,,,,,,,,,,,,,,,,,,,,,,,,,,,,,Winter,,2022-02-17,27,0.6666666667
Balanced,Balanced_Colony03,2022-03-16,3Rep4,4,5,4,3,1,8,6,4,1,7,5,3,4,7,4,3,2,2,,,,,,,,,,,,,,,,,,,,,,,,,,,,,,,,,,,,,,,,,,,,8,One,17,1,8,8,1,0,1,5,6,2,0,1,6,6,3,0.375,0.375,0.1875,0,0.0625,7,2,2,13,15,0.1428571429,0.8666666667,0.3666666667,0.3666666667,,,Winter,,2022-02-17,27,0.6666666667
Balanced,Balanced_Colony03,2022-03-16,3Rep4,4,10.207235,10.978819,10.087193,9.78715,10.380669,11.710237,9.484849,10.443291,10.673526,10.05295,10.960552,9.300753,10.762351,9.604849,11.287737,4.512849,10.002975,,,,,,,,,,,,,,,,,,,,,,,,,,,,,,,,,,,,,,,,,,,,,Two,,,,,,,,,,,,,,,,,,,,,,,,,,,,,,1,16,Winter,,2022-02-17,27,0.6666666667
Balanced,Balanced_Colony03,2022-03-16,3Rep4,4,Reward,Reward,Reward,Reward,Reward,Reward,Previsited,Previsited,Reward,Previsited,Previsited,Previsited,Previsited,Previsited,Previsited,Reward,Same,,,,,,,,,,,,,,,,,,,,,,,,,,,,,,,,,,,,,,,,,,,,,Three,,,,,,,,,,,,,,,,,,,,,,,,,,,,,,,,Winter,,2022-02-17,27,0.6666666667
Balanced,Balanced_Colony03,2022-03-16,3Rep4,4,,R1,R1,R2,R1,R2,R2,R3,R2,R2,R2,L1,L3,R3,R1,R1,S0,,,,,,,,,,,,,,,,,,,,,,,,,,,,,,,,,,,,,,,,,,,,,Four,,,,,,,,,,,,,,,,,,,,,,,,,,,,,,,,Winter,,2022-02-17,27,0.6666666667
Balanced,Balanced_Colony03,2022-03-16,3Rep4,5,6,1,4,5,8,6,5,3,2,1,5,5,3,2,7,,,,,,,,,,,,,,,,,,,,,,,,,,,,,,,,,,,,,,,,,,,,,,8,One,15,1,8,6,1,0,3,4,3,1,1,1,5,3,4,0.3571428571,0.2142857143,0.2857142857,0.0714285714,0.0714285714,6,1,4,8,12,0.0909090909,0.6666666667,0.1666666667,0.1666666667,,,Winter,,2022-02-17,27,0.6666666667
Balanced,Balanced_Colony03,2022-03-16,3Rep4,5,10.146306,10.4991,11.215234,10.362927,11.255848,10.030355,11.224442,11.015192,11.157469,10.545875,9.350375,4.47581,11.305596,11.812643,9.958916,,,,,,,,,,,,,,,,,,,,,,,,,,,,,,,,,,,,,,,,,,,,,,,Two,,,,,,,,,,,,,,,,,,,,,,,,,,,,,,1,14,Winter,,2022-02-17,27,0.6666666667
Balanced,Balanced_Colony03,2022-03-16,3Rep4,5,Reward,Reward,Reward,Reward,Reward,Previsited,Previsited,Reward,Reward,Previsited,Previsited,Same,Previsited,Previsited,Reward,,,,,,,,,,,,,,,,,,,,,,,,,,,,,,,,,,,,,,,,,,,,,,,Three,,,,,,,,,,,,,,,,,,,,,,,,,,,,,,,,Winter,,2022-02-17,27,0.6666666667
Balanced,Balanced_Colony03,2022-03-16,3Rep4,5,,L3,L3,L1,L3,R2,R1,R2,R1,R1,O4,S0,R2,R1,R3,,,,,,,,,,,,,,,,,,,,,,,,,,,,,,,,,,,,,,,,,,,,,,,Four,,,,,,,,,,,,,,,,,,,,,,,,,,,,,,,,Winter,,2022-02-17,27,0.6666666667
Balanced,Balanced_Colony03,2022-03-16,3Rep4,6,8,8,8,8,5,4,1,7,6,5,1,6,1,8,6,3,1,2,,,,,,,,,,,,,,,,,,,,,,,,,,,,,,,,,,,,,,,,,,,8,One,18,3,8,7,1,0,1,4,3,4,1,3,5,3,5,0.2941176471,0.1764705882,0.2941176471,0.0588235294,0.1764705882,2,3,2,11,13,0.25,0.8461538462,0.3461538462,0.3461538462,,,Winter,,2022-02-17,27,0.6666666667
Balanced,Balanced_Colony03,2022-03-16,3Rep4,6,4.372446,9.303477,4.369994,10.386394,9.636072,11.138095,10.600886,10.468626,10.613456,9.7893,9.913068,10.313528,11.674043,10.235344,10.560264,11.051656,6.799413,10.197491,,,,,,,,,,,,,,,,,,,,,,,,,,,,,,,,,,,,,,,,,,,,Two,,,,,,,,,,,,,,,,,,,,,,,,,,,,,,3,15,Winter,,2022-02-17,27,0.6666666667
Balanced,Balanced_Colony03,2022-03-16,3Rep4,6,Reward,Same,Same,Same,Reward,Reward,Reward,Reward,Reward,Previsited,Previsited,Previsited,Previsited,Previsited,Previsited,Reward,Previsited,Reward,,,,,,,,,,,,,,,,,,,,,,,,,,,,,,,,,,,,,,,,,,,,Three,,,,,,,,,,,,,,,,,,,,,,,,,,,,,,,,Winter,,2022-02-17,27,0.6666666667
Balanced,Balanced_Colony03,2022-03-16,3Rep4,6,,S0,S0,S0,R3,R1,R3,R2,R1,R1,O4,R3,L3,R1,R2,R3,R2,L1,,,,,,,,,,,,,,,,,,,,,,,,,,,,,,,,,,,,,,,,,,,,Four,,,,,,,,,,,,,,,,,,,,,,,,,,,,,,,,Winter,,2022-02-17,27,0.6666666667
Balanced,Balanced_Colony03,2022-03-16,3Rep4,7,8,7,6,5,4,2,7,6,4,3,8,5,3,7,6,3,7,3,2,1,,,,,,,,,,,,,,,,,,,,,,,,,,,,,,,,,,,,,,,,,8,One,20,0,8,12,0,0,0,9,3,4,3,0,9,3,4,0.4736842105,0.1578947368,0.2105263158,0.1578947368,0,7,0,0,16,16,0,1,0.5,0.5,,,Winter,,2022-02-17,27,0.6666666667
Balanced,Balanced_Colony03,2022-03-16,3Rep4,7,5.955554,10.425769,10.326976,11.25661,11.215025,10.898076,10.043212,8.76691,10.401454,11.455159,11.020499,10.373531,11.378431,8.50939,10.232602,11.323203,9.736651,11.466946,10.583588,10.077507,,,,,,,,,,,,,,,,,,,,,,,,,,,,,,,,,,,,,,,,,,Two,,,,,,,,,,,,,,,,,,,,,,,,,,,,,,3,17,Winter,,2022-02-17,27,0.6666666667
Balanced,Balanced_Colony03,2022-03-16,3Rep4,7,Reward,Reward,Reward,Reward,Reward,Reward,Previsited,Previsited,Previsited,Reward,Previsited,Previsited,Previsited,Previsited,Previsited,Previsited,Previsited,Previsited,Previsited,Reward,,,,,,,,,,,,,,,,,,,,,,,,,,,,,,,,,,,,,,,,,,Three,,,,,,,,,,,,,,,,,,,,,,,,,,,,,,,,Winter,,2022-02-17,27,0.6666666667
Balanced,Balanced_Colony03,2022-03-16,3Rep4,7,,R1,R1,R1,R1,R2,R3,R1,R2,R1,R3,R3,R2,O4,R1,R3,O4,O4,R1,R1,,,,,,,,,,,,,,,,,,,,,,,,,,,,,,,,,,,,,,,,,,Four,,,,,,,,,,,,,,,,,,,,,,,,,,,,,,,,Winter,,2022-02-17,27,0.6666666667
Balanced,Balanced_Colony03,2022-03-16,3Rep4,8,7,6,5,3,8,6,4,2,7,2,4,1,,,,,,,,,,,,,,,,,,,,,,,,,,,,,,,,,,,,,,,,,,,,,,,,,8,One,12,0,8,4,0,1,1,2,4,3,0,0,2,5,4,0.1818181818,0.4545454545,0.3636363636,0,0,6,2,2,9,11,0.2,0.8181818182,0.3181818182,0.3181818182,,,Winter,,2022-02-17,27,0.6666666667
Balanced,Balanced_Colony03,2022-03-16,3Rep4,8,10.226313,10.893335,10.839358,10.289402,10.97763,9.952259,10.021742,11.185038,8.349205,10.199249,10.209049,10.348622,,,,,,,,,,,,,,,,,,,,,,,,,,,,,,,,,,,,,,,,,,,,,,,,,,Two,,,,,,,,,,,,,,,,,,,,,,,,,,,,,,1,11,Winter,,2022-02-17,27,0.6666666667
Balanced,Balanced_Colony03,2022-03-16,3Rep4,8,Reward,Reward,Reward,Reward,Reward,Previsited,Reward,Reward,Previsited,Previsited,Previsited,Reward,,,,,,,,,,,,,,,,,,,,,,,,,,,,,,,,,,,,,,,,,,,,,,,,,,Three,,,,,,,,,,,,,,,,,,,,,,,,,,,,,,,,Winter,,2022-02-17,27,0.6666666667
Balanced,Balanced_Colony03,2022-03-16,3Rep4,8,,R1,R1,R2,R3,R2,R2,R2,R3,L3,L2,R3,,,,,,,,,,,,,,,,,,,,,,,,,,,,,,,,,,,,,,,,,,,,,,,,,,Four,,,,,,,,,,,,,,,,,,,,,,,,,,,,,,,,Winter,,2022-02-17,27,0.6666666667
Balanced,Balanced_Colony03,2022-03-17,3Rep5,1,7,2,6,1,3,2,5,6,8,4,,,,,,,,,,,,,,,,,,,,,,,,,,,,,,,,,,,,,,,,,,,,,,,,,,,8,One,10,0,8,2,1,2,3,1,0,0,2,0,2,2,3,0.2222222222,0.2222222222,0.3333333333,0.2222222222,0,6,2,6,1,7,0.3333333333,0.1428571429,-0.357142857,0.3571428571,,,Winter,,2022-02-17,28,1.6666666667
Balanced,Balanced_Colony03,2022-03-17,3Rep5,1,10.441462,9.915663,10.590492,10.653126,10.961335,11.407568,11.407636,10.968819,11.305596,10.193762,,,,,,,,,,,,,,,,,,,,,,,,,,,,,,,,,,,,,,,,,,,,,,,,,,,,Two,,,,,,,,,,,,,,,,,,,,,,,,,,,,,,0,10,Winter,,2022-02-17,28,1.6666666667
Balanced,Balanced_Colony03,2022-03-17,3Rep5,1,Reward,Reward,Reward,Reward,Reward,Previsited,Reward,Previsited,Reward,Reward,,,,,,,,,,,,,,,,,,,,,,,,,,,,,,,,,,,,,,,,,,,,,,,,,,,,Three,,,,,,,,,,,,,,,,,,,,,,,,,,,,,,,,Winter,,2022-02-17,28,1.6666666667
Balanced,Balanced_Colony03,2022-03-17,3Rep5,1,,L3,O4,L3,L2,R1,L3,L1,L2,O4,,,,,,,,,,,,,,,,,,,,,,,,,,,,,,,,,,,,,,,,,,,,,,,,,,,,Four,,,,,,,,,,,,,,,,,,,,,,,,,,,,,,,,Winter,,2022-02-17,28,1.6666666667
Balanced,Balanced_Colony03,2022-03-17,3Rep5,2,1,3,7,3,7,1,8,1,7,3,8,2,1,3,7,1,6,8,5,7,6,4,,,,,,,,,,,,,,,,,,,,,,,,,,,,,,,,,,,,,,,8,One,22,0,8,14,1,7,0,3,2,3,5,0,4,9,3,0.1904761905,0.4285714286,0.1428571429,0.2380952381,0,4,11,8,8,16,0.7333333333,0.5,0,0,,,Winter,,2022-02-17,28,1.6666666667
Balanced,Balanced_Colony03,2022-03-17,3Rep5,2,9.930691,11.477089,11.645154,11.392777,10.179143,11.270022,10.722503,9.469279,9.941618,9.977356,10.761988,11.321275,9.401622,9.653756,9.766015,9.187095,11.456742,11.711835,11.624614,9.621861,11.491992,9.933144,,,,,,,,,,,,,,,,,,,,,,,,,,,,,,,,,,,,,,,,Two,,,,,,,,,,,,,,,,,,,,,,,,,,,,,,0,22,Winter,,2022-02-17,28,1.6666666667
Balanced,Balanced_Colony03,2022-03-17,3Rep5,2,Reward,Reward,Reward,Previsited,Previsited,Previsited,Reward,Previsited,Previsited,Previsited,Previsited,Reward,Previsited,Previsited,Previsited,Previsited,Reward,Previsited,Reward,Previsited,Previsited,Reward,,,,,,,,,,,,,,,,,,,,,,,,,,,,,,,,,,,,,,,,Three,,,,,,,,,,,,,,,,,,,,,,,,,,,,,,,,Winter,,2022-02-17,28,1.6666666667
Balanced,Balanced_Colony03,2022-03-17,3Rep5,2,,L2,O4,O4,O4,L2,R1,L1,R2,O4,R3,L2,R1,L2,O4,L2,R3,L2,R3,L2,R1,R2,,,,,,,,,,,,,,,,,,,,,,,,,,,,,,,,,,,,,,,,Four,,,,,,,,,,,,,,,,,,,,,,,,,,,,,,,,Winter,,2022-02-17,28,1.6666666667
Balanced,Balanced_Colony03,2022-03-17,3Rep5,3,7,1,5,1,5,4,2,6,4,8,2,1,7,6,6,5,8,6,3,,,,,,,,,,,,,,,,,,,,,,,,,,,,,,,,,,,,,,,,,,8,One,19,1,8,10,0,2,1,4,4,1,5,1,4,6,2,0.2222222222,0.3333333333,0.1111111111,0.2777777778,0.0555555556,4,5,3,9,12,0.4545454545,0.75,0.25,0.25,,,Winter,,2022-02-17,28,1.6666666667
Balanced,Balanced_Colony03,2022-03-17,3Rep5,3,11.253891,11.275642,10.657516,9.677634,10.052485,11.394728,11.304837,11.768154,9.715647,11.242349,9.566131,9.846896,9.648586,11.832379,11.231994,11.5897,11.694229,10.032221,9.764419,,,,,,,,,,,,,,,,,,,,,,,,,,,,,,,,,,,,,,,,,,,Two,,,,,,,,,,,,,,,,,,,,,,,,,,,,,,0,19,Winter,,2022-02-17,28,1.6666666667
Balanced,Balanced_Colony03,2022-03-17,3Rep5,3,Reward,Reward,Reward,Previsited,Previsited,Reward,Reward,Reward,Previsited,Reward,Previsited,Previsited,Previsited,Previsited,Same,Previsited,Previsited,Previsited,Reward,,,,,,,,,,,,,,,,,,,,,,,,,,,,,,,,,,,,,,,,,,,Three,,,,,,,,,,,,,,,,,,,,,,,,,,,,,,,,Winter,,2022-02-17,28,1.6666666667
Balanced,Balanced_Colony03,2022-03-17,3Rep5,3,,L2,O4,O4,O4,R1,R2,O4,R2,O4,L2,R1,R2,R1,S0,R1,L3,R2,R3,,,,,,,,,,,,,,,,,,,,,,,,,,,,,,,,,,,,,,,,,,,Four,,,,,,,,,,,,,,,,,,,,,,,,,,,,,,,,Winter,,2022-02-17,28,1.6666666667
Balanced,Balanced_Colony03,2022-03-17,3Rep5,4,7,2,4,8,3,8,3,7,6,8,6,3,4,1,3,7,5,,,,,,,,,,,,,,,,,,,,,,,,,,,,,,,,,,,,,,,,,,,,8,One,17,0,8,9,1,3,3,1,2,3,3,0,2,5,6,0.125,0.3125,0.375,0.1875,0,6,9,7,6,13,0.75,0.4615384615,-0.038461538,0.0384615385,,,Winter,,2022-02-17,28,1.6666666667
Balanced,Balanced_Colony03,2022-03-17,3Rep5,4,11.61235,11.587833,10.146517,11.735644,11.218362,10.504613,10.967095,10.994237,11.348892,9.443224,9.737492,11.237199,9.914012,11.785831,9.491095,10.030977,9.619531,,,,,,,,,,,,,,,,,,,,,,,,,,,,,,,,,,,,,,,,,,,,,Two,,,,,,,,,,,,,,,,,,,,,,,,,,,,,,0,17,Winter,,2022-02-17,28,1.6666666667
Balanced,Balanced_Colony03,2022-03-17,3Rep5,4,Reward,Reward,Reward,Reward,Reward,Previsited,Previsited,Previsited,Reward,Previsited,Previsited,Previsited,Previsited,Reward,Previsited,Previsited,Reward,,,,,,,,,,,,,,,,,,,,,,,,,,,,,,,,,,,,,,,,,,,,,Three,,,,,,,,,,,,,,,,,,,,,,,,,,,,,,,,Winter,,2022-02-17,28,1.6666666667
Balanced,Balanced_Colony03,2022-03-17,3Rep5,4,,L3,L2,O4,L3,R3,L3,O4,R1,L2,R2,R3,L1,R3,L2,O4,R2,,,,,,,,,,,,,,,,,,,,,,,,,,,,,,,,,,,,,,,,,,,,,Four,,,,,,,,,,,,,,,,,,,,,,,,,,,,,,,,Winter,,2022-02-17,28,1.6666666667
Balanced,Balanced_Colony03,2022-03-17,3Rep5,5,7,5,7,2,5,7,2,5,8,1,3,5,1,4,1,3,5,6,,,,,,,,,,,,,,,,,,,,,,,,,,,,,,,,,,,,,,,,,,,8,One,18,0,8,10,2,6,6,0,1,1,1,0,2,7,7,0.1176470588,0.4117647059,0.4117647059,0.0588235294,0,3,3,14,2,16,0.2,0.125,-0.375,0.375,,,Winter,,2022-02-17,28,1.6666666667
Balanced,Balanced_Colony03,2022-03-17,3Rep5,5,11.065493,11.525493,7.875563,11.307613,10.810835,11.687243,9.679829,9.959777,11.017527,11.275642,11.378756,9.196256,9.787867,11.15864,10.648349,11.275296,11.330069,10.022695,,,,,,,,,,,,,,,,,,,,,,,,,,,,,,,,,,,,,,,,,,,,Two,,,,,,,,,,,,,,,,,,,,,,,,,,,,,,1,17,Winter,,2022-02-17,28,1.6666666667
Balanced,Balanced_Colony03,2022-03-17,3Rep5,5,Reward,Reward,Previsited,Reward,Previsited,Previsited,Previsited,Previsited,Reward,Reward,Reward,Previsited,Previsited,Reward,Previsited,Previsited,Previsited,Reward,,,,,,,,,,,,,,,,,,,,,,,,,,,,,,,,,,,,,,,,,,,,Three,,,,,,,,,,,,,,,,,,,,,,,,,,,,,,,,Winter,,2022-02-17,28,1.6666666667
Balanced,Balanced_Colony03,2022-03-17,3Rep5,5,,R2,L2,L3,L3,L2,L3,L3,L3,L1,L2,L2,O4,L3,R3,L2,L2,L1,,,,,,,,,,,,,,,,,,,,,,,,,,,,,,,,,,,,,,,,,,,,Four,,,,,,,,,,,,,,,,,,,,,,,,,,,,,,,,Winter,,2022-02-17,28,1.6666666667
Balanced,Balanced_Colony03,2022-03-17,3Rep5,6,7,1,3,5,6,8,2,5,7,1,1,1,1,3,6,8,3,6,1,5,8,3,6,1,5,8,5,1,6,1,6,8,4,,,,,,,,,,,,,,,,,,,,,,,,,,,,8,One,33,3,8,22,1,10,11,0,0,3,4,3,1,10,14,0.03125,0.3125,0.4375,0.125,0.09375,8,4,22,3,25,0.1666666667,0.12,-0.38,0.38,,,Winter,,2022-02-17,28,1.6666666667
Balanced,Balanced_Colony03,2022-03-17,3Rep5,6,10.505374,10.953881,10.866515,10.471773,10.290671,10.555187,10.842846,9.609617,7.92518,11.040503,4.356054,4.429141,9.978079,10.021198,10.939404,10.9992,9.599592,9.900751,10.138368,9.558894,10.846046,11.375809,9.98425,10.379373,9.699523,10.974557,9.687699,10.316249,10.070464,10.320405,9.739893,10.978304,9.764518,,,,,,,,,,,,,,,,,,,,,,,,,,,,,Two,,,,,,,,,,,,,,,,,,,,,,,,,,,,,,3,30,Winter,,2022-02-17,28,1.6666666667
Balanced,Balanced_Colony03,2022-03-17,3Rep5,6,Reward,Reward,Reward,Reward,Reward,Reward,Reward,Previsited,Previsited,Previsited,Same,Same,Same,Previsited,Previsited,Previsited,Previsited,Previsited,Previsited,Previsited,Previsited,Previsited,Previsited,Previsited,Previsited,Previsited,Previsited,Previsited,Previsited,Previsited,Previsited,Previsited,Reward,,,,,,,,,,,,,,,,,,,,,,,,,,,,,Three,,,,,,,,,,,,,,,,,,,,,,,,,,,,,,,,Winter,,2022-02-17,28,1.6666666667
Balanced,Balanced_Colony03,2022-03-17,3Rep5,6,,L2,L2,L2,L1,L2,L2,L3,L2,L2,S0,S0,S0,L2,L3,L2,L3,L3,L3,O4,L3,L3,L3,L3,O4,L3,R3,O4,R3,L3,R3,L2,O4,,,,,,,,,,,,,,,,,,,,,,,,,,,,,Four,,,,,,,,,,,,,,,,,,,,,,,,,,,,,,,,Winter,,2022-02-17,28,1.6666666667
Balanced,Balanced_Colony03,2022-03-17,3Rep5,7,7,3,5,3,1,6,2,6,5,2,4,1,6,4,5,6,1,3,7,8,,,,,,,,,,,,,,,,,,,,,,,,,,,,,,,,,,,,,,,,,8,One,20,0,8,12,3,3,1,1,3,4,4,0,4,6,5,0.2105263158,0.3157894737,0.2631578947,0.2105263158,0,4,4,7,8,15,0.2857142857,0.5333333333,0.0333333333,0.0333333333,,,Winter,,2022-02-17,28,1.6666666667
Balanced,Balanced_Colony03,2022-03-17,3Rep5,7,10.906569,10.373681,10.912572,7.788629,10.462145,11.150689,11.195838,9.959933,9.94099,9.42529,11.498791,9.872814,9.962575,10.138311,11.122263,10.831317,10.419859,9.579631,10.360839,10.300762,,,,,,,,,,,,,,,,,,,,,,,,,,,,,,,,,,,,,,,,,,Two,,,,,,,,,,,,,,,,,,,,,,,,,,,,,,1,19,Winter,,2022-02-17,28,1.6666666667
Balanced,Balanced_Colony03,2022-03-17,3Rep5,7,Reward,Reward,Reward,Previsited,Reward,Reward,Reward,Previsited,Previsited,Previsited,Reward,Previsited,Previsited,Previsited,Previsited,Previsited,Previsited,Previsited,Previsited,Reward,,,,,,,,,,,,,,,,,,,,,,,,,,,,,,,,,,,,,,,,,,Three,,,,,,,,,,,,,,,,,,,,,,,,,,,,,,,,Winter,,2022-02-17,28,1.6666666667
Balanced,Balanced_Colony03,2022-03-17,3Rep5,7,,O4,L2,R2,R2,R3,O4,O4,R1,R3,L2,R3,R3,R2,L1,L1,L3,L2,O4,L1,,,,,,,,,,,,,,,,,,,,,,,,,,,,,,,,,,,,,,,,,,Four,,,,,,,,,,,,,,,,,,,,,,,,,,,,,,,,Winter,,2022-02-17,28,1.6666666667
Balanced,Balanced_Colony03,2022-03-17,3Rep5,8,7,8,2,4,4,5,3,7,5,1,5,6,,,,,,,,,,,,,,,,,,,,,,,,,,,,,,,,,,,,,,,,,,,,,,,,,8,One,12,1,8,3,3,2,0,0,2,0,3,1,3,4,0,0.2727272727,0.3636363636,0,0.2727272727,0.0909090909,5,2,5,2,7,0.3333333333,0.2857142857,-0.214285714,0.2142857143,,,Winter,,2022-02-17,28,1.6666666667
Balanced,Balanced_Colony03,2022-03-17,3Rep5,8,11.680419,11.274812,11.275296,10.352294,10.801203,10.264726,11.504621,5.427442,9.39988,11.672156,9.78715,9.996347,,,,,,,,,,,,,,,,,,,,,,,,,,,,,,,,,,,,,,,,,,,,,,,,,,Two,,,,,,,,,,,,,,,,,,,,,,,,,,,,,,1,11,Winter,,2022-02-17,28,1.6666666667
Balanced,Balanced_Colony03,2022-03-17,3Rep5,8,Reward,Reward,Reward,Reward,Same,Reward,Reward,Previsited,Previsited,Reward,Previsited,Reward,,,,,,,,,,,,,,,,,,,,,,,,,,,,,,,,,,,,,,,,,,,,,,,,,,Three,,,,,,,,,,,,,,,,,,,,,,,,,,,,,,,,Winter,,2022-02-17,28,1.6666666667
Balanced,Balanced_Colony03,2022-03-17,3Rep5,8,,L1,L2,L2,S0,L1,R2,O4,R2,O4,O4,L1,,,,,,,,,,,,,,,,,,,,,,,,,,,,,,,,,,,,,,,,,,,,,,,,,,Four,,,,,,,,,,,,,,,,,,,,,,,,,,,,,,,,Winter,,2022-02-17,28,1.6666666667
Balanced,Balanced_Colony03,2022-03-17,3Rep6,1,7,7,7,1,5,3,5,2,6,4,2,8,,,,,,,,,,,,,,,,,,,,,,,,,,,,,,,,,,,,,,,,,,,,,,,,,8,One,12,2,8,2,0,2,0,0,4,1,2,2,0,6,1,0,0.5454545455,0.0909090909,0.1818181818,0.1818181818,2,3,2,5,7,0.5,0.7142857143,0.2142857143,0.2142857143,,,Winter,,2022-02-17,28,1.6666666667
Balanced,Balanced_Colony03,2022-03-17,3Rep6,1,4.343866,4.570234,11.965464,10.665396,11.687243,10.331712,10.33341,11.096558,11.734315,11.070811,9.822041,10.142002,,,,,,,,,,,,,,,,,,,,,,,,,,,,,,,,,,,,,,,,,,,,,,,,,,Two,,,,,,,,,,,,,,,,,,,,,,,,,,,,,,2,10,Winter,,2022-02-17,28,1.6666666667
Balanced,Balanced_Colony03,2022-03-17,3Rep6,1,Reward,Same,Same,Reward,Reward,Reward,Previsited,Reward,Reward,Reward,Previsited,Reward,,,,,,,,,,,,,,,,,,,,,,,,,,,,,,,,,,,,,,,,,,,,,,,,,,Three,,,,,,,,,,,,,,,,,,,,,,,,,,,,,,,,Winter,,2022-02-17,28,1.6666666667
Balanced,Balanced_Colony03,2022-03-17,3Rep6,1,,S0,S0,L2,O4,R2,L2,R3,O4,R2,R2,R2,,,,,,,,,,,,,,,,,,,,,,,,,,,,,,,,,,,,,,,,,,,,,,,,,,Four,,,,,,,,,,,,,,,,,,,,,,,,,,,,,,,,Winter,,2022-02-17,28,1.6666666667
Balanced,Balanced_Colony03,2022-03-17,3Rep6,2,8,8,8,8,6,4,2,8,2,8,6,3,1,4,2,5,8,6,4,2,8,6,3,1,7,,,,,,,,,,,,,,,,,,,,,,,,,,,,,,,,,,,,8,One,25,3,8,14,0,1,3,0,15,2,0,3,0,16,5,0,0.6666666667,0.2083333333,0,0.125,2,6,4,17,21,0.3,0.8095238095,0.3095238095,0.3095238095,,,Winter,,2022-02-17,28,1.6666666667
Balanced,Balanced_Colony03,2022-03-17,3Rep6,2,4.420728,4.349247,4.445351,11.502842,9.834437,10.684478,11.478159,10.308991,11.444298,10.521967,9.899176,10.562552,11.281501,9.83301,10.174028,10.415368,10.489776,9.799789,9.79153,11.166812,10.063125,11.457405,9.965255,10.585945,9.759946,,,,,,,,,,,,,,,,,,,,,,,,,,,,,,,,,,,,,Two,,,,,,,,,,,,,,,,,,,,,,,,,,,,,,3,22,Winter,,2022-02-17,28,1.6666666667
Balanced,Balanced_Colony03,2022-03-17,3Rep6,2,Reward,Same,Same,Same,Reward,Reward,Reward,Previsited,Previsited,Previsited,Previsited,Reward,Reward,Previsited,Previsited,Reward,Previsited,Previsited,Previsited,Previsited,Previsited,Previsited,Previsited,Previsited,Reward,,,,,,,,,,,,,,,,,,,,,,,,,,,,,,,,,,,,,Three,,,,,,,,,,,,,,,,,,,,,,,,,,,,,,,,Winter,,2022-02-17,28,1.6666666667
Balanced,Balanced_Colony03,2022-03-17,3Rep6,2,,S0,S0,S0,R2,R2,R2,R2,L2,R2,R2,R3,R2,L3,R2,L3,L3,R2,R2,R2,R2,R2,R3,R2,R2,,,,,,,,,,,,,,,,,,,,,,,,,,,,,,,,,,,,,Four,,,,,,,,,,,,,,,,,,,,,,,,,,,,,,,,Winter,,2022-02-17,28,1.6666666667
Balanced,Balanced_Colony03,2022-03-17,3Rep6,3,6,5,3,1,7,5,2,8,6,4,2,8,,,,,,,,,,,,,,,,,,,,,,,,,,,,,,,,,,,,,,,,,,,,,,,,,8,One,12,0,8,4,0,0,0,1,9,1,0,0,1,9,1,0.0909090909,0.8181818182,0.0909090909,0,0,6,0,0,11,11,0,1,0.5,0.5,,,Winter,,2022-02-17,28,1.6666666667
Balanced,Balanced_Colony03,2022-03-17,3Rep6,3,10.366613,10.995212,10.080562,10.323502,10.763872,9.857026,10.105746,10.575794,10.131329,11.297834,11.046063,11.198623,,,,,,,,,,,,,,,,,,,,,,,,,,,,,,,,,,,,,,,,,,,,,,,,,,Two,,,,,,,,,,,,,,,,,,,,,,,,,,,,,,0,12,Winter,,2022-02-17,28,1.6666666667
Balanced,Balanced_Colony03,2022-03-17,3Rep6,3,Reward,Reward,Reward,Reward,Reward,Previsited,Reward,Reward,Previsited,Reward,Previsited,Previsited,,,,,,,,,,,,,,,,,,,,,,,,,,,,,,,,,,,,,,,,,,,,,,,,,,Three,,,,,,,,,,,,,,,,,,,,,,,,,,,,,,,,Winter,,2022-02-17,28,1.6666666667
Balanced,Balanced_Colony03,2022-03-17,3Rep6,3,,R1,R2,R2,R2,R2,R3,R2,R2,R2,R2,R2,,,,,,,,,,,,,,,,,,,,,,,,,,,,,,,,,,,,,,,,,,,,,,,,,,Four,,,,,,,,,,,,,,,,,,,,,,,,,,,,,,,,Winter,,2022-02-17,28,1.6666666667
Balanced,Balanced_Colony03,2022-03-17,3Rep6,4,7,6,5,4,1,6,4,2,1,6,4,2,8,7,4,3,,,,,,,,,,,,,,,,,,,,,,,,,,,,,,,,,,,,,,,,,,,,,8,One,16,0,8,8,0,0,0,6,5,4,0,0,6,5,4,0.4,0.3333333333,0.2666666667,0,0,6,0,0,15,15,0,1,0.5,0.5,,,Winter,,2022-02-17,28,1.6666666667
Balanced,Balanced_Colony03,2022-03-17,3Rep6,4,9.751934,10.796835,10.157903,10.54922,10.417726,9.741334,9.78707,10.662764,9.795431,10.072418,9.98259,11.233607,11.609866,9.465985,10.642581,9.838796,,,,,,,,,,,,,,,,,,,,,,,,,,,,,,,,,,,,,,,,,,,,,,Two,,,,,,,,,,,,,,,,,,,,,,,,,,,,,,0,16,Winter,,2022-02-17,28,1.6666666667
Balanced,Balanced_Colony03,2022-03-17,3Rep6,4,Reward,Reward,Reward,Reward,Reward,Previsited,Previsited,Reward,Previsited,Previsited,Previsited,Previsited,Reward,Previsited,Previsited,Reward,,,,,,,,,,,,,,,,,,,,,,,,,,,,,,,,,,,,,,,,,,,,,,Three,,,,,,,,,,,,,,,,,,,,,,,,,,,,,,,,Winter,,2022-02-17,28,1.6666666667
Balanced,Balanced_Colony03,2022-03-17,3Rep6,4,,R1,R1,R1,R3,R3,R2,R2,R1,R3,R2,R2,R2,R1,R3,R1,,,,,,,,,,,,,,,,,,,,,,,,,,,,,,,,,,,,,,,,,,,,,,Four,,,,,,,,,,,,,,,,,,,,,,,,,,,,,,,,Winter,,2022-02-17,28,1.6666666667
Balanced,Balanced_Colony03,2022-03-17,3Rep6,5,6,6,6,5,4,2,1,8,6,4,2,8,7,6,5,3,,,,,,,,,,,,,,,,,,,,,,,,,,,,,,,,,,,,,,,,,,,,,8,One,16,2,8,6,0,0,0,7,6,0,0,2,7,6,0,0.4666666667,0.4,0,0,0.1333333333,2,0,0,13,13,0,1,0.5,0.5,,,Winter,,2022-02-17,28,1.6666666667
Balanced,Balanced_Colony03,2022-03-17,3Rep6,5,4.450435,4.347634,9.994085,10.758565,9.722386,11.158238,11.408525,11.428463,10.000227,9.904373,11.238083,11.550682,12.004108,8.413094,8.183814,9.65305,,,,,,,,,,,,,,,,,,,,,,,,,,,,,,,,,,,,,,,,,,,,,,Two,,,,,,,,,,,,,,,,,,,,,,,,,,,,,,4,12,Winter,,2022-02-17,28,1.6666666667
Balanced,Balanced_Colony03,2022-03-17,3Rep6,5,Reward,Same,Same,Reward,Reward,Reward,Reward,Reward,Previsited,Previsited,Previsited,Previsited,Reward,Previsited,Previsited,Reward,,,,,,,,,,,,,,,,,,,,,,,,,,,,,,,,,,,,,,,,,,,,,,Three,,,,,,,,,,,,,,,,,,,,,,,,,,,,,,,,Winter,,2022-02-17,28,1.6666666667
Balanced,Balanced_Colony03,2022-03-17,3Rep6,5,,S0,S0,R1,R1,R2,R1,R1,R2,R2,R2,R2,R1,R1,R1,R2,,,,,,,,,,,,,,,,,,,,,,,,,,,,,,,,,,,,,,,,,,,,,,Four,,,,,,,,,,,,,,,,,,,,,,,,,,,,,,,,Winter,,2022-02-17,28,1.6666666667
Balanced,Balanced_Colony03,2022-03-17,3Rep6,6,7,6,4,3,2,1,8,5,,,,,,,,,,,,,,,,,,,,,,,,,,,,,,,,,,,,,,,,,,,,,,,,,,,,,8,One,8,0,8,0,0,0,0,5,1,1,0,0,5,1,1,0.7142857143,0.1428571429,0.1428571429,0,0,8,0,0,7,7,0,1,0.5,0.5,,,Winter,,2022-02-17,28,1.6666666667
Balanced,Balanced_Colony03,2022-03-17,3Rep6,6,11.375826,10.530911,10.791941,11.484543,11.230414,10.269681,9.660962,9.872676,,,,,,,,,,,,,,,,,,,,,,,,,,,,,,,,,,,,,,,,,,,,,,,,,,,,,,Two,,,,,,,,,,,,,,,,,,,,,,,,,,,,,,0,8,Winter,,2022-02-17,28,1.6666666667
Balanced,Balanced_Colony03,2022-03-17,3Rep6,6,Reward,Reward,Reward,Reward,Reward,Reward,Reward,Reward,,,,,,,,,,,,,,,,,,,,,,,,,,,,,,,,,,,,,,,,,,,,,,,,,,,,,,Three,,,,,,,,,,,,,,,,,,,,,,,,,,,,,,,,Winter,,2022-02-17,28,1.6666666667
Balanced,Balanced_Colony03,2022-03-17,3Rep6,6,,R1,R2,R1,R1,R1,R1,R3,,,,,,,,,,,,,,,,,,,,,,,,,,,,,,,,,,,,,,,,,,,,,,,,,,,,,,Four,,,,,,,,,,,,,,,,,,,,,,,,,,,,,,,,Winter,,2022-02-17,28,1.6666666667
Balanced,Balanced_Colony03,2022-03-17,3Rep6,7,7,7,4,3,1,8,7,6,5,4,3,2,,,,,,,,,,,,,,,,,,,,,,,,,,,,,,,,,,,,,,,,,,,,,,,,,8,One,12,1,8,3,0,0,0,8,1,1,0,1,8,1,1,0.7272727273,0.0909090909,0.0909090909,0,0.0909090909,2,0,0,10,10,0,1,0.5,0.5,,,Winter,,2022-02-17,28,1.6666666667
Balanced,Balanced_Colony03,2022-03-17,3Rep6,7,4.454594,11.818994,10.673106,10.12338,9.930278,11.123245,9.78715,11.095891,10.23384,9.122045,9.572242,9.766335,,,,,,,,,,,,,,,,,,,,,,,,,,,,,,,,,,,,,,,,,,,,,,,,,,Two,,,,,,,,,,,,,,,,,,,,,,,,,,,,,,1,11,Winter,,2022-02-17,28,1.6666666667
Balanced,Balanced_Colony03,2022-03-17,3Rep6,7,Reward,Same,Reward,Reward,Reward,Reward,Previsited,Reward,Reward,Previsited,Previsited,Reward,,,,,,,,,,,,,,,,,,,,,,,,,,,,,,,,,,,,,,,,,,,,,,,,,,Three,,,,,,,,,,,,,,,,,,,,,,,,,,,,,,,,Winter,,2022-02-17,28,1.6666666667
Balanced,Balanced_Colony03,2022-03-17,3Rep6,7,,S0,R3,R1,R2,R1,R1,R1,R1,R1,R1,R1,,,,,,,,,,,,,,,,,,,,,,,,,,,,,,,,,,,,,,,,,,,,,,,,,,Four,,,,,,,,,,,,,,,,,,,,,,,,,,,,,,,,Winter,,2022-02-17,28,1.6666666667
Balanced,Balanced_Colony03,2022-03-17,3Rep6,8,7,7,7,7,7,7,7,7,1,7,6,5,4,2,1,8,7,6,5,4,3,,,,,,,,,,,,,,,,,,,,,,,,,,,,,,,,,,,,,,,,8,One,21,7,8,6,0,1,0,10,2,0,0,7,10,3,0,0.5,0.15,0,0,0.35,2,1,1,12,13,0.0833333333,0.9230769231,0.4230769231,0.4230769231,,,Winter,,2022-02-17,28,1.6666666667
Balanced,Balanced_Colony03,2022-03-17,3Rep6,8,5.013156,4.369994,4.356099,4.356368,4.411856,4.439779,4.495712,4.956259,9.818567,10.346286,9.653575,10.433936,10.059793,10.331278,9.666287,10.850304,9.470062,9.774295,9.849905,9.93281,9.766415,,,,,,,,,,,,,,,,,,,,,,,,,,,,,,,,,,,,,,,,,Two,,,,,,,,,,,,,,,,,,,,,,,,,,,,,,8,13,Winter,,2022-02-17,28,1.6666666667
Balanced,Balanced_Colony03,2022-03-17,3Rep6,8,Reward,Same,Same,Same,Same,Same,Same,Same,Reward,Previsited,Reward,Reward,Reward,Reward,Previsited,Reward,Previsited,Previsited,Previsited,Previsited,Reward,,,,,,,,,,,,,,,,,,,,,,,,,,,,,,,,,,,,,,,,,Three,,,,,,,,,,,,,,,,,,,,,,,,,,,,,,,,Winter,,2022-02-17,28,1.6666666667
Balanced,Balanced_Colony03,2022-03-17,3Rep6,8,,S0,S0,S0,S0,S0,S0,S0,L2,R2,R1,R1,R1,R2,R1,R1,R1,R1,R1,R1,R1,,,,,,,,,,,,,,,,,,,,,,,,,,,,,,,,,,,,,,,,,Four,,,,,,,,,,,,,,,,,,,,,,,,,,,,,,,,Winter,,2022-02-17,28,1.6666666667
Balanced,Balanced_Colony04,2022-04-28,4Rep1,1,6,1,4,2,5,2,6,2,6,1,3,4,2,7,7,3,7,2,4,7,3,2,5,2,1,8,,,,,,,,,,,,,,,,,,,,,,,,,,,,,,,,,,,8,One,26,1,8,17,1,2,7,3,2,3,6,1,4,4,10,0.16,0.16,0.4,0.24,0.04,6,9,10,8,18,0.5294117647,0.4444444444,-0.055555556,0.0555555556,,,Winter,,2022-04-07,21,-2.833333333
Balanced,Balanced_Colony04,2022-04-28,4Rep1,1,10.310409,11.533913,11.395121,10.096483,10.947615,10.458511,10.041465,11.296851,9.635405,10.657516,10.179238,11.264417,4.516001,10.960054,12.021892,10.136772,10.458343,11.753436,11.08378,10.277574,9.753493,11.437585,11.198571,8.283812,11.794841,11.474694,,,,,,,,,,,,,,,,,,,,,,,,,,,,,,,,,,,,Two,,,,,,,,,,,,,,,,,,,,,,,,,,,,,,2,24,Winter,,2022-04-07,21,-2.833333333
Balanced,Balanced_Colony04,2022-04-28,4Rep1,1,Reward,Reward,Reward,Reward,Reward,Previsited,Previsited,Previsited,Previsited,Previsited,Reward,Previsited,Previsited,Reward,Same,Previsited,Previsited,Previsited,Previsited,Previsited,Previsited,Previsited,Previsited,Previsited,Previsited,Reward,,,,,,,,,,,,,,,,,,,,,,,,,,,,,,,,,,,,Three,,,,,,,,,,,,,,,,,,,,,,,,,,,,,,,,Winter,,2022-04-07,21,-2.833333333
Balanced,Balanced_Colony04,2022-04-28,4Rep1,1,,L3,L3,R2,L3,R3,O4,O4,O4,L3,L2,L1,R2,R3,S0,O4,O4,L3,L2,L3,O4,R1,L3,R3,R1,R1,,,,,,,,,,,,,,,,,,,,,,,,,,,,,,,,,,,,Four,,,,,,,,,,,,,,,,,,,,,,,,,,,,,,,,Winter,,2022-04-07,21,-2.833333333
Balanced,Balanced_Colony04,2022-04-28,4Rep1,2,4,4,1,3,4,1,5,2,4,7,5,4,6,4,5,2,4,5,3,2,6,3,3,8,,,,,,,,,,,,,,,,,,,,,,,,,,,,,,,,,,,,,8,One,24,2,8,14,3,4,1,2,3,6,2,2,5,7,7,0.2173913043,0.3043478261,0.3043478261,0.0869565217,0.0869565217,2,10,8,11,19,0.5555555556,0.5789473684,0.0789473684,0.0789473684,,,Winter,,2022-04-07,21,-2.833333333
Balanced,Balanced_Colony04,2022-04-28,4Rep1,2,10.9815,10.425245,10.262523,10.370354,9.56026,9.755411,10.635601,10.030452,9.677312,10.56936,9.43672,9.580933,10.778205,6.46015,11.380126,10.409097,7.082631,11.348652,11.628269,11.612266,11.392675,11.593602,11.060965,10.190989,,,,,,,,,,,,,,,,,,,,,,,,,,,,,,,,,,,,,,Two,,,,,,,,,,,,,,,,,,,,,,,,,,,,,,2,22,Winter,,2022-04-07,21,-2.833333333
Balanced,Balanced_Colony04,2022-04-28,4Rep1,2,Reward,Same,Reward,Reward,Previsited,Previsited,Reward,Reward,Previsited,Reward,Previsited,Previsited,Reward,Previsited,Previsited,Previsited,Previsited,Previsited,Previsited,Previsited,Previsited,Previsited,Same,Reward,,,,,,,,,,,,,,,,,,,,,,,,,,,,,,,,,,,,,,Three,,,,,,,,,,,,,,,,,,,,,,,,,,,,,,,,Winter,,2022-04-07,21,-2.833333333
Balanced,Balanced_Colony04,2022-04-28,4Rep1,2,,S0,R3,L2,L1,R3,O4,R3,L2,L3,R2,R1,L2,R2,L1,R3,L2,L1,R2,R1,O4,R3,S0,R3,,,,,,,,,,,,,,,,,,,,,,,,,,,,,,,,,,,,,,Four,,,,,,,,,,,,,,,,,,,,,,,,,,,,,,,,Winter,,2022-04-07,21,-2.833333333
Balanced,Balanced_Colony04,2022-04-28,4Rep1,3,6,3,1,4,8,2,6,4,8,3,8,2,4,4,4,1,4,2,5,5,5,5,4,5,1,5,3,8,3,6,2,5,8,3,4,7,,,,,,,,,,,,,,,,,,,,,,,,,8,One,36,5,8,23,2,3,10,1,4,4,6,5,3,7,14,0.0857142857,0.2,0.4,0.1714285714,0.1428571429,7,13,15,9,24,0.5652173913,0.375,-0.125,0.125,,,Winter,,2022-04-07,21,-2.833333333
Balanced,Balanced_Colony04,2022-04-28,4Rep1,3,11.511549,10.018786,10.288398,9.776469,10.353725,10.084178,9.816443,10.691317,11.157836,11.225137,8.748569,10.826565,10.043406,4.360393,4.350457,10.752729,9.227594,8.639335,10.054676,9.428619,9.368473,9.632957,11.099931,9.521586,10.281177,9.98261,11.631873,11.946095,11.436988,11.492212,11.632007,11.192826,11.392931,10.936321,10.919929,10.038844,,,,,,,,,,,,,,,,,,,,,,,,,,Two,,,,,,,,,,,,,,,,,,,,,,,,,,,,,,4,32,Winter,,2022-04-07,21,-2.833333333
Balanced,Balanced_Colony04,2022-04-28,4Rep1,3,Reward,Reward,Reward,Reward,Reward,Reward,Previsited,Previsited,Previsited,Previsited,Previsited,Previsited,Previsited,Same,Same,Previsited,Previsited,Previsited,Reward,Same,Same,Same,Previsited,Previsited,Previsited,Previsited,Previsited,Previsited,Previsited,Previsited,Previsited,Previsited,Previsited,Previsited,Previsited,Reward,,,,,,,,,,,,,,,,,,,,,,,,,,Three,,,,,,,,,,,,,,,,,,,,,,,,,,,,,,,,Winter,,2022-04-07,21,-2.833333333
Balanced,Balanced_Colony04,2022-04-28,4Rep1,3,,R3,R2,L3,O4,L2,O4,R2,O4,L3,R3,L2,L2,S0,S0,R3,L3,R2,L3,S0,S0,S0,R1,L1,O4,O4,R2,R3,L3,L3,O4,L3,L3,L3,L1,L3,,,,,,,,,,,,,,,,,,,,,,,,,,Four,,,,,,,,,,,,,,,,,,,,,,,,,,,,,,,,Winter,,2022-04-07,21,-2.833333333
Balanced,Balanced_Colony04,2022-04-28,4Rep1,4,1,4,2,5,1,7,2,4,5,3,1,7,2,2,6,3,7,4,3,2,7,2,7,3,7,1,4,4,7,1,6,7,2,7,2,8,,,,,,,,,,,,,,,,,,,,,,,,,8,One,36,2,8,26,2,3,9,2,6,6,5,2,4,9,15,0.1142857143,0.2571428571,0.4285714286,0.1428571429,0.0571428571,5,15,14,14,28,0.5555555556,0.5,0,0,,,Winter,,2022-04-07,21,-2.833333333
Balanced,Balanced_Colony04,2022-04-28,4Rep1,4,11.622367,9.858292,9.838559,9.835646,9.761464,10.219869,10.239571,10.110529,11.4207,9.953336,9.189768,10.104724,11.420666,11.612686,10.604361,11.294987,11.717425,9.269326,11.451892,11.314782,11.729846,10.87168,11.388003,11.117653,10.08122,11.071604,9.98259,11.07787,10.895178,10.207521,11.422236,10.855693,11.522652,11.157819,10.397011,10.241608,,,,,,,,,,,,,,,,,,,,,,,,,,Two,,,,,,,,,,,,,,,,,,,,,,,,,,,,,,0,36,Winter,,2022-04-07,21,-2.833333333
Balanced,Balanced_Colony04,2022-04-28,4Rep1,4,Reward,Reward,Reward,Reward,Previsited,Reward,Previsited,Previsited,Previsited,Reward,Previsited,Previsited,Previsited,Same,Reward,Previsited,Previsited,Previsited,Previsited,Previsited,Previsited,Previsited,Previsited,Previsited,Previsited,Previsited,Previsited,Same,Previsited,Previsited,Previsited,Previsited,Previsited,Previsited,Previsited,Reward,,,,,,,,,,,,,,,,,,,,,,,,,,Three,,,,,,,,,,,,,,,,,,,,,,,,,,,,,,,,Winter,,2022-04-07,21,-2.833333333
Balanced,Balanced_Colony04,2022-04-28,4Rep1,4,,L3,R2,L3,O4,R2,L3,L2,L1,R2,R2,R2,L3,S0,O4,R3,O4,R3,R1,R1,R3,L3,R3,O4,O4,L2,L3,S0,L3,L2,R3,L1,L3,R3,L3,R2,,,,,,,,,,,,,,,,,,,,,,,,,,Four,,,,,,,,,,,,,,,,,,,,,,,,,,,,,,,,Winter,,2022-04-07,21,-2.833333333
Balanced,Balanced_Colony04,2022-04-28,4Rep1,5,5,3,1,3,1,3,8,1,5,7,8,2,6,3,5,1,4,,,,,,,,,,,,,,,,,,,,,,,,,,,,,,,,,,,,,,,,,,,,8,One,17,0,8,9,2,5,1,0,3,2,3,0,2,8,3,0.125,0.5,0.1875,0.1875,0,4,7,8,5,13,0.5833333333,0.3846153846,-0.115384615,0.1153846154,,,Winter,,2022-04-07,21,-2.833333333
Balanced,Balanced_Colony04,2022-04-28,4Rep1,5,10.963042,9.624555,10.055626,6.740822,9.64703,9.526007,10.344929,10.364582,7.966369,11.834421,9.892518,11.337293,11.717375,6.215016,10.152221,11.150129,9.459002,,,,,,,,,,,,,,,,,,,,,,,,,,,,,,,,,,,,,,,,,,,,,Two,,,,,,,,,,,,,,,,,,,,,,,,,,,,,,3,14,Winter,,2022-04-07,21,-2.833333333
Balanced,Balanced_Colony04,2022-04-28,4Rep1,5,Reward,Reward,Reward,Previsited,Previsited,Previsited,Reward,Previsited,Previsited,Reward,Previsited,Reward,Reward,Previsited,Previsited,Previsited,Reward,,,,,,,,,,,,,,,,,,,,,,,,,,,,,,,,,,,,,,,,,,,,,Three,,,,,,,,,,,,,,,,,,,,,,,,,,,,,,,,Winter,,2022-04-07,21,-2.833333333
Balanced,Balanced_Colony04,2022-04-28,4Rep1,5,,R2,R2,L2,R2,L2,R3,L1,O4,L2,L1,L2,O4,R3,L2,O4,L3,,,,,,,,,,,,,,,,,,,,,,,,,,,,,,,,,,,,,,,,,,,,,Four,,,,,,,,,,,,,,,,,,,,,,,,,,,,,,,,Winter,,2022-04-07,21,-2.833333333
Balanced,Balanced_Colony04,2022-04-28,4Rep1,6,8,1,5,8,6,1,5,1,6,6,4,7,2,3,,,,,,,,,,,,,,,,,,,,,,,,,,,,,,,,,,,,,,,,,,,,,,,8,One,14,1,8,5,2,0,4,0,2,1,3,1,2,2,5,0.1538461538,0.1538461538,0.3846153846,0.2307692308,0.0769230769,4,4,6,3,9,0.5,0.3333333333,-0.166666667,0.1666666667,,,Winter,,2022-04-07,21,-2.833333333
Balanced,Balanced_Colony04,2022-04-28,4Rep1,6,10.187565,9.940108,10.057021,6.281713,11.573055,9.588051,9.935342,9.180494,11.651011,10.686248,11.692095,10.089975,10.206604,11.699928,,,,,,,,,,,,,,,,,,,,,,,,,,,,,,,,,,,,,,,,,,,,,,,,Two,,,,,,,,,,,,,,,,,,,,,,,,,,,,,,1,13,Winter,,2022-04-07,21,-2.833333333
Balanced,Balanced_Colony04,2022-04-28,4Rep1,6,Reward,Reward,Reward,Previsited,Reward,Previsited,Previsited,Previsited,Previsited,Same,Reward,Reward,Reward,Reward,,,,,,,,,,,,,,,,,,,,,,,,,,,,,,,,,,,,,,,,,,,,,,,,Three,,,,,,,,,,,,,,,,,,,,,,,,,,,,,,,,Winter,,2022-04-07,21,-2.833333333
Balanced,Balanced_Colony04,2022-04-28,4Rep1,6,,L1,O4,L3,R2,L3,O4,O4,R3,S0,R2,L3,L3,L1,,,,,,,,,,,,,,,,,,,,,,,,,,,,,,,,,,,,,,,,,,,,,,,,Four,,,,,,,,,,,,,,,,,,,,,,,,,,,,,,,,Winter,,2022-04-07,21,-2.833333333
Balanced,Balanced_Colony04,2022-04-28,4Rep1,7,5,3,8,2,8,2,6,8,4,7,5,5,4,8,2,1,,,,,,,,,,,,,,,,,,,,,,,,,,,,,,,,,,,,,,,,,,,,,8,One,16,1,8,7,0,4,1,2,3,1,3,1,2,7,2,0.1333333333,0.4666666667,0.1333333333,0.2,0.0666666667,5,6,5,6,11,0.6,0.5454545455,0.0454545455,0.0454545455,,,Winter,,2022-04-07,21,-2.833333333
Balanced,Balanced_Colony04,2022-04-28,4Rep1,7,10.881662,10.2109,10.939974,10.065217,9.754572,8.054894,11.042975,9.742935,11.301181,11.724061,9.568168,8.032284,7.170024,12.02695,6.879329,10.480704,,,,,,,,,,,,,,,,,,,,,,,,,,,,,,,,,,,,,,,,,,,,,,Two,,,,,,,,,,,,,,,,,,,,,,,,,,,,,,4,12,Winter,,2022-04-07,21,-2.833333333
Balanced,Balanced_Colony04,2022-04-28,4Rep1,7,Reward,Reward,Reward,Reward,Previsited,Previsited,Reward,Previsited,Reward,Reward,Previsited,Same,Previsited,Previsited,Previsited,Reward,,,,,,,,,,,,,,,,,,,,,,,,,,,,,,,,,,,,,,,,,,,,,,Three,,,,,,,,,,,,,,,,,,,,,,,,,,,,,,,,Winter,,2022-04-07,21,-2.833333333
Balanced,Balanced_Colony04,2022-04-28,4Rep1,7,,R2,R3,L2,R2,L2,O4,L2,O4,L3,R2,S0,R1,O4,L2,R1,,,,,,,,,,,,,,,,,,,,,,,,,,,,,,,,,,,,,,,,,,,,,,Four,,,,,,,,,,,,,,,,,,,,,,,,,,,,,,,,Winter,,2022-04-07,21,-2.833333333
Balanced,Balanced_Colony04,2022-04-28,4Rep1,8,2,3,6,3,7,2,4,7,1,4,1,5,5,6,4,1,6,5,4,8,8,8,,,,,,,,,,,,,,,,,,,,,,,,,,,,,,,,,,,,,,,8,One,22,3,8,11,2,2,4,2,1,4,3,3,4,3,8,0.1904761905,0.1428571429,0.380952381,0.1428571429,0.1428571429,4,5,8,7,15,0.3571428571,0.4666666667,-0.033333333,0.0333333333,,,Winter,,2022-04-07,21,-2.833333333
Balanced,Balanced_Colony04,2022-04-28,4Rep1,8,7.036769,11.211844,9.741334,5.827379,10.527153,11.503266,10.996276,7.833448,11.616059,7.740806,10.208056,10.485148,7.190872,7.661328,11.260073,11.700995,11.256541,8.365998,11.530887,4.527726,4.418037,10.162737,,,,,,,,,,,,,,,,,,,,,,,,,,,,,,,,,,,,,,,,Two,,,,,,,,,,,,,,,,,,,,,,,,,,,,,,9,13,Winter,,2022-04-07,21,-2.833333333
Balanced,Balanced_Colony04,2022-04-28,4Rep1,8,Reward,Reward,Reward,Previsited,Reward,Previsited,Reward,Previsited,Reward,Previsited,Previsited,Reward,Same,Previsited,Previsited,Previsited,Previsited,Previsited,Previsited,Reward,Same,Same,,,,,,,,,,,,,,,,,,,,,,,,,,,,,,,,,,,,,,,,Three,,,,,,,,,,,,,,,,,,,,,,,,,,,,,,,,Winter,,2022-04-07,21,-2.833333333
Balanced,Balanced_Colony04,2022-04-28,4Rep1,8,,L1,L3,R3,O4,L3,L2,L3,L2,L3,R3,O4,S0,L1,R2,R3,R3,R1,R1,O4,S0,S0,,,,,,,,,,,,,,,,,,,,,,,,,,,,,,,,,,,,,,,,Four,,,,,,,,,,,,,,,,,,,,,,,,,,,,,,,,Winter,,2022-04-07,21,-2.833333333
Balanced,Balanced_Colony04,2022-05-01,4Rep2,1,5,6,2,4,2,8,6,4,8,5,3,1,7,5,8,5,6,4,8,5,7,4,2,8,3,,,,,,,,,,,,,,,,,,,,,,,,,,,,,,,,,,,,8,One,25,0,8,17,2,2,2,0,11,4,3,0,2,13,6,0.0833333333,0.5416666667,0.25,0.125,0,5,8,6,15,21,0.4,0.7142857143,0.2142857143,0.2142857143,,,Winter,,2022-04-07,24,0.1666666667
Balanced,Balanced_Colony04,2022-05-01,4Rep2,1,11.202191,10.846046,11.699845,11.271285,11.692095,11.875216,9.754832,10.741538,10.328335,11.083147,11.407294,11.839444,11.415903,11.113725,9.952552,11.285129,11.202887,11.216381,9.974347,10.122147,11.254272,11.096646,10.998899,11.692095,10.444598,,,,,,,,,,,,,,,,,,,,,,,,,,,,,,,,,,,,,Two,,,,,,,,,,,,,,,,,,,,,,,,,,,,,,0,25,Winter,,2022-04-07,24,0.1666666667
Balanced,Balanced_Colony04,2022-05-01,4Rep2,1,Reward,Reward,Reward,Reward,Previsited,Reward,Previsited,Previsited,Previsited,Previsited,Reward,Reward,Reward,Previsited,Previsited,Previsited,Previsited,Previsited,Previsited,Previsited,Previsited,Previsited,Previsited,Previsited,Previsited,,,,,,,,,,,,,,,,,,,,,,,,,,,,,,,,,,,,,Three,,,,,,,,,,,,,,,,,,,,,,,,,,,,,,,,Winter,,2022-04-07,24,0.1666666667
Balanced,Balanced_Colony04,2022-05-01,4Rep2,1,,L1,O4,L2,R2,R2,R2,R2,O4,R3,R2,R2,R2,R2,L3,R3,L1,R2,O4,R3,L2,R3,R2,R2,L3,,,,,,,,,,,,,,,,,,,,,,,,,,,,,,,,,,,,,Four,,,,,,,,,,,,,,,,,,,,,,,,,,,,,,,,Winter,,2022-04-07,24,0.1666666667
Balanced,Balanced_Colony04,2022-05-01,4Rep2,2,7,4,1,8,4,2,8,6,4,1,6,4,3,2,8,6,3,2,8,6,5,,,,,,,,,,,,,,,,,,,,,,,,,,,,,,,,,,,,,,,,8,One,21,0,8,13,0,0,0,5,9,5,1,0,5,9,5,0.25,0.45,0.25,0.05,0,5,0,0,19,19,0,1,0.5,0.5,,,Winter,,2022-04-07,24,0.1666666667
Balanced,Balanced_Colony04,2022-05-01,4Rep2,2,10.855908,11.261059,11.207862,11.833631,10.513961,9.8048,11.452045,10.625717,10.302881,11.295954,11.694229,10.335579,11.285129,10.052815,11.669901,10.249371,11.225102,9.9354,10.196133,11.675763,9.747135,,,,,,,,,,,,,,,,,,,,,,,,,,,,,,,,,,,,,,,,,Two,,,,,,,,,,,,,,,,,,,,,,,,,,,,,,0,21,Winter,,2022-04-07,24,0.1666666667
Balanced,Balanced_Colony04,2022-05-01,4Rep2,2,Reward,Reward,Reward,Reward,Previsited,Reward,Previsited,Reward,Previsited,Previsited,Previsited,Previsited,Reward,Previsited,Previsited,Previsited,Previsited,Previsited,Previsited,Previsited,Reward,,,,,,,,,,,,,,,,,,,,,,,,,,,,,,,,,,,,,,,,,Three,,,,,,,,,,,,,,,,,,,,,,,,,,,,,,,,Winter,,2022-04-07,24,0.1666666667
Balanced,Balanced_Colony04,2022-05-01,4Rep2,2,,R3,R3,R1,O4,R2,R2,R2,R2,R3,R3,R2,R1,R1,R2,R2,R3,R1,R2,R2,R1,,,,,,,,,,,,,,,,,,,,,,,,,,,,,,,,,,,,,,,,,Four,,,,,,,,,,,,,,,,,,,,,,,,,,,,,,,,Winter,,2022-04-07,24,0.1666666667
Balanced,Balanced_Colony04,2022-05-01,4Rep2,3,7,6,5,3,2,7,5,8,3,2,7,4,7,3,7,5,3,8,4,2,7,2,5,2,7,5,3,1,,,,,,,,,,,,,,,,,,,,,,,,,,,,,,,,,8,One,28,0,8,20,0,0,5,4,8,7,3,0,4,8,12,0.1481481481,0.2962962963,0.4444444444,0.1111111111,0,6,6,5,19,24,0.2608695652,0.7916666667,0.2916666667,0.2916666667,,,Winter,,2022-04-07,24,0.1666666667
Balanced,Balanced_Colony04,2022-05-01,4Rep2,3,10.552157,10.705165,11.467761,11.0731,10.959432,10.646958,11.34025,11.570629,9.971063,11.215582,11.806519,11.3995,10.267897,10.643991,9.859992,11.644083,10.150531,10.445829,11.081248,11.074702,10.010689,9.267832,11.408456,9.816443,10.435131,9.78462,9.553795,9.849905,,,,,,,,,,,,,,,,,,,,,,,,,,,,,,,,,,Two,,,,,,,,,,,,,,,,,,,,,,,,,,,,,,0,28,Winter,,2022-04-07,24,0.1666666667
Balanced,Balanced_Colony04,2022-05-01,4Rep2,3,Reward,Reward,Reward,Reward,Reward,Previsited,Previsited,Reward,Previsited,Previsited,Previsited,Reward,Previsited,Previsited,Previsited,Previsited,Previsited,Previsited,Previsited,Previsited,Previsited,Previsited,Previsited,Previsited,Previsited,Previsited,Previsited,Reward,,,,,,,,,,,,,,,,,,,,,,,,,,,,,,,,,,Three,,,,,,,,,,,,,,,,,,,,,,,,,,,,,,,,Winter,,2022-04-07,24,0.1666666667
Balanced,Balanced_Colony04,2022-05-01,4Rep2,3,,R1,R1,R2,R1,R3,R2,L3,L3,R1,R3,R3,L3,O4,O4,R2,R2,R3,O4,R2,R3,L3,L3,R3,R3,R2,R2,R2,,,,,,,,,,,,,,,,,,,,,,,,,,,,,,,,,,Four,,,,,,,,,,,,,,,,,,,,,,,,,,,,,,,,Winter,,2022-04-07,24,0.1666666667
Balanced,Balanced_Colony04,2022-05-01,4Rep2,4,7,5,3,1,8,6,5,4,3,2,,,,,,,,,,,,,,,,,,,,,,,,,,,,,,,,,,,,,,,,,,,,,,,,,,,8,One,10,0,8,2,0,0,0,5,4,0,0,0,5,4,0,0.5555555556,0.4444444444,0,0,0,7,0,0,9,9,0,1,0.5,0.5,,,Winter,,2022-04-07,24,0.1666666667
Balanced,Balanced_Colony04,2022-05-01,4Rep2,4,10.582906,10.397855,11.616328,11.183435,9.607589,10.80905,11.438352,11.369759,9.961362,10.188311,,,,,,,,,,,,,,,,,,,,,,,,,,,,,,,,,,,,,,,,,,,,,,,,,,,,Two,,,,,,,,,,,,,,,,,,,,,,,,,,,,,,0,10,Winter,,2022-04-07,24,0.1666666667
Balanced,Balanced_Colony04,2022-05-01,4Rep2,4,Reward,Reward,Reward,Reward,Reward,Reward,Previsited,Reward,Previsited,Reward,,,,,,,,,,,,,,,,,,,,,,,,,,,,,,,,,,,,,,,,,,,,,,,,,,,,Three,,,,,,,,,,,,,,,,,,,,,,,,,,,,,,,,Winter,,2022-04-07,24,0.1666666667
Balanced,Balanced_Colony04,2022-05-01,4Rep2,4,,R2,R2,R2,R1,R2,R1,R1,R1,R1,,,,,,,,,,,,,,,,,,,,,,,,,,,,,,,,,,,,,,,,,,,,,,,,,,,,Four,,,,,,,,,,,,,,,,,,,,,,,,,,,,,,,,Winter,,2022-04-07,24,0.1666666667
Balanced,Balanced_Colony04,2022-05-01,4Rep2,5,4,3,2,1,8,7,5,3,1,7,6,,,,,,,,,,,,,,,,,,,,,,,,,,,,,,,,,,,,,,,,,,,,,,,,,,8,One,11,0,8,3,0,0,0,6,4,0,0,0,6,4,0,0.6,0.4,0,0,0,8,0,0,10,10,0,1,0.5,0.5,,,Winter,,2022-04-07,24,0.1666666667
Balanced,Balanced_Colony04,2022-05-01,4Rep2,5,10.207998,10.610829,11.148608,10.389228,10.744641,11.073241,10.694708,9.917472,9.487397,11.350833,9.975265,,,,,,,,,,,,,,,,,,,,,,,,,,,,,,,,,,,,,,,,,,,,,,,,,,,Two,,,,,,,,,,,,,,,,,,,,,,,,,,,,,,0,11,Winter,,2022-04-07,24,0.1666666667
Balanced,Balanced_Colony04,2022-05-01,4Rep2,5,Reward,Reward,Reward,Reward,Reward,Reward,Reward,Previsited,Previsited,Previsited,Reward,,,,,,,,,,,,,,,,,,,,,,,,,,,,,,,,,,,,,,,,,,,,,,,,,,,Three,,,,,,,,,,,,,,,,,,,,,,,,,,,,,,,,Winter,,2022-04-07,24,0.1666666667
Balanced,Balanced_Colony04,2022-05-01,4Rep2,5,,R1,R1,R1,R1,R1,R2,R2,R2,R2,R1,,,,,,,,,,,,,,,,,,,,,,,,,,,,,,,,,,,,,,,,,,,,,,,,,,,Four,,,,,,,,,,,,,,,,,,,,,,,,,,,,,,,,Winter,,2022-04-07,24,0.1666666667
Balanced,Balanced_Colony04,2022-05-01,4Rep2,6,6,5,3,2,1,8,7,4,,,,,,,,,,,,,,,,,,,,,,,,,,,,,,,,,,,,,,,,,,,,,,,,,,,,,8,One,8,0,8,0,0,0,0,5,1,1,0,0,5,1,1,0.7142857143,0.1428571429,0.1428571429,0,0,8,0,0,7,7,0,1,0.5,0.5,,,Winter,,2022-04-07,24,0.1666666667
Balanced,Balanced_Colony04,2022-05-01,4Rep2,6,10.27636,10.966722,10.976262,11.630951,10.847879,10.640236,11.54994,9.566131,,,,,,,,,,,,,,,,,,,,,,,,,,,,,,,,,,,,,,,,,,,,,,,,,,,,,,Two,,,,,,,,,,,,,,,,,,,,,,,,,,,,,,0,8,Winter,,2022-04-07,24,0.1666666667
Balanced,Balanced_Colony04,2022-05-01,4Rep2,6,Reward,Reward,Reward,Reward,Reward,Reward,Reward,Reward,,,,,,,,,,,,,,,,,,,,,,,,,,,,,,,,,,,,,,,,,,,,,,,,,,,,,,Three,,,,,,,,,,,,,,,,,,,,,,,,,,,,,,,,Winter,,2022-04-07,24,0.1666666667
Balanced,Balanced_Colony04,2022-05-01,4Rep2,6,,R1,R2,R1,R1,R1,R1,R3,,,,,,,,,,,,,,,,,,,,,,,,,,,,,,,,,,,,,,,,,,,,,,,,,,,,,,Four,,,,,,,,,,,,,,,,,,,,,,,,,,,,,,,,Winter,,2022-04-07,24,0.1666666667
Balanced,Balanced_Colony04,2022-05-01,4Rep2,7,1,8,6,5,4,3,2,1,7,,,,,,,,,,,,,,,,,,,,,,,,,,,,,,,,,,,,,,,,,,,,,,,,,,,,8,One,9,0,8,1,0,0,0,6,2,0,0,0,6,2,0,0.75,0.25,0,0,0,8,0,0,8,8,0,1,0.5,0.5,,,Winter,,2022-04-07,24,0.1666666667
Balanced,Balanced_Colony04,2022-05-01,4Rep2,7,10.69489,11.314299,9.937264,10.37167,10.280968,10.959841,10.289402,10.951514,9.749175,,,,,,,,,,,,,,,,,,,,,,,,,,,,,,,,,,,,,,,,,,,,,,,,,,,,,Two,,,,,,,,,,,,,,,,,,,,,,,,,,,,,,0,9,Winter,,2022-04-07,24,0.1666666667
Balanced,Balanced_Colony04,2022-05-01,4Rep2,7,Reward,Reward,Reward,Reward,Reward,Reward,Reward,Previsited,Reward,,,,,,,,,,,,,,,,,,,,,,,,,,,,,,,,,,,,,,,,,,,,,,,,,,,,,Three,,,,,,,,,,,,,,,,,,,,,,,,,,,,,,,,Winter,,2022-04-07,24,0.1666666667
Balanced,Balanced_Colony04,2022-05-01,4Rep2,7,,R1,R2,R1,R1,R1,R1,R1,R2,,,,,,,,,,,,,,,,,,,,,,,,,,,,,,,,,,,,,,,,,,,,,,,,,,,,,Four,,,,,,,,,,,,,,,,,,,,,,,,,,,,,,,,Winter,,2022-04-07,24,0.1666666667
Balanced,Balanced_Colony04,2022-05-01,4Rep2,8,8,6,5,4,3,1,7,5,3,2,,,,,,,,,,,,,,,,,,,,,,,,,,,,,,,,,,,,,,,,,,,,,,,,,,,8,One,10,0,8,2,0,0,0,4,5,0,0,0,4,5,0,0.4444444444,0.5555555556,0,0,0,8,0,0,9,9,0,1,0.5,0.5,,,Winter,,2022-04-07,24,0.1666666667
Balanced,Balanced_Colony04,2022-05-01,4Rep2,8,11.669233,9.992739,9.834655,9.695121,9.642018,10.716175,10.444598,11.225744,9.761464,9.771603,,,,,,,,,,,,,,,,,,,,,,,,,,,,,,,,,,,,,,,,,,,,,,,,,,,,Two,,,,,,,,,,,,,,,,,,,,,,,,,,,,,,0,10,Winter,,2022-04-07,24,0.1666666667
Balanced,Balanced_Colony04,2022-05-01,4Rep2,8,Reward,Reward,Reward,Reward,Reward,Reward,Reward,Previsited,Previsited,Reward,,,,,,,,,,,,,,,,,,,,,,,,,,,,,,,,,,,,,,,,,,,,,,,,,,,,Three,,,,,,,,,,,,,,,,,,,,,,,,,,,,,,,,Winter,,2022-04-07,24,0.1666666667
Balanced,Balanced_Colony04,2022-05-01,4Rep2,8,,R2,R1,R1,R1,R2,R2,R2,R2,R1,,,,,,,,,,,,,,,,,,,,,,,,,,,,,,,,,,,,,,,,,,,,,,,,,,,,Four,,,,,,,,,,,,,,,,,,,,,,,,,,,,,,,,Winter,,2022-04-07,24,0.1666666667
Balanced,Balanced_Colony04,2022-05-01,4Rep3,1,6,5,3,2,8,6,4,3,2,7,5,4,2,8,6,1,,,,,,,,,,,,,,,,,,,,,,,,,,,,,,,,,,,,,,,,,,,,,8,One,16,0,8,8,0,0,1,5,8,1,0,0,5,8,2,0.3333333333,0.5333333333,0.1333333333,0,0,6,1,1,14,15,0.0714285714,0.9333333333,0.4333333333,0.4333333333,,,Winter,,2022-04-07,24,0.1666666667
Balanced,Balanced_Colony04,2022-05-01,4Rep3,1,10.723812,10.150839,10.726938,10.213496,10.100691,10.033017,11.566821,10.378265,10.366858,9.807742,9.99703,11.493823,11.612401,9.913501,10.5463,9.943147,,,,,,,,,,,,,,,,,,,,,,,,,,,,,,,,,,,,,,,,,,,,,,Two,,,,,,,,,,,,,,,,,,,,,,,,,,,,,,0,16,Winter,,2022-04-07,24,0.1666666667
Balanced,Balanced_Colony04,2022-05-01,4Rep3,1,Reward,Reward,Reward,Reward,Reward,Previsited,Reward,Previsited,Previsited,Reward,Previsited,Previsited,Previsited,Previsited,Previsited,Reward,,,,,,,,,,,,,,,,,,,,,,,,,,,,,,,,,,,,,,,,,,,,,,Three,,,,,,,,,,,,,,,,,,,,,,,,,,,,,,,,Winter,,2022-04-07,24,0.1666666667
Balanced,Balanced_Colony04,2022-05-01,4Rep3,1,,R1,R2,R1,R2,R2,R2,R1,R1,R3,R2,R1,R2,R2,R2,L3,,,,,,,,,,,,,,,,,,,,,,,,,,,,,,,,,,,,,,,,,,,,,,Four,,,,,,,,,,,,,,,,,,,,,,,,,,,,,,,,Winter,,2022-04-07,24,0.1666666667
Balanced,Balanced_Colony04,2022-05-01,4Rep3,2,6,7,6,4,2,2,8,7,5,4,3,1,,,,,,,,,,,,,,,,,,,,,,,,,,,,,,,,,,,,,,,,,,,,,,,,,8,One,12,1,8,3,1,0,0,4,5,0,0,1,5,5,0,0.4545454545,0.4545454545,0,0,0.0909090909,3,1,1,9,10,0.1111111111,0.9,0.4,0.4,,,Winter,,2022-04-07,24,0.1666666667
Balanced,Balanced_Colony04,2022-05-01,4Rep3,2,4.74077,11.459957,11.438829,10.504613,9.970105,10.168567,10.212867,11.506502,10.424909,9.955568,10.658083,9.830373,,,,,,,,,,,,,,,,,,,,,,,,,,,,,,,,,,,,,,,,,,,,,,,,,,Two,,,,,,,,,,,,,,,,,,,,,,,,,,,,,,1,11,Winter,,2022-04-07,24,0.1666666667
Balanced,Balanced_Colony04,2022-05-01,4Rep3,2,Reward,Reward,Previsited,Reward,Reward,Same,Reward,Previsited,Reward,Previsited,Reward,Reward,,,,,,,,,,,,,,,,,,,,,,,,,,,,,,,,,,,,,,,,,,,,,,,,,,Three,,,,,,,,,,,,,,,,,,,,,,,,,,,,,,,,Winter,,2022-04-07,24,0.1666666667
Balanced,Balanced_Colony04,2022-05-01,4Rep3,2,,L1,R1,R2,R2,S0,R2,R1,R2,R1,R1,R2,,,,,,,,,,,,,,,,,,,,,,,,,,,,,,,,,,,,,,,,,,,,,,,,,,Four,,,,,,,,,,,,,,,,,,,,,,,,,,,,,,,,Winter,,2022-04-07,24,0.1666666667
Balanced,Balanced_Colony04,2022-05-01,4Rep3,3,6,4,3,8,7,6,5,4,3,2,1,,,,,,,,,,,,,,,,,,,,,,,,,,,,,,,,,,,,,,,,,,,,,,,,,,8,One,11,0,8,3,0,0,0,8,1,1,0,0,8,1,1,0.8,0.1,0.1,0,0,6,0,0,10,10,0,1,0.5,0.5,,,Winter,,2022-04-07,24,0.1666666667
Balanced,Balanced_Colony04,2022-05-01,4Rep3,3,10.403946,11.06352,10.974362,10.426086,10.084932,9.323924,9.487808,10.619056,10.082689,10.095093,10.638716,,,,,,,,,,,,,,,,,,,,,,,,,,,,,,,,,,,,,,,,,,,,,,,,,,,Two,,,,,,,,,,,,,,,,,,,,,,,,,,,,,,0,11,Winter,,2022-04-07,24,0.1666666667
Balanced,Balanced_Colony04,2022-05-01,4Rep3,3,Reward,Reward,Reward,Reward,Reward,Previsited,Reward,Previsited,Previsited,Reward,Reward,,,,,,,,,,,,,,,,,,,,,,,,,,,,,,,,,,,,,,,,,,,,,,,,,,,Three,,,,,,,,,,,,,,,,,,,,,,,,,,,,,,,,Winter,,2022-04-07,24,0.1666666667
Balanced,Balanced_Colony04,2022-05-01,4Rep3,3,,R2,R1,R3,R1,R1,R1,R1,R1,R1,R1,,,,,,,,,,,,,,,,,,,,,,,,,,,,,,,,,,,,,,,,,,,,,,,,,,,Four,,,,,,,,,,,,,,,,,,,,,,,,,,,,,,,,Winter,,2022-04-07,24,0.1666666667
Balanced,Balanced_Colony04,2022-05-01,4Rep3,4,6,5,2,8,6,5,3,2,1,6,5,2,1,3,8,4,3,2,1,6,4,5,3,2,8,7,,,,,,,,,,,,,,,,,,,,,,,,,,,,,,,,,,,8,One,26,0,8,18,1,1,0,11,6,5,1,0,12,7,5,0.48,0.28,0.2,0.04,0,5,4,2,22,24,0.1739130435,0.9166666667,0.4166666667,0.4166666667,,,Winter,,2022-04-07,24,0.1666666667
Balanced,Balanced_Colony04,2022-05-01,4Rep3,4,10.537388,11.169971,11.355246,10.484869,10.149053,10.113748,9.659651,9.513639,11.476954,10.014913,11.378619,10.445083,11.268448,9.833743,11.708589,10.552028,9.586384,9.319178,11.677031,11.619516,9.735089,10.012636,11.401397,11.43242,10.105495,10.285423,,,,,,,,,,,,,,,,,,,,,,,,,,,,,,,,,,,,Two,,,,,,,,,,,,,,,,,,,,,,,,,,,,,,0,26,Winter,,2022-04-07,24,0.1666666667
Balanced,Balanced_Colony04,2022-05-01,4Rep3,4,Reward,Reward,Reward,Reward,Previsited,Previsited,Reward,Previsited,Reward,Previsited,Previsited,Previsited,Previsited,Previsited,Previsited,Reward,Previsited,Previsited,Previsited,Previsited,Previsited,Previsited,Previsited,Previsited,Previsited,Reward,,,,,,,,,,,,,,,,,,,,,,,,,,,,,,,,,,,,Three,,,,,,,,,,,,,,,,,,,,,,,,,,,,,,,,Winter,,2022-04-07,24,0.1666666667
Balanced,Balanced_Colony04,2022-05-01,4Rep3,4,,R1,R3,R2,R2,R1,R2,R1,R1,R3,R1,R3,R1,L2,R3,O4,R1,R1,R1,R3,R2,L1,R2,R1,R2,R1,,,,,,,,,,,,,,,,,,,,,,,,,,,,,,,,,,,,Four,,,,,,,,,,,,,,,,,,,,,,,,,,,,,,,,Winter,,2022-04-07,24,0.1666666667
Balanced,Balanced_Colony04,2022-05-01,4Rep3,5,5,4,3,2,1,8,6,5,4,3,1,7,,,,,,,,,,,,,,,,,,,,,,,,,,,,,,,,,,,,,,,,,,,,,,,,,8,One,12,0,8,4,0,0,0,8,3,0,0,0,8,3,0,0.7272727273,0.2727272727,0,0,0,8,0,0,11,11,0,1,0.5,0.5,,,Winter,,2022-04-07,24,0.1666666667
Balanced,Balanced_Colony04,2022-05-01,4Rep3,5,10.850161,9.798436,10.251595,9.989149,10.332108,10.466466,11.341745,10.084932,10.725175,11.088334,11.157469,10.19229,,,,,,,,,,,,,,,,,,,,,,,,,,,,,,,,,,,,,,,,,,,,,,,,,,Two,,,,,,,,,,,,,,,,,,,,,,,,,,,,,,0,12,Winter,,2022-04-07,24,0.1666666667
Balanced,Balanced_Colony04,2022-05-01,4Rep3,5,Reward,Reward,Reward,Reward,Reward,Reward,Reward,Previsited,Previsited,Previsited,Previsited,Reward,,,,,,,,,,,,,,,,,,,,,,,,,,,,,,,,,,,,,,,,,,,,,,,,,,Three,,,,,,,,,,,,,,,,,,,,,,,,,,,,,,,,Winter,,2022-04-07,24,0.1666666667
Balanced,Balanced_Colony04,2022-05-01,4Rep3,5,,R1,R1,R1,R1,R1,R2,R1,R1,R1,R2,R2,,,,,,,,,,,,,,,,,,,,,,,,,,,,,,,,,,,,,,,,,,,,,,,,,,Four,,,,,,,,,,,,,,,,,,,,,,,,,,,,,,,,Winter,,2022-04-07,24,0.1666666667
Balanced,Balanced_Colony04,2022-05-01,4Rep3,6,8,7,5,3,2,8,7,6,5,4,3,2,1,,,,,,,,,,,,,,,,,,,,,,,,,,,,,,,,,,,,,,,,,,,,,,,,8,One,13,0,8,5,0,0,0,9,3,0,0,0,9,3,0,0.75,0.25,0,0,0,6,0,0,12,12,0,1,0.5,0.5,,,Winter,,2022-04-07,24,0.1666666667
Balanced,Balanced_Colony04,2022-05-01,4Rep3,6,10.390278,9.901598,11.11625,10.856644,10.527523,10.232602,9.675962,10.452377,9.817138,10.509677,9.750994,11.118354,10.388008,,,,,,,,,,,,,,,,,,,,,,,,,,,,,,,,,,,,,,,,,,,,,,,,,Two,,,,,,,,,,,,,,,,,,,,,,,,,,,,,,0,13,Winter,,2022-04-07,24,0.1666666667
Balanced,Balanced_Colony04,2022-05-01,4Rep3,6,Reward,Reward,Reward,Reward,Reward,Previsited,Previsited,Reward,Previsited,Reward,Previsited,Previsited,Reward,,,,,,,,,,,,,,,,,,,,,,,,,,,,,,,,,,,,,,,,,,,,,,,,,Three,,,,,,,,,,,,,,,,,,,,,,,,,,,,,,,,Winter,,2022-04-07,24,0.1666666667
Balanced,Balanced_Colony04,2022-05-01,4Rep3,6,,R1,R2,R2,R1,R2,R1,R1,R1,R1,R1,R1,R1,,,,,,,,,,,,,,,,,,,,,,,,,,,,,,,,,,,,,,,,,,,,,,,,,Four,,,,,,,,,,,,,,,,,,,,,,,,,,,,,,,,Winter,,2022-04-07,24,0.1666666667
Balanced,Balanced_Colony04,2022-05-01,4Rep3,7,1,8,6,4,2,1,8,7,8,6,4,3,1,8,7,5,,,,,,,,,,,,,,,,,,,,,,,,,,,,,,,,,,,,,,,,,,,,,8,One,16,0,8,8,1,0,0,7,7,0,0,0,8,7,0,0.5333333333,0.4666666667,0,0,0,6,2,1,14,15,0.1428571429,0.9333333333,0.4333333333,0.4333333333,,,Winter,,2022-04-07,24,0.1666666667
Balanced,Balanced_Colony04,2022-05-01,4Rep3,7,11.003347,10.843853,10.011487,10.609507,10.151223,10.981163,10.666219,11.861271,10.283167,9.780794,10.777771,10.848364,9.772241,12.087285,10.624048,9.915231,,,,,,,,,,,,,,,,,,,,,,,,,,,,,,,,,,,,,,,,,,,,,,Two,,,,,,,,,,,,,,,,,,,,,,,,,,,,,,0,16,Winter,,2022-04-07,24,0.1666666667
Balanced,Balanced_Colony04,2022-05-01,4Rep3,7,Reward,Reward,Reward,Reward,Reward,Previsited,Previsited,Reward,Previsited,Previsited,Previsited,Reward,Previsited,Previsited,Previsited,Reward,,,,,,,,,,,,,,,,,,,,,,,,,,,,,,,,,,,,,,,,,,,,,,Three,,,,,,,,,,,,,,,,,,,,,,,,,,,,,,,,Winter,,2022-04-07,24,0.1666666667
Balanced,Balanced_Colony04,2022-05-01,4Rep3,7,,R1,R2,R2,R2,R1,R1,R1,L1,R2,R2,R1,R2,R1,R1,R2,,,,,,,,,,,,,,,,,,,,,,,,,,,,,,,,,,,,,,,,,,,,,,Four,,,,,,,,,,,,,,,,,,,,,,,,,,,,,,,,Winter,,2022-04-07,24,0.1666666667
Balanced,Balanced_Colony04,2022-05-01,4Rep3,8,4,2,8,7,6,5,4,3,2,1,,,,,,,,,,,,,,,,,,,,,,,,,,,,,,,,,,,,,,,,,,,,,,,,,,,8,One,10,0,8,2,0,0,0,7,2,0,0,0,7,2,0,0.7777777778,0.2222222222,0,0,0,7,0,0,9,9,0,1,0.5,0.5,,,Winter,,2022-04-07,24,0.1666666667
Balanced,Balanced_Colony04,2022-05-01,4Rep3,8,10.959414,10.071122,11.432573,10.042028,10.137484,10.291808,10.295311,10.681248,10.507785,10.032026,,,,,,,,,,,,,,,,,,,,,,,,,,,,,,,,,,,,,,,,,,,,,,,,,,,,Two,,,,,,,,,,,,,,,,,,,,,,,,,,,,,,0,10,Winter,,2022-04-07,24,0.1666666667
Balanced,Balanced_Colony04,2022-05-01,4Rep3,8,Reward,Reward,Reward,Reward,Reward,Reward,Previsited,Reward,Previsited,Reward,,,,,,,,,,,,,,,,,,,,,,,,,,,,,,,,,,,,,,,,,,,,,,,,,,,,Three,,,,,,,,,,,,,,,,,,,,,,,,,,,,,,,,Winter,,2022-04-07,24,0.1666666667
Balanced,Balanced_Colony04,2022-05-01,4Rep3,8,,R2,R2,R1,R1,R1,R1,R1,R1,R1,,,,,,,,,,,,,,,,,,,,,,,,,,,,,,,,,,,,,,,,,,,,,,,,,,,,Four,,,,,,,,,,,,,,,,,,,,,,,,,,,,,,,,Winter,,2022-04-07,24,0.1666666667
Balanced,Balanced_Colony04,2022-05-01,4Rep4,1,4,5,4,3,8,4,1,5,3,8,6,8,7,7,7,2,,,,,,,,,,,,,,,,,,,,,,,,,,,,,,,,,,,,,,,,,,,,,8,One,16,2,8,6,1,1,1,3,2,3,2,2,4,3,4,0.2666666667,0.2,0.2666666667,0.1333333333,0.1333333333,3,4,3,8,11,0.4,0.7272727273,0.2272727273,0.2272727273,,,Winter,,2022-04-07,24,0.1666666667
Balanced,Balanced_Colony04,2022-05-01,4Rep4,1,11.393274,11.588641,11.496282,11.420956,11.109234,11.24469,10.674622,11.073505,11.419437,11.294159,11.750865,11.429981,11.588405,10.798802,11.592946,11.287927,,,,,,,,,,,,,,,,,,,,,,,,,,,,,,,,,,,,,,,,,,,,,,Two,,,,,,,,,,,,,,,,,,,,,,,,,,,,,,0,16,Winter,,2022-04-07,24,0.1666666667
Balanced,Balanced_Colony04,2022-05-01,4Rep4,1,Reward,Reward,Previsited,Reward,Reward,Previsited,Reward,Previsited,Previsited,Previsited,Reward,Previsited,Reward,Same,Same,Reward,,,,,,,,,,,,,,,,,,,,,,,,,,,,,,,,,,,,,,,,,,,,,,Three,,,,,,,,,,,,,,,,,,,,,,,,,,,,,,,,Winter,,2022-04-07,24,0.1666666667
Balanced,Balanced_Colony04,2022-05-01,4Rep4,1,,L1,R1,R1,R3,O4,R3,O4,R2,R3,R2,L2,R1,S0,S0,L3,,,,,,,,,,,,,,,,,,,,,,,,,,,,,,,,,,,,,,,,,,,,,,Four,,,,,,,,,,,,,,,,,,,,,,,,,,,,,,,,Winter,,2022-04-07,24,0.1666666667
Balanced,Balanced_Colony04,2022-05-01,4Rep4,2,3,5,3,7,1,3,1,1,6,3,8,7,2,3,6,1,5,8,5,1,5,8,5,2,5,1,1,7,6,6,8,1,7,6,3,2,3,1,5,4,,,,,,,,,,,,,,,,,,,,,8,One,40,3,8,29,3,4,6,5,5,7,6,3,8,9,13,0.2051282051,0.2307692308,0.3333333333,0.1538461538,0.0769230769,3,13,13,17,30,0.4482758621,0.5666666667,0.0666666667,0.0666666667,,,Winter,,2022-04-07,24,0.1666666667
Balanced,Balanced_Colony04,2022-05-01,4Rep4,2,11.256489,11.423328,10.764814,10.478472,11.337345,10.379373,9.954785,10.19577,11.373753,10.44359,10.592866,11.66656,11.412556,11.143047,10.630798,11.462457,10.990318,11.037325,9.967993,10.345608,9.815788,10.11999,10.945906,10.52406,5.061796,11.336932,11.434534,11.138848,10.46533,9.794058,11.432164,9.787548,10.569139,10.010533,11.448487,11.344151,10.031618,11.462457,10.051651,11.297817,,,,,,,,,,,,,,,,,,,,,,Two,,,,,,,,,,,,,,,,,,,,,,,,,,,,,,1,39,Winter,,2022-04-07,24,0.1666666667
Balanced,Balanced_Colony04,2022-05-01,4Rep4,2,Reward,Reward,Previsited,Reward,Reward,Previsited,Previsited,Same,Reward,Previsited,Reward,Previsited,Reward,Previsited,Previsited,Previsited,Previsited,Previsited,Previsited,Previsited,Previsited,Previsited,Previsited,Previsited,Previsited,Previsited,Same,Previsited,Previsited,Same,Previsited,Previsited,Previsited,Previsited,Previsited,Previsited,Previsited,Previsited,Previsited,Reward,,,,,,,,,,,,,,,,,,,,,,Three,,,,,,,,,,,,,,,,,,,,,,,,,,,,,,,,Winter,,2022-04-07,24,0.1666666667
Balanced,Balanced_Colony04,2022-05-01,4Rep4,2,,L2,R2,O4,L2,L2,R2,S0,R3,R3,R3,R1,L3,L1,L3,L3,O4,L3,R3,O4,O4,L3,R3,R3,L3,O4,S0,R2,R1,S0,L2,L1,R2,R1,R3,R1,L1,R2,O4,R1,,,,,,,,,,,,,,,,,,,,,,Four,,,,,,,,,,,,,,,,,,,,,,,,,,,,,,,,Winter,,2022-04-07,24,0.1666666667
Balanced,Balanced_Colony04,2022-05-01,4Rep4,3,1,6,3,6,7,3,6,2,3,7,1,6,1,3,1,4,5,3,1,5,6,7,3,4,5,3,6,3,8,,,,,,,,,,,,,,,,,,,,,,,,,,,,,,,,8,One,29,0,8,21,7,2,5,0,4,5,5,0,7,6,10,0.25,0.2142857143,0.3571428571,0.1785714286,0,4,10,14,9,23,0.4545454545,0.3913043478,-0.108695652,0.1086956522,,,Winter,,2022-04-07,24,0.1666666667
Balanced,Balanced_Colony04,2022-05-01,4Rep4,3,11.397294,11.049327,11.396011,11.096769,11.434329,11.002284,9.785775,10.922231,10.748958,10.700138,9.322419,11.521078,10.583201,11.223035,11.393188,10.608312,11.395412,7.293287,11.382456,11.156002,10.742554,9.565968,11.365952,10.211721,11.561393,9.655937,9.894449,4.344763,9.898054,,,,,,,,,,,,,,,,,,,,,,,,,,,,,,,,,Two,,,,,,,,,,,,,,,,,,,,,,,,,,,,,,2,27,Winter,,2022-04-07,24,0.1666666667
Balanced,Balanced_Colony04,2022-05-01,4Rep4,3,Reward,Reward,Reward,Previsited,Reward,Previsited,Previsited,Reward,Previsited,Previsited,Previsited,Previsited,Previsited,Previsited,Previsited,Reward,Reward,Previsited,Previsited,Previsited,Previsited,Previsited,Previsited,Previsited,Previsited,Previsited,Previsited,Previsited,Reward,,,,,,,,,,,,,,,,,,,,,,,,,,,,,,,,,Three,,,,,,,,,,,,,,,,,,,,,,,,,,,,,,,,Winter,,2022-04-07,24,0.1666666667
Balanced,Balanced_Colony04,2022-05-01,4Rep4,3,,R3,R3,L3,L1,O4,L3,O4,L1,O4,L2,R3,L3,L2,R2,L3,L1,R2,R2,O4,L1,L1,O4,L1,L1,R2,L3,R3,R3,,,,,,,,,,,,,,,,,,,,,,,,,,,,,,,,,Four,,,,,,,,,,,,,,,,,,,,,,,,,,,,,,,,Winter,,2022-04-07,24,0.1666666667
Balanced,Balanced_Colony04,2022-05-01,4Rep4,4,7,5,2,1,4,1,3,5,8,4,7,1,5,7,3,2,7,3,2,5,2,1,6,,,,,,,,,,,,,,,,,,,,,,,,,,,,,,,,,,,,,,8,One,23,0,8,15,0,4,4,4,1,5,4,0,4,5,9,0.1818181818,0.2272727273,0.4090909091,0.1818181818,0,6,6,8,10,18,0.3529411765,0.5555555556,0.0555555556,0.0555555556,,,Winter,,2022-04-07,24,0.1666666667
Balanced,Balanced_Colony04,2022-05-01,4Rep4,4,11.616865,11.589314,10.422272,10.641061,10.453944,11.378842,9.98261,9.712938,11.693846,9.87619,10.570024,10.264555,11.284403,7.428867,10.415368,11.27559,11.462525,11.156351,9.890804,8.683894,5.649901,10.533576,10.07536,,,,,,,,,,,,,,,,,,,,,,,,,,,,,,,,,,,,,,,Two,,,,,,,,,,,,,,,,,,,,,,,,,,,,,,3,20,Winter,,2022-04-07,24,0.1666666667
Balanced,Balanced_Colony04,2022-05-01,4Rep4,4,Reward,Reward,Reward,Reward,Reward,Previsited,Reward,Previsited,Reward,Previsited,Previsited,Previsited,Previsited,Previsited,Previsited,Previsited,Previsited,Previsited,Previsited,Previsited,Previsited,Previsited,Reward,,,,,,,,,,,,,,,,,,,,,,,,,,,,,,,,,,,,,,,Three,,,,,,,,,,,,,,,,,,,,,,,,,,,,,,,,Winter,,2022-04-07,24,0.1666666667
Balanced,Balanced_Colony04,2022-05-01,4Rep4,4,,R2,R3,R1,L3,R3,L2,L2,L3,O4,L3,L2,O4,L2,O4,R1,R3,O4,R1,L3,R3,R1,R3,,,,,,,,,,,,,,,,,,,,,,,,,,,,,,,,,,,,,,,Four,,,,,,,,,,,,,,,,,,,,,,,,,,,,,,,,Winter,,2022-04-07,24,0.1666666667
Balanced,Balanced_Colony04,2022-05-01,4Rep4,5,8,2,8,4,6,7,2,4,6,3,2,5,2,6,3,1,,,,,,,,,,,,,,,,,,,,,,,,,,,,,,,,,,,,,,,,,,,,,8,One,16,0,8,8,1,4,2,1,2,3,2,0,2,6,5,0.1333333333,0.4,0.3333333333,0.1333333333,0,3,5,7,6,13,0.4166666667,0.4615384615,-0.038461538,0.0384615385,,,Winter,,2022-04-07,24,0.1666666667
Balanced,Balanced_Colony04,2022-05-01,4Rep4,5,11.540603,10.3392,7.878334,11.240182,10.446426,10.19382,7.652418,6.776555,10.434216,11.609664,10.626213,11.266995,7.996677,10.589995,10.431768,10.11685,,,,,,,,,,,,,,,,,,,,,,,,,,,,,,,,,,,,,,,,,,,,,,Two,,,,,,,,,,,,,,,,,,,,,,,,,,,,,,4,12,Winter,,2022-04-07,24,0.1666666667
Balanced,Balanced_Colony04,2022-05-01,4Rep4,5,Reward,Reward,Previsited,Reward,Reward,Reward,Previsited,Previsited,Previsited,Reward,Previsited,Reward,Previsited,Previsited,Previsited,Reward,,,,,,,,,,,,,,,,,,,,,,,,,,,,,,,,,,,,,,,,,,,,,,Three,,,,,,,,,,,,,,,,,,,,,,,,,,,,,,,,Winter,,2022-04-07,24,0.1666666667
Balanced,Balanced_Colony04,2022-05-01,4Rep4,5,,L2,R2,O4,L2,L1,L3,L2,L2,R3,R1,L3,R3,O4,R3,R2,,,,,,,,,,,,,,,,,,,,,,,,,,,,,,,,,,,,,,,,,,,,,,Four,,,,,,,,,,,,,,,,,,,,,,,,,,,,,,,,Winter,,2022-04-07,24,0.1666666667
Balanced,Balanced_Colony04,2022-05-01,4Rep4,6,2,5,7,8,6,8,4,5,6,1,3,,,,,,,,,,,,,,,,,,,,,,,,,,,,,,,,,,,,,,,,,,,,,,,,,,8,One,11,0,8,3,3,3,2,0,1,0,1,0,3,4,2,0.3,0.4,0.2,0.1,0,6,2,8,1,9,0.25,0.1111111111,-0.388888889,0.3888888889,,,Winter,,2022-04-07,24,0.1666666667
Balanced,Balanced_Colony04,2022-05-01,4Rep4,6,10.034649,10.333467,10.039155,11.361973,10.504613,10.114268,11.003506,11.141367,11.237199,10.463039,10.2088,,,,,,,,,,,,,,,,,,,,,,,,,,,,,,,,,,,,,,,,,,,,,,,,,,,Two,,,,,,,,,,,,,,,,,,,,,,,,,,,,,,0,11,Winter,,2022-04-07,24,0.1666666667
Balanced,Balanced_Colony04,2022-05-01,4Rep4,6,Reward,Reward,Reward,Reward,Reward,Previsited,Reward,Previsited,Previsited,Reward,Reward,,,,,,,,,,,,,,,,,,,,,,,,,,,,,,,,,,,,,,,,,,,,,,,,,,,Three,,,,,,,,,,,,,,,,,,,,,,,,,,,,,,,,Winter,,2022-04-07,24,0.1666666667
Balanced,Balanced_Colony04,2022-05-01,4Rep4,6,,L3,L2,L1,R2,L2,O4,L1,L1,L3,L2,,,,,,,,,,,,,,,,,,,,,,,,,,,,,,,,,,,,,,,,,,,,,,,,,,,Four,,,,,,,,,,,,,,,,,,,,,,,,,,,,,,,,Winter,,2022-04-07,24,0.1666666667
Balanced,Balanced_Colony04,2022-05-01,4Rep4,7,2,8,3,8,2,1,3,1,4,5,7,5,7,1,1,2,5,1,2,4,3,7,2,4,7,7,8,2,4,6,,,,,,,,,,,,,,,,,,,,,,,,,,,,,,,8,One,30,2,8,20,4,10,5,2,3,1,2,2,6,13,6,0.2068965517,0.4482758621,0.2068965517,0.0689655172,0.0689655172,4,11,19,6,25,0.4583333333,0.24,-0.26,0.26,,,Winter,,2022-04-07,24,0.1666666667
Balanced,Balanced_Colony04,2022-05-01,4Rep4,7,10.142002,11.217459,9.766415,10.320329,10.764578,11.169605,10.000558,11.155303,11.334524,10.457672,10.421655,10.301273,10.23363,10.155312,10.031929,9.576476,9.771363,11.420598,10.668704,10.567571,10.851382,11.577585,11.124559,11.200625,10.125613,9.84648,11.4507,10.894069,10.445382,10.203223,,,,,,,,,,,,,,,,,,,,,,,,,,,,,,,,Two,,,,,,,,,,,,,,,,,,,,,,,,,,,,,,0,30,Winter,,2022-04-07,24,0.1666666667
Balanced,Balanced_Colony04,2022-05-01,4Rep4,7,Reward,Reward,Reward,Previsited,Previsited,Reward,Previsited,Previsited,Reward,Reward,Reward,Previsited,Previsited,Previsited,Same,Previsited,Previsited,Previsited,Previsited,Previsited,Previsited,Previsited,Previsited,Previsited,Previsited,Same,Previsited,Previsited,Previsited,Reward,,,,,,,,,,,,,,,,,,,,,,,,,,,,,,,,Three,,,,,,,,,,,,,,,,,,,,,,,,,,,,,,,,Winter,,2022-04-07,24,0.1666666667
Balanced,Balanced_Colony04,2022-05-01,4Rep4,7,,R2,L3,R3,L2,R1,L2,R2,L3,L1,L2,R2,L2,L2,S0,L1,L3,O4,L1,L2,R1,O4,L3,L2,L3,S0,L1,L2,L2,L2,,,,,,,,,,,,,,,,,,,,,,,,,,,,,,,,Four,,,,,,,,,,,,,,,,,,,,,,,,,,,,,,,,Winter,,2022-04-07,24,0.1666666667
Balanced,Balanced_Colony04,2022-05-01,4Rep4,8,2,5,7,5,7,2,6,7,4,4,2,7,4,7,8,3,5,3,4,6,7,2,6,1,,,,,,,,,,,,,,,,,,,,,,,,,,,,,,,,,,,,,8,One,24,1,8,15,4,4,6,0,3,3,2,1,4,7,9,0.1739130435,0.3043478261,0.3913043478,0.0869565217,0.0434782609,4,6,14,6,20,0.3157894737,0.3,-0.2,0.2,,,Winter,,2022-04-07,24,0.1666666667
Balanced,Balanced_Colony04,2022-05-01,4Rep4,8,10.039446,9.675619,10.348245,9.403695,10.094997,10.165327,10.150666,10.265941,10.296825,10.037291,9.676768,9.871076,9.524308,11.264244,10.763021,10.464008,9.914641,10.488884,9.528707,10.42704,10.014193,9.91584,11.473335,10.334674,,,,,,,,,,,,,,,,,,,,,,,,,,,,,,,,,,,,,,Two,,,,,,,,,,,,,,,,,,,,,,,,,,,,,,0,24,Winter,,2022-04-07,24,0.1666666667
Balanced,Balanced_Colony04,2022-05-01,4Rep4,8,Reward,Reward,Reward,Previsited,Previsited,Previsited,Reward,Previsited,Reward,Same,Previsited,Previsited,Previsited,Previsited,Reward,Reward,Previsited,Previsited,Previsited,Previsited,Previsited,Previsited,Previsited,Reward,,,,,,,,,,,,,,,,,,,,,,,,,,,,,,,,,,,,,,Three,,,,,,,,,,,,,,,,,,,,,,,,,,,,,,,,Winter,,2022-04-07,24,0.1666666667
Balanced,Balanced_Colony04,2022-05-01,4Rep4,8,,L3,L2,R2,L2,L3,O4,L1,R3,S0,R2,R3,R3,L3,L1,L3,L2,R2,L1,L2,L1,L3,O4,L3,,,,,,,,,,,,,,,,,,,,,,,,,,,,,,,,,,,,,,Four,,,,,,,,,,,,,,,,,,,,,,,,,,,,,,,,Winter,,2022-04-07,24,0.1666666667
Balanced,Balanced_Colony04,2022-05-02,4Rep5,1,3,4,3,2,7,3,4,1,5,7,3,6,7,3,4,6,7,1,2,4,7,1,1,3,6,8,,,,,,,,,,,,,,,,,,,,,,,,,,,,,,,,,,,8,One,26,1,8,17,6,7,3,2,0,2,4,1,8,7,5,0.32,0.28,0.2,0.16,0.04,3,4,16,4,20,0.2105263158,0.2,-0.3,0.3,,,Winter,,2022-04-07,25,1.1666666667
Balanced,Balanced_Colony04,2022-05-02,4Rep5,1,11.504367,11.514935,11.273291,11.592139,11.462457,10.807157,10.563844,11.483066,11.462304,11.406679,10.364037,11.432215,11.549265,11.281259,11.115549,11.512209,10.17807,10.502312,10.28925,9.878716,11.471211,11.071745,11.281259,11.410506,11.163547,10.023532,,,,,,,,,,,,,,,,,,,,,,,,,,,,,,,,,,,,Two,,,,,,,,,,,,,,,,,,,,,,,,,,,,,,0,26,Winter,,2022-04-07,25,1.1666666667
Balanced,Balanced_Colony04,2022-05-02,4Rep5,1,Reward,Reward,Previsited,Reward,Reward,Previsited,Previsited,Reward,Reward,Previsited,Previsited,Reward,Previsited,Previsited,Previsited,Previsited,Previsited,Previsited,Previsited,Previsited,Previsited,Previsited,Same,Previsited,Previsited,Reward,,,,,,,,,,,,,,,,,,,,,,,,,,,,,,,,,,,,Three,,,,,,,,,,,,,,,,,,,,,,,,,,,,,,,,Winter,,2022-04-07,25,1.1666666667
Balanced,Balanced_Colony04,2022-05-02,4Rep5,1,,L1,R1,R1,R3,O4,L1,R3,O4,L2,O4,L3,L1,O4,L1,L2,L1,L2,L1,L2,L3,L2,S0,L2,L3,L2,,,,,,,,,,,,,,,,,,,,,,,,,,,,,,,,,,,,Four,,,,,,,,,,,,,,,,,,,,,,,,,,,,,,,,Winter,,2022-04-07,25,1.1666666667
Balanced,Balanced_Colony04,2022-05-02,4Rep5,2,1,1,4,6,3,4,7,3,5,8,3,5,6,8,7,4,2,6,8,2,5,1,,,,,,,,,,,,,,,,,,,,,,,,,,,,,,,,,,,,,,,8,One,22,1,8,13,2,6,5,1,1,2,3,1,3,7,7,0.1428571429,0.3333333333,0.3333333333,0.1428571429,0.0476190476,2,4,13,4,17,0.25,0.2352941176,-0.264705882,0.2647058824,,,Winter,,2022-04-07,25,1.1666666667
Balanced,Balanced_Colony04,2022-05-02,4Rep5,2,4.39366,11.366913,11.43421,11.215112,10.317836,11.551037,11.338479,11.398952,11.491398,11.433852,10.373681,10.026895,11.491652,10.646372,11.16208,10.899042,10.261326,10.28764,9.895395,10.412186,10.666968,10.321935,,,,,,,,,,,,,,,,,,,,,,,,,,,,,,,,,,,,,,,,Two,,,,,,,,,,,,,,,,,,,,,,,,,,,,,,1,21,Winter,,2022-04-07,25,1.1666666667
Balanced,Balanced_Colony04,2022-05-02,4Rep5,2,Reward,Same,Reward,Reward,Reward,Previsited,Reward,Previsited,Reward,Reward,Previsited,Previsited,Previsited,Previsited,Previsited,Previsited,Reward,Previsited,Previsited,Previsited,Previsited,Previsited,,,,,,,,,,,,,,,,,,,,,,,,,,,,,,,,,,,,,,,,Three,,,,,,,,,,,,,,,,,,,,,,,,,,,,,,,,Winter,,2022-04-07,25,1.1666666667
Balanced,Balanced_Colony04,2022-05-02,4Rep5,2,,S0,L3,L2,R3,L1,L3,O4,L2,L3,L3,L2,L1,L2,R1,R3,R2,O4,L2,L2,L3,O4,,,,,,,,,,,,,,,,,,,,,,,,,,,,,,,,,,,,,,,,Four,,,,,,,,,,,,,,,,,,,,,,,,,,,,,,,,Winter,,2022-04-07,25,1.1666666667
Balanced,Balanced_Colony04,2022-05-02,4Rep5,3,8,2,6,7,5,6,5,1,2,3,4,1,8,,,,,,,,,,,,,,,,,,,,,,,,,,,,,,,,,,,,,,,,,,,,,,,,8,One,13,0,8,5,5,1,0,2,1,1,2,0,7,2,1,0.5833333333,0.1666666667,0.0833333333,0.1666666667,0,6,5,6,4,10,0.5555555556,0.4,-0.1,0.1,,,Winter,,2022-04-07,25,1.1666666667
Balanced,Balanced_Colony04,2022-05-02,4Rep5,3,11.868894,11.158675,10.41022,11.722814,11.535636,10.150301,11.267203,11.327385,11.237199,11.155373,11.042357,11.571438,10.371369,,,,,,,,,,,,,,,,,,,,,,,,,,,,,,,,,,,,,,,,,,,,,,,,,Two,,,,,,,,,,,,,,,,,,,,,,,,,,,,,,0,13,Winter,,2022-04-07,25,1.1666666667
Balanced,Balanced_Colony04,2022-05-02,4Rep5,3,Reward,Reward,Reward,Reward,Reward,Previsited,Previsited,Reward,Previsited,Reward,Reward,Previsited,Previsited,,,,,,,,,,,,,,,,,,,,,,,,,,,,,,,,,,,,,,,,,,,,,,,,,Three,,,,,,,,,,,,,,,,,,,,,,,,,,,,,,,,Winter,,2022-04-07,25,1.1666666667
Balanced,Balanced_Colony04,2022-05-02,4Rep5,3,,L2,O4,L1,R2,L1,R1,O4,L1,L1,L1,R3,R1,,,,,,,,,,,,,,,,,,,,,,,,,,,,,,,,,,,,,,,,,,,,,,,,,Four,,,,,,,,,,,,,,,,,,,,,,,,,,,,,,,,Winter,,2022-04-07,25,1.1666666667
Balanced,Balanced_Colony04,2022-05-02,4Rep5,4,5,8,4,8,5,3,6,8,3,7,1,4,6,7,2,,,,,,,,,,,,,,,,,,,,,,,,,,,,,,,,,,,,,,,,,,,,,,8,One,15,0,8,7,1,3,5,0,1,1,3,0,1,4,6,0.0714285714,0.2857142857,0.4285714286,0.2142857143,0,4,2,9,2,11,0.2,0.1818181818,-0.318181818,0.3181818182,,,Winter,,2022-04-07,25,1.1666666667
Balanced,Balanced_Colony04,2022-05-02,4Rep5,4,11.441879,11.018235,10.461697,10.264574,10.198408,10.862675,11.138935,10.77712,9.690777,10.554946,11.422748,11.064771,11.010678,10.932988,9.780137,,,,,,,,,,,,,,,,,,,,,,,,,,,,,,,,,,,,,,,,,,,,,,,Two,,,,,,,,,,,,,,,,,,,,,,,,,,,,,,0,15,Winter,,2022-04-07,25,1.1666666667
Balanced,Balanced_Colony04,2022-05-02,4Rep5,4,Reward,Reward,Reward,Previsited,Previsited,Reward,Reward,Previsited,Previsited,Reward,Reward,Previsited,Previsited,Previsited,Reward,,,,,,,,,,,,,,,,,,,,,,,,,,,,,,,,,,,,,,,,,,,,,,,Three,,,,,,,,,,,,,,,,,,,,,,,,,,,,,,,,Winter,,2022-04-07,25,1.1666666667
Balanced,Balanced_Colony04,2022-05-02,4Rep5,4,,L3,O4,O4,R3,R2,L3,L2,L3,O4,L2,L3,L2,L1,L3,,,,,,,,,,,,,,,,,,,,,,,,,,,,,,,,,,,,,,,,,,,,,,,Four,,,,,,,,,,,,,,,,,,,,,,,,,,,,,,,,Winter,,2022-04-07,25,1.1666666667
Balanced,Balanced_Colony04,2022-05-02,4Rep5,5,1,4,2,5,1,3,7,4,8,3,1,6,,,,,,,,,,,,,,,,,,,,,,,,,,,,,,,,,,,,,,,,,,,,,,,,,8,One,12,0,8,4,0,1,3,0,2,2,3,0,0,3,5,0,0.2727272727,0.4545454545,0.2727272727,0,5,5,4,4,8,0.7142857143,0.5,0,0,,,Winter,,2022-04-07,25,1.1666666667
Balanced,Balanced_Colony04,2022-05-02,4Rep5,5,10.282712,9.90642,9.699765,10.01863,10.638753,11.15726,10.832756,9.754172,11.492466,9.765377,9.645838,10.074721,,,,,,,,,,,,,,,,,,,,,,,,,,,,,,,,,,,,,,,,,,,,,,,,,,Two,,,,,,,,,,,,,,,,,,,,,,,,,,,,,,0,12,Winter,,2022-04-07,25,1.1666666667
Balanced,Balanced_Colony04,2022-05-02,4Rep5,5,Reward,Reward,Reward,Reward,Previsited,Reward,Reward,Previsited,Reward,Previsited,Previsited,Reward,,,,,,,,,,,,,,,,,,,,,,,,,,,,,,,,,,,,,,,,,,,,,,,,,,Three,,,,,,,,,,,,,,,,,,,,,,,,,,,,,,,,Winter,,2022-04-07,25,1.1666666667
Balanced,Balanced_Colony04,2022-05-02,4Rep5,5,,L3,R2,L3,O4,L2,O4,R3,O4,L3,R2,R3,,,,,,,,,,,,,,,,,,,,,,,,,,,,,,,,,,,,,,,,,,,,,,,,,,Four,,,,,,,,,,,,,,,,,,,,,,,,,,,,,,,,Winter,,2022-04-07,25,1.1666666667
Balanced,Balanced_Colony04,2022-05-02,4Rep5,6,8,5,6,7,8,3,6,7,1,2,3,4,,,,,,,,,,,,,,,,,,,,,,,,,,,,,,,,,,,,,,,,,,,,,,,,,8,One,12,0,8,4,7,1,2,0,0,1,0,0,7,1,3,0.6363636364,0.0909090909,0.2727272727,0,0,5,1,10,1,11,0.1,0.0909090909,-0.409090909,0.4090909091,,,Winter,,2022-04-07,25,1.1666666667
Balanced,Balanced_Colony04,2022-05-02,4Rep5,6,11.1736,9.613511,10.782382,11.144166,9.905456,10.750989,9.715647,10.253269,10.374583,10.307913,10.431395,9.604849,,,,,,,,,,,,,,,,,,,,,,,,,,,,,,,,,,,,,,,,,,,,,,,,,,Two,,,,,,,,,,,,,,,,,,,,,,,,,,,,,,0,12,Winter,,2022-04-07,25,1.1666666667
Balanced,Balanced_Colony04,2022-05-02,4Rep5,6,Reward,Reward,Reward,Reward,Previsited,Reward,Previsited,Previsited,Reward,Reward,Previsited,Reward,,,,,,,,,,,,,,,,,,,,,,,,,,,,,,,,,,,,,,,,,,,,,,,,,,Three,,,,,,,,,,,,,,,,,,,,,,,,,,,,,,,,Winter,,2022-04-07,25,1.1666666667
Balanced,Balanced_Colony04,2022-05-02,4Rep5,6,,R3,L1,L1,L1,L3,L3,L1,L2,L1,L1,L1,,,,,,,,,,,,,,,,,,,,,,,,,,,,,,,,,,,,,,,,,,,,,,,,,,Four,,,,,,,,,,,,,,,,,,,,,,,,,,,,,,,,Winter,,2022-04-07,25,1.1666666667
Balanced,Balanced_Colony04,2022-05-02,4Rep5,7,8,8,1,4,6,3,6,8,3,5,6,8,2,5,6,1,2,3,5,7,,,,,,,,,,,,,,,,,,,,,,,,,,,,,,,,,,,,,,,,,8,One,20,1,8,11,5,7,5,0,0,1,0,1,5,7,6,0.2631578947,0.3684210526,0.3157894737,0,0.0526315789,2,2,17,1,18,0.1176470588,0.0555555556,-0.444444444,0.4444444444,,,Winter,,2022-04-07,25,1.1666666667
Balanced,Balanced_Colony04,2022-05-02,4Rep5,7,4.35677,11.057157,11.267203,10.622782,10.105746,10.110644,11.422782,9.961362,10.005255,10.30379,10.100633,9.793421,9.894035,10.094302,10.229268,10.694708,10.148822,11.295816,10.163198,10.19944,,,,,,,,,,,,,,,,,,,,,,,,,,,,,,,,,,,,,,,,,,Two,,,,,,,,,,,,,,,,,,,,,,,,,,,,,,1,19,Winter,,2022-04-07,25,1.1666666667
Balanced,Balanced_Colony04,2022-05-02,4Rep5,7,Reward,Same,Reward,Reward,Reward,Reward,Previsited,Previsited,Previsited,Reward,Previsited,Previsited,Reward,Previsited,Previsited,Previsited,Previsited,Previsited,Previsited,Reward,,,,,,,,,,,,,,,,,,,,,,,,,,,,,,,,,,,,,,,,,,Three,,,,,,,,,,,,,,,,,,,,,,,,,,,,,,,,Winter,,2022-04-07,25,1.1666666667
Balanced,Balanced_Colony04,2022-05-02,4Rep5,7,,S0,L1,L3,L2,R3,L3,L2,L3,L2,L1,L2,L2,L3,L1,L3,L1,L1,L2,L2,,,,,,,,,,,,,,,,,,,,,,,,,,,,,,,,,,,,,,,,,,Four,,,,,,,,,,,,,,,,,,,,,,,,,,,,,,,,Winter,,2022-04-07,25,1.1666666667
Balanced,Balanced_Colony04,2022-05-02,4Rep5,8,5,8,3,4,6,2,4,7,8,3,5,6,7,2,3,2,3,1,,,,,,,,,,,,,,,,,,,,,,,,,,,,,,,,,,,,,,,,,,,8,One,18,0,8,10,6,3,5,1,1,0,1,0,7,4,5,0.4117647059,0.2352941176,0.2941176471,0.0588235294,0,7,3,14,2,16,0.2,0.125,-0.375,0.375,,,Winter,,2022-04-07,25,1.1666666667
Balanced,Balanced_Colony04,2022-05-02,4Rep5,8,10.132618,10.089821,10.306702,10.950179,11.235325,10.291808,9.897876,10.684314,9.810067,10.10889,10.890167,9.944813,10.931989,11.236435,10.209049,10.155677,10.808112,10.180138,,,,,,,,,,,,,,,,,,,,,,,,,,,,,,,,,,,,,,,,,,,,Two,,,,,,,,,,,,,,,,,,,,,,,,,,,,,,0,18,Winter,,2022-04-07,25,1.1666666667
Balanced,Balanced_Colony04,2022-05-02,4Rep5,8,Reward,Reward,Reward,Reward,Reward,Reward,Previsited,Reward,Previsited,Previsited,Previsited,Previsited,Previsited,Previsited,Previsited,Previsited,Previsited,Reward,,,,,,,,,,,,,,,,,,,,,,,,,,,,,,,,,,,,,,,,,,,,Three,,,,,,,,,,,,,,,,,,,,,,,,,,,,,,,,Winter,,2022-04-07,25,1.1666666667
Balanced,Balanced_Colony04,2022-05-02,4Rep5,8,,L3,L3,L1,L2,O4,L2,L3,L1,L3,L2,L1,L1,L3,L1,R1,L1,R2,,,,,,,,,,,,,,,,,,,,,,,,,,,,,,,,,,,,,,,,,,,,Four,,,,,,,,,,,,,,,,,,,,,,,,,,,,,,,,Winter,,2022-04-07,25,1.1666666667
Balanced,Balanced_Colony04,2022-05-02,4Rep6,1,7,1,2,3,8,2,6,1,3,5,6,1,4,,,,,,,,,,,,,,,,,,,,,,,,,,,,,,,,,,,,,,,,,,,,,,,,8,One,13,0,8,5,3,4,3,0,0,1,1,0,3,4,4,0.25,0.3333333333,0.3333333333,0.0833333333,0,6,2,10,1,11,0.2,0.0909090909,-0.409090909,0.4090909091,,,Winter,,2022-04-07,25,1.1666666667
Balanced,Balanced_Colony04,2022-05-02,4Rep6,1,11.489481,10.709625,10.953507,11.208454,10.447173,10.701705,10.840869,10.587565,10.718431,10.197452,10.246023,10.136253,10.113594,,,,,,,,,,,,,,,,,,,,,,,,,,,,,,,,,,,,,,,,,,,,,,,,,Two,,,,,,,,,,,,,,,,,,,,,,,,,,,,,,0,13,Winter,,2022-04-07,25,1.1666666667
Balanced,Balanced_Colony04,2022-05-02,4Rep6,1,Reward,Reward,Reward,Reward,Reward,Previsited,Reward,Previsited,Previsited,Reward,Previsited,Previsited,Reward,,,,,,,,,,,,,,,,,,,,,,,,,,,,,,,,,,,,,,,,,,,,,,,,,Three,,,,,,,,,,,,,,,,,,,,,,,,,,,,,,,,Winter,,2022-04-07,25,1.1666666667
Balanced,Balanced_Colony04,2022-05-02,4Rep6,1,,L2,L1,L1,R3,L2,O4,L3,L2,L2,L1,L3,L3,,,,,,,,,,,,,,,,,,,,,,,,,,,,,,,,,,,,,,,,,,,,,,,,,Four,,,,,,,,,,,,,,,,,,,,,,,,,,,,,,,,Winter,,2022-04-07,25,1.1666666667
Balanced,Balanced_Colony04,2022-05-02,4Rep6,2,6,2,6,1,3,5,1,3,5,8,2,7,2,4,,,,,,,,,,,,,,,,,,,,,,,,,,,,,,,,,,,,,,,,,,,,,,,8,One,14,0,8,6,0,6,3,0,0,1,3,0,0,6,4,0,0.4615384615,0.3076923077,0.2307692308,0,3,2,9,1,10,0.2222222222,0.1,-0.4,0.4,,,Winter,,2022-04-07,25,1.1666666667
Balanced,Balanced_Colony04,2022-05-02,4Rep6,2,11.372982,10.34001,11.254878,11.699928,11.365678,11.75594,11.53229,11.653052,10.576661,10.386882,11.181117,11.476716,10.469073,9.999389,,,,,,,,,,,,,,,,,,,,,,,,,,,,,,,,,,,,,,,,,,,,,,,,Two,,,,,,,,,,,,,,,,,,,,,,,,,,,,,,0,14,Winter,,2022-04-07,25,1.1666666667
Balanced,Balanced_Colony04,2022-05-02,4Rep6,2,Reward,Reward,Previsited,Reward,Reward,Reward,Previsited,Previsited,Previsited,Reward,Previsited,Reward,Previsited,Reward,,,,,,,,,,,,,,,,,,,,,,,,,,,,,,,,,,,,,,,,,,,,,,,,Three,,,,,,,,,,,,,,,,,,,,,,,,,,,,,,,,Winter,,2022-04-07,25,1.1666666667
Balanced,Balanced_Colony04,2022-05-02,4Rep6,2,,O4,O4,L3,L2,L2,O4,L2,L2,L3,L2,R3,L3,L2,,,,,,,,,,,,,,,,,,,,,,,,,,,,,,,,,,,,,,,,,,,,,,,,Four,,,,,,,,,,,,,,,,,,,,,,,,,,,,,,,,Winter,,2022-04-07,25,1.1666666667
Balanced,Balanced_Colony04,2022-05-02,4Rep6,3,8,3,4,6,1,5,6,8,1,2,6,8,3,5,8,3,5,1,5,2,4,4,2,6,3,5,1,1,5,2,3,7,,,,,,,,,,,,,,,,,,,,,,,,,,,,,8,One,32,2,8,22,5,7,5,0,1,3,8,2,5,8,8,0.1612903226,0.2580645161,0.2580645161,0.2580645161,0.064516129,7,6,17,4,21,0.3,0.1904761905,-0.30952381,0.3095238095,,,Winter,,2022-04-07,25,1.1666666667
Balanced,Balanced_Colony04,2022-05-02,4Rep6,3,10.114519,10.946191,10.207998,10.054986,11.631873,11.280948,11.17939,10.357038,11.644518,11.214956,10.280039,10.129309,10.072109,10.319479,9.913068,10.190549,10.416266,10.317836,10.834214,10.267384,10.084178,11.078873,11.633766,10.125459,11.569012,10.139214,10.292433,10.762151,11.309009,11.312559,9.567353,11.136152,,,,,,,,,,,,,,,,,,,,,,,,,,,,,,Two,,,,,,,,,,,,,,,,,,,,,,,,,,,,,,0,32,Winter,,2022-04-07,25,1.1666666667
Balanced,Balanced_Colony04,2022-05-02,4Rep6,3,Reward,Reward,Reward,Reward,Reward,Reward,Previsited,Previsited,Previsited,Reward,Previsited,Previsited,Previsited,Previsited,Previsited,Previsited,Previsited,Previsited,Previsited,Previsited,Previsited,Same,Previsited,Previsited,Previsited,Previsited,Previsited,Same,Previsited,Previsited,Previsited,Reward,,,,,,,,,,,,,,,,,,,,,,,,,,,,,,Three,,,,,,,,,,,,,,,,,,,,,,,,,,,,,,,,Winter,,2022-04-07,25,1.1666666667
Balanced,Balanced_Colony04,2022-05-02,4Rep6,3,,L3,L1,L2,L3,O4,L1,L2,L1,L1,O4,L2,L3,L2,L3,L3,L2,O4,O4,R3,L2,S0,R2,O4,R3,L2,O4,S0,O4,R3,L1,O4,,,,,,,,,,,,,,,,,,,,,,,,,,,,,,Four,,,,,,,,,,,,,,,,,,,,,,,,,,,,,,,,Winter,,2022-04-07,25,1.1666666667
Balanced,Balanced_Colony04,2022-05-02,4Rep6,4,8,5,8,2,5,4,1,4,2,4,6,1,3,7,,,,,,,,,,,,,,,,,,,,,,,,,,,,,,,,,,,,,,,,,,,,,,,8,One,14,0,8,6,0,4,4,1,1,2,1,0,1,5,6,0.0769230769,0.3846153846,0.4615384615,0.0769230769,0,3,5,8,4,12,0.4545454545,0.3333333333,-0.166666667,0.1666666667,,,Winter,,2022-04-07,25,1.1666666667
Balanced,Balanced_Colony04,2022-05-02,4Rep6,4,10.401454,10.305,10.300762,10.883328,10.122379,11.215025,11.602476,9.964492,10.724267,9.754572,10.52806,10.748958,11.255831,10.240771,,,,,,,,,,,,,,,,,,,,,,,,,,,,,,,,,,,,,,,,,,,,,,,,Two,,,,,,,,,,,,,,,,,,,,,,,,,,,,,,0,14,Winter,,2022-04-07,25,1.1666666667
Balanced,Balanced_Colony04,2022-05-02,4Rep6,4,Reward,Reward,Previsited,Reward,Previsited,Reward,Reward,Previsited,Previsited,Previsited,Reward,Previsited,Reward,Reward,,,,,,,,,,,,,,,,,,,,,,,,,,,,,,,,,,,,,,,,,,,,,,,,Three,,,,,,,,,,,,,,,,,,,,,,,,,,,,,,,,Winter,,2022-04-07,25,1.1666666667
Balanced,Balanced_Colony04,2022-05-02,4Rep6,4,,R3,L3,L2,L3,R1,R3,L3,R2,L2,L2,L3,L2,O4,,,,,,,,,,,,,,,,,,,,,,,,,,,,,,,,,,,,,,,,,,,,,,,,Four,,,,,,,,,,,,,,,,,,,,,,,,,,,,,,,,Winter,,2022-04-07,25,1.1666666667
Balanced,Balanced_Colony04,2022-05-02,4Rep6,5,5,8,5,7,4,3,4,6,3,5,7,1,3,5,7,1,2,,,,,,,,,,,,,,,,,,,,,,,,,,,,,,,,,,,,,,,,,,,,8,One,17,0,8,9,2,9,1,1,0,3,0,0,3,9,4,0.1875,0.5625,0.25,0,0,3,6,12,4,16,0.4,0.25,-0.25,0.25,,,Winter,,2022-04-07,25,1.1666666667
Balanced,Balanced_Colony04,2022-05-02,4Rep6,5,10.091443,10.34687,9.816185,10.038844,10.683219,10.986859,10.72772,10.346663,10.527523,9.899019,9.694196,10.806832,10.584196,9.53658,10.615237,10.782689,10.108061,,,,,,,,,,,,,,,,,,,,,,,,,,,,,,,,,,,,,,,,,,,,,Two,,,,,,,,,,,,,,,,,,,,,,,,,,,,,,0,17,Winter,,2022-04-07,25,1.1666666667
Balanced,Balanced_Colony04,2022-05-02,4Rep6,5,Reward,Reward,Previsited,Reward,Reward,Reward,Previsited,Reward,Previsited,Previsited,Previsited,Reward,Previsited,Previsited,Previsited,Previsited,Reward,,,,,,,,,,,,,,,,,,,,,,,,,,,,,,,,,,,,,,,,,,,,,Three,,,,,,,,,,,,,,,,,,,,,,,,,,,,,,,,Winter,,2022-04-07,25,1.1666666667
Balanced,Balanced_Colony04,2022-05-02,4Rep6,5,,L3,R3,L2,R3,R1,L1,L2,R3,L2,L2,L2,L2,L2,L2,L2,L1,,,,,,,,,,,,,,,,,,,,,,,,,,,,,,,,,,,,,,,,,,,,,Four,,,,,,,,,,,,,,,,,,,,,,,,,,,,,,,,Winter,,2022-04-07,25,1.1666666667
Balanced,Balanced_Colony04,2022-05-02,4Rep6,6,6,3,5,7,3,4,1,3,7,1,4,6,8,1,4,6,2,,,,,,,,,,,,,,,,,,,,,,,,,,,,,,,,,,,,,,,,,,,,8,One,17,0,8,9,2,7,2,0,0,2,3,0,2,7,4,0.125,0.4375,0.25,0.1875,0,5,3,11,2,13,0.25,0.1538461538,-0.346153846,0.3461538462,,,Winter,,2022-04-07,25,1.1666666667
Balanced,Balanced_Colony04,2022-05-02,4Rep6,6,10.490426,10.027012,10.456721,10.339935,9.673061,10.316702,10.222958,9.772181,10.101251,10.341217,10.073038,10.227743,10.334768,9.902484,9.43895,10.271484,9.703923,,,,,,,,,,,,,,,,,,,,,,,,,,,,,,,,,,,,,,,,,,,,,Two,,,,,,,,,,,,,,,,,,,,,,,,,,,,,,0,17,Winter,,2022-04-07,25,1.1666666667
Balanced,Balanced_Colony04,2022-05-02,4Rep6,6,Reward,Reward,Reward,Reward,Previsited,Reward,Reward,Previsited,Previsited,Previsited,Previsited,Previsited,Reward,Previsited,Previsited,Previsited,Reward,,,,,,,,,,,,,,,,,,,,,,,,,,,,,,,,,,,,,,,,,,,,,Three,,,,,,,,,,,,,,,,,,,,,,,,,,,,,,,,Winter,,2022-04-07,25,1.1666666667
Balanced,Balanced_Colony04,2022-05-02,4Rep6,6,,R3,L2,L2,O4,L1,R3,L2,O4,L2,L3,L2,L2,L1,L3,L2,O4,,,,,,,,,,,,,,,,,,,,,,,,,,,,,,,,,,,,,,,,,,,,,Four,,,,,,,,,,,,,,,,,,,,,,,,,,,,,,,,Winter,,2022-04-07,25,1.1666666667
Balanced,Balanced_Colony04,2022-05-02,4Rep6,7,6,8,3,8,4,1,4,6,1,2,4,5,8,3,5,1,3,5,7,,,,,,,,,,,,,,,,,,,,,,,,,,,,,,,,,,,,,,,,,,8,One,19,0,8,11,2,7,5,0,0,2,2,0,2,7,7,0.1111111111,0.3888888889,0.3888888889,0.1111111111,0,4,2,14,2,16,0.1333333333,0.125,-0.375,0.375,,,Winter,,2022-04-07,25,1.1666666667
Balanced,Balanced_Colony04,2022-05-02,4Rep6,7,10.067463,10.267517,10.737164,10.824116,10.564269,11.173478,10.058572,10.504149,10.446277,11.237459,10.052718,10.695145,10.941097,10.440734,10.712191,10.30379,10.271484,10.186034,9.760345,,,,,,,,,,,,,,,,,,,,,,,,,,,,,,,,,,,,,,,,,,,Two,,,,,,,,,,,,,,,,,,,,,,,,,,,,,,0,19,Winter,,2022-04-07,25,1.1666666667
Balanced,Balanced_Colony04,2022-05-02,4Rep6,7,Reward,Reward,Reward,Previsited,Reward,Reward,Previsited,Previsited,Previsited,Reward,Previsited,Reward,Previsited,Previsited,Previsited,Previsited,Previsited,Previsited,Reward,,,,,,,,,,,,,,,,,,,,,,,,,,,,,,,,,,,,,,,,,,,Three,,,,,,,,,,,,,,,,,,,,,,,,,,,,,,,,Winter,,2022-04-07,25,1.1666666667
Balanced,Balanced_Colony04,2022-05-02,4Rep6,7,,L2,L3,R3,O4,R3,L3,L2,L3,L1,L2,L1,L3,L3,L2,O4,L2,L2,L2,,,,,,,,,,,,,,,,,,,,,,,,,,,,,,,,,,,,,,,,,,,Four,,,,,,,,,,,,,,,,,,,,,,,,,,,,,,,,Winter,,2022-04-07,25,1.1666666667
Balanced,Balanced_Colony04,2022-05-02,4Rep6,8,7,3,5,2,5,8,4,6,8,4,6,2,5,8,3,5,7,1,,,,,,,,,,,,,,,,,,,,,,,,,,,,,,,,,,,,,,,,,,,8,One,18,0,8,10,0,7,5,0,0,1,4,0,0,7,6,0,0.4117647059,0.3529411765,0.2352941176,0,5,2,12,1,13,0.1666666667,0.0769230769,-0.423076923,0.4230769231,,,Winter,,2022-04-07,25,1.1666666667
Balanced,Balanced_Colony04,2022-05-02,4Rep6,8,10.427657,10.41593,10.164636,9.881103,10.395849,10.782816,10.331901,10.49897,10.184197,9.639935,10.247944,9.781572,10.289913,10.35892,9.669735,10.436103,10.780104,9.866988,,,,,,,,,,,,,,,,,,,,,,,,,,,,,,,,,,,,,,,,,,,,Two,,,,,,,,,,,,,,,,,,,,,,,,,,,,,,0,18,Winter,,2022-04-07,25,1.1666666667
Balanced,Balanced_Colony04,2022-05-02,4Rep6,8,Reward,Reward,Reward,Reward,Previsited,Reward,Reward,Reward,Previsited,Previsited,Previsited,Previsited,Previsited,Previsited,Previsited,Previsited,Previsited,Reward,,,,,,,,,,,,,,,,,,,,,,,,,,,,,,,,,,,,,,,,,,,,Three,,,,,,,,,,,,,,,,,,,,,,,,,,,,,,,,Winter,,2022-04-07,25,1.1666666667
Balanced,Balanced_Colony04,2022-05-02,4Rep6,8,,O4,L2,R3,L3,L3,O4,L2,L2,O4,L2,O4,L3,L3,L3,L2,L2,L2,,,,,,,,,,,,,,,,,,,,,,,,,,,,,,,,,,,,,,,,,,,,Four,,,,,,,,,,,,,,,,,,,,,,,,,,,,,,,,Winter,,2022-04-07,25,1.1666666667
Balanced,Balanced_Colony05,2022-06-01,5Rep1,1,7,3,6,1,3,7,2,6,1,3,8,3,5,3,7,8,5,8,4,,,,,,,,,,,,,,,,,,,,,,,,,,,,,,,,,,,,,,,,,,8,One,19,0,8,11,1,3,6,0,1,2,5,0,1,4,8,0.0555555556,0.2222222222,0.4444444444,0.2777777778,0,5,6,10,3,13,0.5,0.2307692308,-0.269230769,0.2692307692,,,Winter,,2022-05-09,23,-1.5
Balanced,Balanced_Colony05,2022-06-01,5Rep1,1,11.162639,11.575042,11.497825,11.513005,10.191085,10.038611,11.271354,11.195211,11.029675,10.004066,9.979544,9.971337,10.665853,9.815371,10.626304,10.890489,10.59478,9.582744,9.880215,,,,,,,,,,,,,,,,,,,,,,,,,,,,,,,,,,,,,,,,,,,Two,,,,,,,,,,,,,,,,,,,,,,,,,,,,,,0,19,Winter,,2022-05-09,23,-1.5
Balanced,Balanced_Colony05,2022-06-01,5Rep1,1,Reward,Reward,Reward,Reward,Previsited,Previsited,Reward,Previsited,Previsited,Previsited,Reward,Previsited,Reward,Previsited,Previsited,Previsited,Previsited,Previsited,Reward,,,,,,,,,,,,,,,,,,,,,,,,,,,,,,,,,,,,,,,,,,,Three,,,,,,,,,,,,,,,,,,,,,,,,,,,,,,,,Winter,,2022-05-09,23,-1.5
Balanced,Balanced_Colony05,2022-06-01,5Rep1,1,,O4,L3,L3,L2,O4,L3,O4,L3,L2,R3,L3,L2,R2,O4,L1,R3,L3,O4,,,,,,,,,,,,,,,,,,,,,,,,,,,,,,,,,,,,,,,,,,,Four,,,,,,,,,,,,,,,,,,,,,,,,,,,,,,,,Winter,,2022-05-09,23,-1.5
Balanced,Balanced_Colony05,2022-06-01,5Rep1,2,8,3,1,5,2,7,8,4,7,3,7,1,5,8,4,7,7,6,,,,,,,,,,,,,,,,,,,,,,,,,,,,,,,,,,,,,,,,,,,8,One,18,1,8,9,1,1,4,1,1,2,6,1,2,2,6,0.1176470588,0.1176470588,0.3529411765,0.3529411765,0.0588235294,7,3,6,4,10,0.3333333333,0.4,-0.1,0.1,,,Winter,,2022-05-09,23,-1.5
Balanced,Balanced_Colony05,2022-06-01,5Rep1,2,11.570427,9.745635,11.600241,11.025309,10.408591,10.216301,9.971337,10.39598,11.41481,10.984056,11.018872,11.714164,11.32532,11.45196,10.984428,10.108215,11.477412,10.01211,,,,,,,,,,,,,,,,,,,,,,,,,,,,,,,,,,,,,,,,,,,,Two,,,,,,,,,,,,,,,,,,,,,,,,,,,,,,0,18,Winter,,2022-05-09,23,-1.5
Balanced,Balanced_Colony05,2022-06-01,5Rep1,2,Reward,Reward,Reward,Reward,Reward,Reward,Previsited,Reward,Previsited,Previsited,Previsited,Previsited,Previsited,Previsited,Previsited,Previsited,Same,Reward,,,,,,,,,,,,,,,,,,,,,,,,,,,,,,,,,,,,,,,,,,,,Three,,,,,,,,,,,,,,,,,,,,,,,,,,,,,,,,Winter,,2022-05-09,23,-1.5
Balanced,Balanced_Colony05,2022-06-01,5Rep1,2,,L3,R2,O4,R3,R3,L1,O4,L3,O4,O4,L2,O4,L3,O4,L3,S0,R1,,,,,,,,,,,,,,,,,,,,,,,,,,,,,,,,,,,,,,,,,,,,Four,,,,,,,,,,,,,,,,,,,,,,,,,,,,,,,,Winter,,2022-05-09,23,-1.5
Balanced,Balanced_Colony05,2022-06-01,5Rep1,3,5,1,6,3,7,8,7,5,1,6,1,6,3,1,7,3,7,8,2,6,3,5,7,8,5,3,8,2,4,,,,,,,,,,,,,,,,,,,,,,,,,,,,,,,,8,One,29,0,8,21,3,5,1,1,4,8,6,0,4,9,9,0.1428571429,0.3214285714,0.3214285714,0.2142857143,0,7,9,9,13,22,0.4285714286,0.5909090909,0.0909090909,0.0909090909,,,Winter,,2022-05-09,23,-1.5
Balanced,Balanced_Colony05,2022-06-01,5Rep1,3,11.050121,10.236678,11.4323,10.316249,10.024407,10.842109,9.594453,11.378756,11.32594,10.135619,11.696046,9.821366,10.010533,9.912754,11.448844,10.122147,11.296851,11.324494,11.610923,9.605499,9.801658,11.406679,9.703542,11.355246,4.639991,8.948005,11.681254,10.397499,9.955137,,,,,,,,,,,,,,,,,,,,,,,,,,,,,,,,,Two,,,,,,,,,,,,,,,,,,,,,,,,,,,,,,2,27,Winter,,2022-05-09,23,-1.5
Balanced,Balanced_Colony05,2022-06-01,5Rep1,3,Reward,Reward,Reward,Reward,Reward,Reward,Previsited,Previsited,Previsited,Previsited,Previsited,Previsited,Previsited,Previsited,Previsited,Previsited,Previsited,Previsited,Reward,Previsited,Previsited,Previsited,Previsited,Previsited,Previsited,Previsited,Previsited,Previsited,Reward,,,,,,,,,,,,,,,,,,,,,,,,,,,,,,,,,Three,,,,,,,,,,,,,,,,,,,,,,,,,,,,,,,,Winter,,2022-05-09,23,-1.5
Balanced,Balanced_Colony05,2022-06-01,5Rep1,3,,O4,R3,R3,O4,L1,R1,R2,O4,R3,L3,R3,R3,R2,R2,O4,O4,L1,L2,O4,R3,L2,L2,L1,R3,R2,R3,L2,L2,,,,,,,,,,,,,,,,,,,,,,,,,,,,,,,,,Four,,,,,,,,,,,,,,,,,,,,,,,,,,,,,,,,Winter,,2022-05-09,23,-1.5
Balanced,Balanced_Colony05,2022-06-01,5Rep1,4,8,5,8,2,3,2,1,3,5,1,8,4,8,5,2,7,1,3,6,,,,,,,,,,,,,,,,,,,,,,,,,,,,,,,,,,,,,,,,,,8,One,19,0,8,11,1,5,2,3,0,4,3,0,4,5,6,0.2222222222,0.2777777778,0.3333333333,0.1666666667,0,3,5,8,7,15,0.3571428571,0.4666666667,-0.033333333,0.0333333333,,,Winter,,2022-05-09,23,-1.5
Balanced,Balanced_Colony05,2022-06-01,5Rep1,4,11.294159,11.189133,9.656421,10.426367,11.468169,8.811531,11.701927,9.761384,10.089511,9.733287,11.860614,11.473013,8.035365,7.457726,10.394499,10.104396,9.924074,10.20286,10.092293,,,,,,,,,,,,,,,,,,,,,,,,,,,,,,,,,,,,,,,,,,,Two,,,,,,,,,,,,,,,,,,,,,,,,,,,,,,3,16,Winter,,2022-05-09,23,-1.5
Balanced,Balanced_Colony05,2022-06-01,5Rep1,4,Reward,Reward,Previsited,Reward,Reward,Previsited,Reward,Previsited,Previsited,Previsited,Previsited,Reward,Previsited,Previsited,Previsited,Reward,Previsited,Previsited,Reward,,,,,,,,,,,,,,,,,,,,,,,,,,,,,,,,,,,,,,,,,,,Three,,,,,,,,,,,,,,,,,,,,,,,,,,,,,,,,Winter,,2022-05-09,23,-1.5
Balanced,Balanced_Colony05,2022-06-01,5Rep1,4,,R3,L3,L2,L1,R1,R1,L2,L2,O4,R1,O4,O4,R3,R3,R3,L2,L2,L3,,,,,,,,,,,,,,,,,,,,,,,,,,,,,,,,,,,,,,,,,,,Four,,,,,,,,,,,,,,,,,,,,,,,,,,,,,,,,Winter,,2022-05-09,23,-1.5
Balanced,Balanced_Colony05,2022-06-01,5Rep1,5,2,8,3,4,6,7,1,4,1,6,4,1,2,5,,,,,,,,,,,,,,,,,,,,,,,,,,,,,,,,,,,,,,,,,,,,,,,8,One,14,0,8,6,3,2,3,0,2,3,0,0,3,4,6,0.2307692308,0.3076923077,0.4615384615,0,0,8,3,8,5,13,0.25,0.3846153846,-0.115384615,0.1153846154,,,Winter,,2022-05-09,23,-1.5
Balanced,Balanced_Colony05,2022-06-01,5Rep1,5,9.51325,10.16964,10.849658,10.096483,11.220586,11.546294,10.382471,9.094888,10.694307,10.048936,8.551618,9.915231,10.756553,10.362532,,,,,,,,,,,,,,,,,,,,,,,,,,,,,,,,,,,,,,,,,,,,,,,,Two,,,,,,,,,,,,,,,,,,,,,,,,,,,,,,1,13,Winter,,2022-05-09,23,-1.5
Balanced,Balanced_Colony05,2022-06-01,5Rep1,5,Reward,Reward,Reward,Reward,Reward,Reward,Reward,Previsited,Previsited,Previsited,Previsited,Previsited,Previsited,Reward,,,,,,,,,,,,,,,,,,,,,,,,,,,,,,,,,,,,,,,,,,,,,,,,Three,,,,,,,,,,,,,,,,,,,,,,,,,,,,,,,,Winter,,2022-05-09,23,-1.5
Balanced,Balanced_Colony05,2022-06-01,5Rep1,5,,R2,L3,L1,L2,L1,L2,L3,R3,R3,R2,R3,L1,L3,,,,,,,,,,,,,,,,,,,,,,,,,,,,,,,,,,,,,,,,,,,,,,,,Four,,,,,,,,,,,,,,,,,,,,,,,,,,,,,,,,Winter,,2022-05-09,23,-1.5
Balanced,Balanced_Colony05,2022-06-01,5Rep1,6,3,6,2,8,4,5,6,1,4,1,2,3,6,2,7,,,,,,,,,,,,,,,,,,,,,,,,,,,,,,,,,,,,,,,,,,,,,,8,One,15,0,8,7,4,0,4,0,1,2,3,0,4,1,6,0.2857142857,0.0714285714,0.4285714286,0.2142857143,0,7,5,8,3,11,0.5,0.2727272727,-0.227272727,0.2272727273,,,Winter,,2022-05-09,23,-1.5
Balanced,Balanced_Colony05,2022-06-01,5Rep1,6,10.044435,10.326919,10.538405,9.850656,11.104566,10.506765,10.264555,11.658922,9.921991,11.198432,9.576334,9.945382,9.938696,8.899906,9.964003,,,,,,,,,,,,,,,,,,,,,,,,,,,,,,,,,,,,,,,,,,,,,,,Two,,,,,,,,,,,,,,,,,,,,,,,,,,,,,,1,14,Winter,,2022-05-09,23,-1.5
Balanced,Balanced_Colony05,2022-06-01,5Rep1,6,Reward,Reward,Reward,Reward,Reward,Reward,Previsited,Reward,Previsited,Previsited,Previsited,Previsited,Previsited,Previsited,Reward,,,,,,,,,,,,,,,,,,,,,,,,,,,,,,,,,,,,,,,,,,,,,,,Three,,,,,,,,,,,,,,,,,,,,,,,,,,,,,,,,Winter,,2022-05-09,23,-1.5
Balanced,Balanced_Colony05,2022-06-01,5Rep1,6,,L3,O4,R2,O4,L1,L1,L3,L3,R3,L1,L1,L3,O4,R3,,,,,,,,,,,,,,,,,,,,,,,,,,,,,,,,,,,,,,,,,,,,,,,Four,,,,,,,,,,,,,,,,,,,,,,,,,,,,,,,,Winter,,2022-05-09,23,-1.5
Balanced,Balanced_Colony05,2022-06-01,5Rep1,7,6,8,2,5,2,6,3,2,5,7,4,7,4,8,6,3,8,5,3,1,,,,,,,,,,,,,,,,,,,,,,,,,,,,,,,,,,,,,,,,,8,One,20,0,8,12,0,3,3,1,3,7,2,0,1,6,10,0.0526315789,0.3157894737,0.5263157895,0.1052631579,0,5,5,6,11,17,0.3125,0.6470588235,0.1470588235,0.1470588235,,,Winter,,2022-05-09,23,-1.5
Balanced,Balanced_Colony05,2022-06-01,5Rep1,7,10.195885,10.760902,9.998219,9.661769,10.07536,9.585123,11.102055,8.286565,8.894407,10.289762,9.794317,11.625721,10.208285,10.939404,9.895395,10.12209,10.236944,9.236989,9.817217,10.371952,,,,,,,,,,,,,,,,,,,,,,,,,,,,,,,,,,,,,,,,,,Two,,,,,,,,,,,,,,,,,,,,,,,,,,,,,,2,18,Winter,,2022-05-09,23,-1.5
Balanced,Balanced_Colony05,2022-06-01,5Rep1,7,Reward,Reward,Reward,Reward,Previsited,Previsited,Reward,Previsited,Previsited,Reward,Reward,Previsited,Previsited,Previsited,Previsited,Previsited,Previsited,Previsited,Previsited,Reward,,,,,,,,,,,,,,,,,,,,,,,,,,,,,,,,,,,,,,,,,,Three,,,,,,,,,,,,,,,,,,,,,,,,,,,,,,,,Winter,,2022-05-09,23,-1.5
Balanced,Balanced_Colony05,2022-06-01,5Rep1,7,,L2,L2,L3,R3,O4,R3,R1,L3,L2,R3,L3,R3,O4,R2,R3,R3,R3,R2,R2,,,,,,,,,,,,,,,,,,,,,,,,,,,,,,,,,,,,,,,,,,Four,,,,,,,,,,,,,,,,,,,,,,,,,,,,,,,,Winter,,2022-05-09,23,-1.5
Balanced,Balanced_Colony05,2022-06-01,5Rep1,8,5,6,4,5,1,6,6,4,1,6,4,1,7,1,8,4,8,6,4,2,7,3,,,,,,,,,,,,,,,,,,,,,,,,,,,,,,,,,,,,,,,8,One,22,1,8,13,2,1,0,1,7,5,4,1,3,8,5,0.1428571429,0.380952381,0.2380952381,0.1904761905,0.0476190476,4,5,3,13,16,0.3333333333,0.8125,0.3125,0.3125,,,Winter,,2022-05-09,23,-1.5
Balanced,Balanced_Colony05,2022-06-01,5Rep1,8,10.834502,9.622206,11.333441,10.082148,10.120664,10.666584,4.362627,10.90049,9.780914,10.979157,7.902002,9.95218,10.751315,9.72884,10.260319,9.68003,10.272091,9.484356,8.342339,10.802917,9.887315,10.166209,,,,,,,,,,,,,,,,,,,,,,,,,,,,,,,,,,,,,,,,Two,,,,,,,,,,,,,,,,,,,,,,,,,,,,,,3,19,Winter,,2022-05-09,23,-1.5
Balanced,Balanced_Colony05,2022-06-01,5Rep1,8,Reward,Reward,Reward,Previsited,Reward,Previsited,Same,Previsited,Previsited,Previsited,Previsited,Previsited,Reward,Previsited,Reward,Previsited,Previsited,Previsited,Previsited,Reward,Previsited,Reward,,,,,,,,,,,,,,,,,,,,,,,,,,,,,,,,,,,,,,,,Three,,,,,,,,,,,,,,,,,,,,,,,,,,,,,,,,Winter,,2022-05-09,23,-1.5
Balanced,Balanced_Colony05,2022-06-01,5Rep1,8,,L1,R2,L1,O4,R3,S0,R2,R3,R3,R2,R3,R2,L2,R1,O4,O4,R2,R2,R2,R3,O4,,,,,,,,,,,,,,,,,,,,,,,,,,,,,,,,,,,,,,,,Four,,,,,,,,,,,,,,,,,,,,,,,,,,,,,,,,Winter,,2022-05-09,23,-1.5
Balanced,Balanced_Colony05,2022-06-01,5Rep2,1,4,7,3,6,2,4,8,3,7,6,1,6,7,1,5,,,,,,,,,,,,,,,,,,,,,,,,,,,,,,,,,,,,,,,,,,,,,,8,One,15,0,8,7,1,2,4,1,0,1,5,0,2,2,5,0.1428571429,0.1428571429,0.3571428571,0.3571428571,0,6,4,7,2,9,0.5,0.2222222222,-0.277777778,0.2777777778,,,Winter,,2022-05-09,23,-1.5
Balanced,Balanced_Colony05,2022-06-01,5Rep2,1,11.137395,11.74529,11.305596,11.088633,11.136485,10.134215,10.364281,10.464734,10.469967,10.704218,11.549265,10.824674,10.91884,11.339579,10.539071,,,,,,,,,,,,,,,,,,,,,,,,,,,,,,,,,,,,,,,,,,,,,,,Two,,,,,,,,,,,,,,,,,,,,,,,,,,,,,,0,15,Winter,,2022-05-09,23,-1.5
Balanced,Balanced_Colony05,2022-06-01,5Rep2,1,Reward,Reward,Reward,Reward,Reward,Previsited,Reward,Previsited,Previsited,Previsited,Reward,Previsited,Previsited,Previsited,Reward,,,,,,,,,,,,,,,,,,,,,,,,,,,,,,,,,,,,,,,,,,,,,,,Three,,,,,,,,,,,,,,,,,,,,,,,,,,,,,,,,Winter,,2022-05-09,23,-1.5
Balanced,Balanced_Colony05,2022-06-01,5Rep2,1,,L3,O4,L3,O4,L2,O4,L3,O4,R1,L3,R3,L1,L2,O4,,,,,,,,,,,,,,,,,,,,,,,,,,,,,,,,,,,,,,,,,,,,,,,Four,,,,,,,,,,,,,,,,,,,,,,,,,,,,,,,,Winter,,2022-05-09,23,-1.5
Balanced,Balanced_Colony05,2022-06-01,5Rep2,2,4,7,3,7,3,1,5,4,1,8,3,6,2,,,,,,,,,,,,,,,,,,,,,,,,,,,,,,,,,,,,,,,,,,,,,,,,8,One,13,0,8,5,0,0,3,2,1,1,5,0,2,1,4,0.1666666667,0.0833333333,0.3333333333,0.4166666667,0,4,2,3,4,7,0.3333333333,0.5714285714,0.0714285714,0.0714285714,,,Winter,,2022-05-09,23,-1.5
Balanced,Balanced_Colony05,2022-06-01,5Rep2,2,10.394499,11.337826,11.172082,10.387408,9.649152,11.054689,11.312318,10.978659,9.926214,10.915126,9.943814,10.663002,9.817555,,,,,,,,,,,,,,,,,,,,,,,,,,,,,,,,,,,,,,,,,,,,,,,,,Two,,,,,,,,,,,,,,,,,,,,,,,,,,,,,,0,13,Winter,,2022-05-09,23,-1.5
Balanced,Balanced_Colony05,2022-06-01,5Rep2,2,Reward,Reward,Reward,Previsited,Previsited,Reward,Reward,Previsited,Previsited,Reward,Previsited,Reward,Reward,,,,,,,,,,,,,,,,,,,,,,,,,,,,,,,,,,,,,,,,,,,,,,,,,Three,,,,,,,,,,,,,,,,,,,,,,,,,,,,,,,,Winter,,2022-05-09,23,-1.5
Balanced,Balanced_Colony05,2022-06-01,5Rep2,2,,L3,O4,O4,O4,R2,O4,R1,R3,R1,L3,L3,O4,,,,,,,,,,,,,,,,,,,,,,,,,,,,,,,,,,,,,,,,,,,,,,,,,Four,,,,,,,,,,,,,,,,,,,,,,,,,,,,,,,,Winter,,2022-05-09,23,-1.5
Balanced,Balanced_Colony05,2022-06-01,5Rep2,3,6,3,6,3,6,5,4,1,8,3,8,2,4,7,,,,,,,,,,,,,,,,,,,,,,,,,,,,,,,,,,,,,,,,,,,,,,,8,One,14,0,8,6,0,2,4,3,0,4,0,0,3,2,8,0.2307692308,0.1538461538,0.6153846154,0,0,3,7,6,7,13,0.5833333333,0.5384615385,0.0384615385,0.0384615385,,,Winter,,2022-05-09,23,-1.5
Balanced,Balanced_Colony05,2022-06-01,5Rep2,3,9.938637,10.04653,9.422849,10.260547,10.079131,10.963095,10.516686,11.007119,11.254463,11.478584,9.886704,11.439664,11.412829,9.745335,,,,,,,,,,,,,,,,,,,,,,,,,,,,,,,,,,,,,,,,,,,,,,,,Two,,,,,,,,,,,,,,,,,,,,,,,,,,,,,,0,14,Winter,,2022-05-09,23,-1.5
Balanced,Balanced_Colony05,2022-06-01,5Rep2,3,Reward,Reward,Previsited,Previsited,Previsited,Reward,Reward,Reward,Reward,Previsited,Previsited,Reward,Previsited,Reward,,,,,,,,,,,,,,,,,,,,,,,,,,,,,,,,,,,,,,,,,,,,,,,,Three,,,,,,,,,,,,,,,,,,,,,,,,,,,,,,,,Winter,,2022-05-09,23,-1.5
Balanced,Balanced_Colony05,2022-06-01,5Rep2,3,,R3,L3,R3,L3,R1,R1,R3,R1,L3,R3,L2,L2,L3,,,,,,,,,,,,,,,,,,,,,,,,,,,,,,,,,,,,,,,,,,,,,,,,Four,,,,,,,,,,,,,,,,,,,,,,,,,,,,,,,,Winter,,2022-05-09,23,-1.5
Balanced,Balanced_Colony05,2022-06-01,5Rep2,4,6,7,4,8,3,8,5,3,8,6,1,5,2,,,,,,,,,,,,,,,,,,,,,,,,,,,,,,,,,,,,,,,,,,,,,,,,8,One,13,0,8,5,1,0,2,0,2,5,2,0,1,2,7,0.0833333333,0.1666666667,0.5833333333,0.1666666667,0,6,5,3,7,10,0.5555555556,0.7,0.2,0.2,,,Winter,,2022-05-09,23,-1.5
Balanced,Balanced_Colony05,2022-06-01,5Rep2,4,10.543934,10.199115,9.882267,10.230944,10.118449,10.070076,10.239096,9.673363,10.11315,10.604049,10.612721,10.022365,10.033017,,,,,,,,,,,,,,,,,,,,,,,,,,,,,,,,,,,,,,,,,,,,,,,,,Two,,,,,,,,,,,,,,,,,,,,,,,,,,,,,,0,13,Winter,,2022-05-09,23,-1.5
Balanced,Balanced_Colony05,2022-06-01,5Rep2,4,Reward,Reward,Reward,Reward,Reward,Previsited,Reward,Previsited,Previsited,Previsited,Reward,Previsited,Reward,,,,,,,,,,,,,,,,,,,,,,,,,,,,,,,,,,,,,,,,,,,,,,,,,Three,,,,,,,,,,,,,,,,,,,,,,,,,,,,,,,,Winter,,2022-05-09,23,-1.5
Balanced,Balanced_Colony05,2022-06-01,5Rep2,4,,L1,R3,O4,L3,R3,R3,R2,R3,R2,L3,O4,R3,,,,,,,,,,,,,,,,,,,,,,,,,,,,,,,,,,,,,,,,,,,,,,,,,Four,,,,,,,,,,,,,,,,,,,,,,,,,,,,,,,,Winter,,2022-05-09,23,-1.5
Balanced,Balanced_Colony05,2022-06-01,5Rep2,5,3,7,7,3,1,6,1,4,1,5,3,8,5,1,5,1,5,8,4,7,3,7,3,6,8,2,,,,,,,,,,,,,,,,,,,,,,,,,,,,,,,,,,,8,One,26,1,8,17,0,2,5,0,2,4,11,1,0,4,9,0,0.16,0.36,0.44,0.04,3,3,7,6,13,0.25,0.4615384615,-0.038461538,0.0384615385,,,Winter,,2022-05-09,23,-1.5
Balanced,Balanced_Colony05,2022-06-01,5Rep2,5,10.808708,10.391085,4.347858,9.485425,10.441462,10.614356,10.323502,9.908761,10.502813,10.783539,9.77607,11.163547,11.00161,10.675991,10.726884,10.505652,10.739723,10.861724,10.336918,10.234297,9.843708,10.349677,10.652906,11.278615,11.02324,9.805694,,,,,,,,,,,,,,,,,,,,,,,,,,,,,,,,,,,,Two,,,,,,,,,,,,,,,,,,,,,,,,,,,,,,1,25,Winter,,2022-05-09,23,-1.5
Balanced,Balanced_Colony05,2022-06-01,5Rep2,5,Reward,Reward,Same,Previsited,Reward,Reward,Previsited,Reward,Previsited,Reward,Previsited,Reward,Previsited,Previsited,Previsited,Previsited,Previsited,Previsited,Previsited,Previsited,Previsited,Previsited,Previsited,Previsited,Previsited,Reward,,,,,,,,,,,,,,,,,,,,,,,,,,,,,,,,,,,,Three,,,,,,,,,,,,,,,,,,,,,,,,,,,,,,,,Winter,,2022-05-09,23,-1.5
Balanced,Balanced_Colony05,2022-06-01,5Rep2,5,,O4,S0,O4,R2,R3,L3,L3,R3,O4,R2,R3,R3,O4,O4,O4,O4,L3,O4,L3,O4,O4,O4,L3,L2,L2,,,,,,,,,,,,,,,,,,,,,,,,,,,,,,,,,,,,Four,,,,,,,,,,,,,,,,,,,,,,,,,,,,,,,,Winter,,2022-05-09,23,-1.5
Balanced,Balanced_Colony05,2022-06-01,5Rep2,6,4,1,6,8,4,7,3,6,8,2,7,5,,,,,,,,,,,,,,,,,,,,,,,,,,,,,,,,,,,,,,,,,,,,,,,,,8,One,12,0,8,4,0,3,2,0,1,3,2,0,0,4,5,0,0.3636363636,0.4545454545,0.1818181818,0,5,2,5,4,9,0.25,0.4444444444,-0.055555556,0.0555555556,,,Winter,,2022-05-09,23,-1.5
Balanced,Balanced_Colony05,2022-06-01,5Rep2,6,9.518228,10.107116,10.348076,11.610117,9.715647,11.275642,10.853681,9.895926,10.268143,10.237268,10.296579,10.029111,,,,,,,,,,,,,,,,,,,,,,,,,,,,,,,,,,,,,,,,,,,,,,,,,,Two,,,,,,,,,,,,,,,,,,,,,,,,,,,,,,0,12,Winter,,2022-05-09,23,-1.5
Balanced,Balanced_Colony05,2022-06-01,5Rep2,6,Reward,Reward,Reward,Reward,Previsited,Reward,Reward,Previsited,Previsited,Reward,Previsited,Reward,,,,,,,,,,,,,,,,,,,,,,,,,,,,,,,,,,,,,,,,,,,,,,,,,,Three,,,,,,,,,,,,,,,,,,,,,,,,,,,,,,,,Winter,,2022-05-09,23,-1.5
Balanced,Balanced_Colony05,2022-06-01,5Rep2,6,,R3,R3,L2,O4,L3,O4,L3,L2,L2,R3,R2,,,,,,,,,,,,,,,,,,,,,,,,,,,,,,,,,,,,,,,,,,,,,,,,,,Four,,,,,,,,,,,,,,,,,,,,,,,,,,,,,,,,Winter,,2022-05-09,23,-1.5
Balanced,Balanced_Colony05,2022-06-01,5Rep2,7,4,2,8,5,8,3,5,7,3,4,5,6,7,1,,,,,,,,,,,,,,,,,,,,,,,,,,,,,,,,,,,,,,,,,,,,,,,8,One,14,0,8,6,4,3,2,0,2,1,1,0,4,5,3,0.3076923077,0.3846153846,0.2307692308,0.0769230769,0,5,1,9,3,12,0.0909090909,0.25,-0.25,0.25,,,Winter,,2022-05-09,23,-1.5
Balanced,Balanced_Colony05,2022-06-01,5Rep2,7,9.98425,9.646545,9.978567,11.240113,9.653575,10.177898,9.803567,11.380126,9.522445,10.746328,9.794317,10.365955,10.01754,10.123534,,,,,,,,,,,,,,,,,,,,,,,,,,,,,,,,,,,,,,,,,,,,,,,,Two,,,,,,,,,,,,,,,,,,,,,,,,,,,,,,0,14,Winter,,2022-05-09,23,-1.5
Balanced,Balanced_Colony05,2022-06-01,5Rep2,7,Reward,Reward,Reward,Reward,Previsited,Reward,Previsited,Reward,Previsited,Previsited,Previsited,Reward,Previsited,Reward,,,,,,,,,,,,,,,,,,,,,,,,,,,,,,,,,,,,,,,,,,,,,,,,Three,,,,,,,,,,,,,,,,,,,,,,,,,,,,,,,,Winter,,2022-05-09,23,-1.5
Balanced,Balanced_Colony05,2022-06-01,5Rep2,7,,R2,R2,R3,L3,L3,L2,L2,O4,L1,L1,L1,L1,L2,,,,,,,,,,,,,,,,,,,,,,,,,,,,,,,,,,,,,,,,,,,,,,,,Four,,,,,,,,,,,,,,,,,,,,,,,,,,,,,,,,Winter,,2022-05-09,23,-1.5
Balanced,Balanced_Colony05,2022-06-01,5Rep2,8,6,8,5,8,5,7,4,7,4,5,6,7,2,7,1,4,5,7,8,1,2,3,,,,,,,,,,,,,,,,,,,,,,,,,,,,,,,,,,,,,,,8,One,22,0,8,14,8,4,4,0,0,5,0,0,8,4,9,0.380952381,0.1904761905,0.4285714286,0,0,4,10,16,5,21,0.5,0.2380952381,-0.261904762,0.2619047619,,,Winter,,2022-05-09,23,-1.5
Balanced,Balanced_Colony05,2022-06-01,5Rep2,8,9.807841,9.889089,10.205993,9.755891,10.074644,10.591155,10.11737,9.692688,9.714444,9.894508,10.551031,10.499434,10.554208,9.77591,10.806832,11.413598,10.072109,9.628038,10.252964,9.63413,10.60289,10.445885,,,,,,,,,,,,,,,,,,,,,,,,,,,,,,,,,,,,,,,,Two,,,,,,,,,,,,,,,,,,,,,,,,,,,,,,0,22,Winter,,2022-05-09,23,-1.5
Balanced,Balanced_Colony05,2022-06-01,5Rep2,8,Reward,Reward,Reward,Previsited,Previsited,Reward,Reward,Previsited,Previsited,Previsited,Previsited,Previsited,Reward,Previsited,Reward,Previsited,Previsited,Previsited,Previsited,Previsited,Previsited,Reward,,,,,,,,,,,,,,,,,,,,,,,,,,,,,,,,,,,,,,,,Three,,,,,,,,,,,,,,,,,,,,,,,,,,,,,,,,Winter,,2022-05-09,23,-1.5
Balanced,Balanced_Colony05,2022-06-01,5Rep2,8,,L2,R3,L3,R3,L2,R3,L3,R3,L1,L1,L1,L3,R3,L2,L3,L1,L2,L1,L1,L1,L1,,,,,,,,,,,,,,,,,,,,,,,,,,,,,,,,,,,,,,,,Four,,,,,,,,,,,,,,,,,,,,,,,,,,,,,,,,Winter,,2022-05-09,23,-1.5
Balanced,Balanced_Colony05,2022-06-01,5Rep3,1,5,4,5,2,2,6,3,2,3,5,6,2,5,1,2,5,6,2,5,3,2,5,2,4,3,6,2,7,4,6,2,5,1,1,2,5,1,5,1,2,6,7,3,4,7,3,2,5,4,2,1,8,,,,,,,,,8,One,52,2,8,42,9,3,9,8,2,5,13,2,17,5,14,0.3333333333,0.0980392157,0.2745098039,0.2549019608,0.0392156863,3,14,21,15,36,0.4,0.4166666667,-0.083333333,0.0833333333,,,Winter,,2022-05-09,23,-1.5
Balanced,Balanced_Colony05,2022-06-01,5Rep3,1,11.409686,10.34687,11.19347,11.50911,10.721504,11.412471,11.542022,11.570427,10.349808,10.784714,11.590121,11.432147,10.506765,11.462457,10.917144,11.227915,11.353598,11.512209,9.963143,10.018922,9.985792,11.490448,9.991491,11.51099,11.575042,11.316625,10.90049,11.453389,11.613139,11.401688,9.964492,10.749864,11.463885,11.534994,11.261059,11.526677,11.345955,10.238315,11.383209,9.993597,11.156578,11.51656,11.32532,11.333854,11.479161,11.778171,11.511735,10.799939,10.359691,11.393496,10.607798,9.886704,,,,,,,,,,Two,,,,,,,,,,,,,,,,,,,,,,,,,,,,,,0,52,Winter,,2022-05-09,23,-1.5
Balanced,Balanced_Colony05,2022-06-01,5Rep3,1,Reward,Reward,Previsited,Reward,Same,Reward,Reward,Previsited,Previsited,Previsited,Previsited,Previsited,Previsited,Reward,Previsited,Previsited,Previsited,Previsited,Previsited,Previsited,Previsited,Previsited,Previsited,Previsited,Previsited,Previsited,Previsited,Reward,Previsited,Previsited,Previsited,Previsited,Previsited,Same,Previsited,Previsited,Previsited,Previsited,Previsited,Previsited,Previsited,Previsited,Previsited,Previsited,Previsited,Previsited,Previsited,Previsited,Previsited,Previsited,Previsited,Reward,,,,,,,,,,Three,,,,,,,,,,,,,,,,,,,,,,,,,,,,,,,,Winter,,2022-05-09,23,-1.5
Balanced,Balanced_Colony05,2022-06-01,5Rep3,1,,R1,L1,R3,S0,O4,R3,R1,L1,L2,L1,O4,L3,O4,L1,L3,L1,O4,L3,R2,R1,L3,R3,L2,R1,L3,O4,R3,R3,L2,O4,L3,O4,S0,L1,L3,O4,O4,O4,L1,O4,L1,O4,L1,L3,O4,R1,L3,R1,R2,R1,R1,,,,,,,,,,Four,,,,,,,,,,,,,,,,,,,,,,,,,,,,,,,,Winter,,2022-05-09,23,-1.5
Balanced,Balanced_Colony05,2022-06-01,5Rep3,2,1,3,4,7,3,8,1,2,4,1,4,7,3,6,1,4,6,3,8,2,1,4,8,3,6,8,7,2,1,2,1,8,7,5,,,,,,,,,,,,,,,,,,,,,,,,,,,8,One,34,0,8,26,4,5,10,6,1,4,3,0,10,6,14,0.303030303,0.1818181818,0.4242424242,0.0909090909,0,5,13,19,11,30,0.4482758621,0.3666666667,-0.133333333,0.1333333333,,,Winter,,2022-05-09,23,-1.5
Balanced,Balanced_Colony05,2022-06-01,5Rep3,2,11.768618,10.447602,11.168208,11.353855,10.231459,11.501147,11.826512,11.369656,11.244135,11.253337,10.257526,11.534994,9.961734,11.182267,10.2793,10.07654,10.647653,9.948733,10.527023,10.420701,10.19577,10.170043,10.412748,9.926371,11.339631,10.92762,11.698512,9.899294,11.114286,10.423076,5.086344,11.661998,11.548606,9.804243,,,,,,,,,,,,,,,,,,,,,,,,,,,,Two,,,,,,,,,,,,,,,,,,,,,,,,,,,,,,1,33,Winter,,2022-05-09,23,-1.5
Balanced,Balanced_Colony05,2022-06-01,5Rep3,2,Reward,Reward,Reward,Reward,Previsited,Reward,Previsited,Reward,Previsited,Previsited,Previsited,Previsited,Previsited,Reward,Previsited,Previsited,Previsited,Previsited,Previsited,Previsited,Previsited,Previsited,Previsited,Previsited,Previsited,Previsited,Previsited,Previsited,Previsited,Previsited,Previsited,Previsited,Previsited,Reward,,,,,,,,,,,,,,,,,,,,,,,,,,,,Three,,,,,,,,,,,,,,,,,,,,,,,,,,,,,,,,Winter,,2022-05-09,23,-1.5
Balanced,Balanced_Colony05,2022-06-01,5Rep3,2,,L2,L1,L3,O4,R3,L1,L1,L2,R3,L3,L3,O4,L3,L3,L3,L2,R3,R3,L2,R1,L3,O4,L3,L3,L2,R1,L3,R1,L1,R1,R1,R1,R2,,,,,,,,,,,,,,,,,,,,,,,,,,,,Four,,,,,,,,,,,,,,,,,,,,,,,,,,,,,,,,Winter,,2022-05-09,23,-1.5
Balanced,Balanced_Colony05,2022-06-01,5Rep3,3,5,6,1,3,2,5,2,3,2,1,5,3,7,7,2,6,2,1,8,8,3,7,2,6,8,5,4,,,,,,,,,,,,,,,,,,,,,,,,,,,,,,,,,,8,One,27,2,8,17,2,2,5,6,1,2,6,2,8,3,7,0.3076923077,0.1153846154,0.2692307692,0.2307692308,0.0769230769,6,9,9,9,18,0.5294117647,0.5,0,0,,,Winter,,2022-05-09,23,-1.5
Balanced,Balanced_Colony05,2022-06-01,5Rep3,3,11.20494,9.742115,10.301273,11.603954,11.654758,10.45797,10.149226,11.434602,10.341613,10.205993,10.091965,11.574352,11.546902,11.505553,10.189172,10.614356,11.313834,10.670293,11.412419,11.660644,10.317288,10.722631,10.060277,9.492266,11.61188,10.067695,9.857086,,,,,,,,,,,,,,,,,,,,,,,,,,,,,,,,,,,Two,,,,,,,,,,,,,,,,,,,,,,,,,,,,,,0,27,Winter,,2022-05-09,23,-1.5
Balanced,Balanced_Colony05,2022-06-01,5Rep3,3,Reward,Reward,Reward,Reward,Reward,Previsited,Previsited,Previsited,Previsited,Previsited,Previsited,Previsited,Reward,Same,Previsited,Previsited,Previsited,Previsited,Reward,Same,Previsited,Previsited,Previsited,Previsited,Previsited,Previsited,Reward,,,,,,,,,,,,,,,,,,,,,,,,,,,,,,,,,,,Three,,,,,,,,,,,,,,,,,,,,,,,,,,,,,,,,Winter,,2022-05-09,23,-1.5
Balanced,Balanced_Colony05,2022-06-01,5Rep3,3,,L1,L3,L2,R1,L3,R3,L1,R1,R1,O4,R2,O4,S0,L3,O4,O4,R1,R1,S0,L3,O4,L3,O4,L2,R3,R1,,,,,,,,,,,,,,,,,,,,,,,,,,,,,,,,,,,Four,,,,,,,,,,,,,,,,,,,,,,,,,,,,,,,,Winter,,2022-05-09,23,-1.5
Balanced,Balanced_Colony05,2022-06-01,5Rep3,4,6,7,1,4,2,6,4,3,4,3,6,3,6,2,5,3,2,1,5,2,6,8,,,,,,,,,,,,,,,,,,,,,,,,,,,,,,,,,,,,,,,8,One,22,0,8,14,2,2,4,4,3,2,4,0,6,5,6,0.2857142857,0.2380952381,0.2857142857,0.1904761905,0,6,8,8,9,17,0.5,0.5294117647,0.0294117647,0.0294117647,,,Winter,,2022-05-09,23,-1.5
Balanced,Balanced_Colony05,2022-06-01,5Rep3,4,11.619516,10.165403,10.411568,11.252453,11.555491,9.616633,10.760612,11.255155,11.020022,11.207862,10.351635,10.526783,9.895395,10.563752,11.394317,11.322239,11.569365,10.130367,10.164981,10.785202,7.863946,10.326617,,,,,,,,,,,,,,,,,,,,,,,,,,,,,,,,,,,,,,,,Two,,,,,,,,,,,,,,,,,,,,,,,,,,,,,,1,21,Winter,,2022-05-09,23,-1.5
Balanced,Balanced_Colony05,2022-06-01,5Rep3,4,Reward,Reward,Reward,Reward,Reward,Previsited,Previsited,Reward,Previsited,Previsited,Previsited,Previsited,Previsited,Previsited,Reward,Previsited,Previsited,Previsited,Previsited,Previsited,Previsited,Reward,,,,,,,,,,,,,,,,,,,,,,,,,,,,,,,,,,,,,,,,Three,,,,,,,,,,,,,,,,,,,,,,,,,,,,,,,,Winter,,2022-05-09,23,-1.5
Balanced,Balanced_Colony05,2022-06-01,5Rep3,4,,L1,L2,L3,R2,O4,R2,R1,L1,R1,L3,R3,L3,O4,L3,R2,R1,R1,O4,R3,O4,L2,,,,,,,,,,,,,,,,,,,,,,,,,,,,,,,,,,,,,,,,Four,,,,,,,,,,,,,,,,,,,,,,,,,,,,,,,,Winter,,2022-05-09,23,-1.5
Balanced,Balanced_Colony05,2022-06-01,5Rep3,5,1,6,7,2,4,2,4,1,3,4,5,2,7,3,8,,,,,,,,,,,,,,,,,,,,,,,,,,,,,,,,,,,,,,,,,,,,,,8,One,15,0,8,7,3,3,1,0,1,5,1,0,3,4,6,0.2142857143,0.2857142857,0.4285714286,0.0714285714,0,6,6,7,6,13,0.5,0.4615384615,-0.038461538,0.0384615385,,,Winter,,2022-05-09,23,-1.5
Balanced,Balanced_Colony05,2022-06-01,5Rep3,5,10.177898,10.408123,11.616328,9.914425,10.085821,9.803865,9.536682,11.089002,10.348622,9.951377,10.112032,10.215386,10.329165,11.312008,10.428834,,,,,,,,,,,,,,,,,,,,,,,,,,,,,,,,,,,,,,,,,,,,,,,Two,,,,,,,,,,,,,,,,,,,,,,,,,,,,,,0,15,Winter,,2022-05-09,23,-1.5
Balanced,Balanced_Colony05,2022-06-01,5Rep3,5,Reward,Reward,Reward,Reward,Reward,Previsited,Previsited,Previsited,Reward,Previsited,Reward,Previsited,Previsited,Previsited,Reward,,,,,,,,,,,,,,,,,,,,,,,,,,,,,,,,,,,,,,,,,,,,,,,Three,,,,,,,,,,,,,,,,,,,,,,,,,,,,,,,,Winter,,2022-05-09,23,-1.5
Balanced,Balanced_Colony05,2022-06-01,5Rep3,5,,R3,L1,L3,L2,R2,L2,R3,L2,L1,L1,R3,R3,O4,R3,,,,,,,,,,,,,,,,,,,,,,,,,,,,,,,,,,,,,,,,,,,,,,,Four,,,,,,,,,,,,,,,,,,,,,,,,,,,,,,,,Winter,,2022-05-09,23,-1.5
Balanced,Balanced_Colony05,2022-06-01,5Rep3,6,1,4,2,7,2,5,3,4,7,8,5,4,5,4,1,6,,,,,,,,,,,,,,,,,,,,,,,,,,,,,,,,,,,,,,,,,,,,,8,One,16,0,8,8,3,0,4,2,2,4,0,0,5,2,8,0.3333333333,0.1333333333,0.5333333333,0,0,5,7,7,8,15,0.5,0.5333333333,0.0333333333,0.0333333333,,,Winter,,2022-05-09,23,-1.5
Balanced,Balanced_Colony05,2022-06-01,5Rep3,6,10.172649,10.151069,10.284229,11.081371,9.936578,10.318289,11.546294,10.290671,10.26389,10.745167,10.024873,10.583146,10.945906,10.440267,11.811273,9.775213,,,,,,,,,,,,,,,,,,,,,,,,,,,,,,,,,,,,,,,,,,,,,,Two,,,,,,,,,,,,,,,,,,,,,,,,,,,,,,0,16,Winter,,2022-05-09,23,-1.5
Balanced,Balanced_Colony05,2022-06-01,5Rep3,6,Reward,Reward,Reward,Reward,Previsited,Reward,Reward,Previsited,Previsited,Reward,Previsited,Previsited,Previsited,Previsited,Previsited,Reward,,,,,,,,,,,,,,,,,,,,,,,,,,,,,,,,,,,,,,,,,,,,,,Three,,,,,,,,,,,,,,,,,,,,,,,,,,,,,,,,Winter,,2022-05-09,23,-1.5
Balanced,Balanced_Colony05,2022-06-01,5Rep3,6,,L3,R2,R3,L3,L3,R2,L1,L3,L1,R3,R1,L1,R1,R3,R3,,,,,,,,,,,,,,,,,,,,,,,,,,,,,,,,,,,,,,,,,,,,,,Four,,,,,,,,,,,,,,,,,,,,,,,,,,,,,,,,Winter,,2022-05-09,23,-1.5
Balanced,Balanced_Colony05,2022-06-01,5Rep3,7,5,1,4,5,4,2,8,2,1,3,4,2,5,3,8,5,3,2,7,6,,,,,,,,,,,,,,,,,,,,,,,,,,,,,,,,,,,,,,,,,8,One,20,0,8,12,2,2,2,4,5,3,1,0,6,7,5,0.3157894737,0.3684210526,0.2631578947,0.0526315789,0,4,7,6,12,18,0.4117647059,0.6666666667,0.1666666667,0.1666666667,,,Winter,,2022-05-09,23,-1.5
Balanced,Balanced_Colony05,2022-06-01,5Rep3,7,5.166988,10.570983,11.158238,10.414732,11.137728,11.062709,11.042357,10.413796,10.199115,11.099878,9.718877,10.586737,10.112842,10.323634,10.310409,10.573785,10.288398,10.551031,10.387727,11.722565,,,,,,,,,,,,,,,,,,,,,,,,,,,,,,,,,,,,,,,,,,Two,,,,,,,,,,,,,,,,,,,,,,,,,,,,,,1,19,Winter,,2022-05-09,23,-1.5
Balanced,Balanced_Colony05,2022-06-01,5Rep3,7,Reward,Reward,Reward,Previsited,Previsited,Reward,Reward,Previsited,Previsited,Reward,Previsited,Previsited,Previsited,Previsited,Previsited,Previsited,Previsited,Previsited,Reward,Reward,,,,,,,,,,,,,,,,,,,,,,,,,,,,,,,,,,,,,,,,,,Three,,,,,,,,,,,,,,,,,,,,,,,,,,,,,,,,Winter,,2022-05-09,23,-1.5
Balanced,Balanced_Colony05,2022-06-01,5Rep3,7,,O4,L3,L1,R1,R2,R2,L2,R1,L2,L1,R2,L3,R2,R3,R3,R2,R1,R3,R1,,,,,,,,,,,,,,,,,,,,,,,,,,,,,,,,,,,,,,,,,,Four,,,,,,,,,,,,,,,,,,,,,,,,,,,,,,,,Winter,,2022-05-09,23,-1.5
Balanced,Balanced_Colony05,2022-06-01,5Rep3,8,1,1,3,5,6,7,1,4,2,8,,,,,,,,,,,,,,,,,,,,,,,,,,,,,,,,,,,,,,,,,,,,,,,,,,,8,One,10,1,8,1,2,3,1,0,2,0,0,1,2,5,1,0.2222222222,0.5555555556,0.1111111111,0,0.1111111111,2,1,6,2,8,0.1428571429,0.25,-0.25,0.25,,,Winter,,2022-05-09,23,-1.5
Balanced,Balanced_Colony05,2022-06-01,5Rep3,8,5.85188,10.052718,9.717613,10.052679,11.613626,10.537721,9.849489,10.349375,9.992661,10.766063,,,,,,,,,,,,,,,,,,,,,,,,,,,,,,,,,,,,,,,,,,,,,,,,,,,,Two,,,,,,,,,,,,,,,,,,,,,,,,,,,,,,1,9,Winter,,2022-05-09,23,-1.5
Balanced,Balanced_Colony05,2022-06-01,5Rep3,8,Reward,Same,Reward,Reward,Reward,Reward,Previsited,Reward,Reward,Reward,,,,,,,,,,,,,,,,,,,,,,,,,,,,,,,,,,,,,,,,,,,,,,,,,,,,Three,,,,,,,,,,,,,,,,,,,,,,,,,,,,,,,,Winter,,2022-05-09,23,-1.5
Balanced,Balanced_Colony05,2022-06-01,5Rep3,8,,S0,L2,L2,L1,L1,L2,L3,R2,R2,,,,,,,,,,,,,,,,,,,,,,,,,,,,,,,,,,,,,,,,,,,,,,,,,,,,Four,,,,,,,,,,,,,,,,,,,,,,,,,,,,,,,,Winter,,2022-05-09,23,-1.5
Balanced,Balanced_Colony05,2022-06-03,5Rep4,1,7,3,5,1,4,8,6,7,8,4,1,2,,,,,,,,,,,,,,,,,,,,,,,,,,,,,,,,,,,,,,,,,,,,,,,,,8,One,12,0,8,4,3,1,1,0,1,1,4,0,3,2,2,0.2727272727,0.1818181818,0.1818181818,0.3636363636,0,8,4,5,2,7,0.6666666667,0.2857142857,-0.214285714,0.2142857143,,,Winter,,2022-05-09,25,0.5
Balanced,Balanced_Colony05,2022-06-03,5Rep4,1,11.815761,11.180175,11.323255,10.826871,11.055201,10.333976,11.505638,10.150531,12.204488,9.561626,11.81162,11.258342,,,,,,,,,,,,,,,,,,,,,,,,,,,,,,,,,,,,,,,,,,,,,,,,,,Two,,,,,,,,,,,,,,,,,,,,,,,,,,,,,,0,12,Winter,,2022-05-09,25,0.5
Balanced,Balanced_Colony05,2022-06-03,5Rep4,1,Reward,Reward,Reward,Reward,Reward,Reward,Reward,Previsited,Previsited,Previsited,Previsited,Reward,,,,,,,,,,,,,,,,,,,,,,,,,,,,,,,,,,,,,,,,,,,,,,,,,,Three,,,,,,,,,,,,,,,,,,,,,,,,,,,,,,,,Winter,,2022-05-09,25,0.5
Balanced,Balanced_Colony05,2022-06-03,5Rep4,1,,O4,L2,O4,L3,O4,R2,L1,L1,O4,R3,L1,,,,,,,,,,,,,,,,,,,,,,,,,,,,,,,,,,,,,,,,,,,,,,,,,,Four,,,,,,,,,,,,,,,,,,,,,,,,,,,,,,,,Winter,,2022-05-09,25,0.5
Balanced,Balanced_Colony05,2022-06-03,5Rep4,2,5,3,6,1,8,2,6,7,8,1,7,2,2,3,5,6,2,3,2,6,2,5,6,5,5,4,,,,,,,,,,,,,,,,,,,,,,,,,,,,,,,,,,,8,One,26,2,8,16,7,2,4,4,2,0,4,2,11,4,4,0.44,0.16,0.16,0.16,0.08,7,8,13,6,19,0.4444444444,0.3157894737,-0.184210526,0.1842105263,,,Winter,,2022-05-09,25,0.5
Balanced,Balanced_Colony05,2022-06-03,5Rep4,2,9.707057,10.097005,11.452045,11.782804,10.114827,11.434602,9.855919,10.793819,10.100633,9.887827,11.494112,11.41411,4.383488,10.319423,10.250873,10.198351,11.295332,9.875992,11.778154,11.301543,9.725914,11.053208,9.549428,9.444999,4.545558,11.035559,,,,,,,,,,,,,,,,,,,,,,,,,,,,,,,,,,,,Two,,,,,,,,,,,,,,,,,,,,,,,,,,,,,,2,24,Winter,,2022-05-09,25,0.5
Balanced,Balanced_Colony05,2022-06-03,5Rep4,2,Reward,Reward,Reward,Reward,Reward,Reward,Previsited,Reward,Previsited,Previsited,Previsited,Previsited,Same,Previsited,Previsited,Previsited,Previsited,Previsited,Previsited,Previsited,Previsited,Previsited,Previsited,Previsited,Same,Reward,,,,,,,,,,,,,,,,,,,,,,,,,,,,,,,,,,,,Three,,,,,,,,,,,,,,,,,,,,,,,,,,,,,,,,Winter,,2022-05-09,25,0.5
Balanced,Balanced_Colony05,2022-06-03,5Rep4,2,,R2,L3,L3,R1,L2,O4,L1,L1,L1,R2,L3,S0,L1,L2,L1,O4,L1,R1,O4,O4,L3,L1,R1,S0,R1,,,,,,,,,,,,,,,,,,,,,,,,,,,,,,,,,,,,Four,,,,,,,,,,,,,,,,,,,,,,,,,,,,,,,,Winter,,2022-05-09,25,0.5
Balanced,Balanced_Colony05,2022-06-03,5Rep4,3,8,1,2,3,2,3,5,6,7,7,3,1,8,3,4,,,,,,,,,,,,,,,,,,,,,,,,,,,,,,,,,,,,,,,,,,,,,,8,One,15,1,8,6,7,1,1,2,1,0,1,1,9,2,1,0.6428571429,0.1428571429,0.0714285714,0.0714285714,0.0714285714,5,4,9,3,12,0.3636363636,0.25,-0.25,0.25,,,Winter,,2022-05-09,25,0.5
Balanced,Balanced_Colony05,2022-06-03,5Rep4,3,11.354559,11.350764,11.25474,11.409088,11.176095,10.086787,11.071533,11.693096,10.561334,11.326628,11.218918,10.097931,11.37353,11.343532,11.304647,,,,,,,,,,,,,,,,,,,,,,,,,,,,,,,,,,,,,,,,,,,,,,,Two,,,,,,,,,,,,,,,,,,,,,,,,,,,,,,0,15,Winter,,2022-05-09,25,0.5
Balanced,Balanced_Colony05,2022-06-03,5Rep4,3,Reward,Reward,Reward,Reward,Previsited,Previsited,Reward,Reward,Reward,Same,Previsited,Previsited,Previsited,Previsited,Reward,,,,,,,,,,,,,,,,,,,,,,,,,,,,,,,,,,,,,,,,,,,,,,,Three,,,,,,,,,,,,,,,,,,,,,,,,,,,,,,,,Winter,,2022-05-09,25,0.5
Balanced,Balanced_Colony05,2022-06-03,5Rep4,3,,L1,L1,L1,R1,L1,L2,L1,L1,S0,O4,R2,R1,L3,L1,,,,,,,,,,,,,,,,,,,,,,,,,,,,,,,,,,,,,,,,,,,,,,,Four,,,,,,,,,,,,,,,,,,,,,,,,,,,,,,,,Winter,,2022-05-09,25,0.5
Balanced,Balanced_Colony05,2022-06-03,5Rep4,4,7,2,3,4,5,3,4,3,4,3,2,1,8,3,4,8,3,2,4,5,2,6,,,,,,,,,,,,,,,,,,,,,,,,,,,,,,,,,,,,,,,8,One,22,0,8,14,7,1,3,6,1,1,2,0,13,2,4,0.619047619,0.0952380952,0.1904761905,0.0952380952,0,6,9,11,8,19,0.5,0.4210526316,-0.078947368,0.0789473684,,,Winter,,2022-05-09,25,0.5
Balanced,Balanced_Colony05,2022-06-03,5Rep4,4,11.296368,11.70992,11.592543,11.64994,11.308906,9.937362,11.597283,10.10914,10.108523,9.963553,10.80602,11.532797,11.451909,10.264498,10.577766,9.696247,9.971044,11.552302,10.267517,10.610811,11.468169,10.558122,,,,,,,,,,,,,,,,,,,,,,,,,,,,,,,,,,,,,,,,Two,,,,,,,,,,,,,,,,,,,,,,,,,,,,,,0,22,Winter,,2022-05-09,25,0.5
Balanced,Balanced_Colony05,2022-06-03,5Rep4,4,Reward,Reward,Reward,Reward,Reward,Previsited,Previsited,Previsited,Previsited,Previsited,Previsited,Reward,Reward,Previsited,Previsited,Previsited,Previsited,Previsited,Previsited,Previsited,Previsited,Reward,,,,,,,,,,,,,,,,,,,,,,,,,,,,,,,,,,,,,,,,Three,,,,,,,,,,,,,,,,,,,,,,,,,,,,,,,,Winter,,2022-05-09,25,0.5
Balanced,Balanced_Colony05,2022-06-03,5Rep4,4,,L3,L1,L1,L1,R2,L1,R1,L1,R1,R1,R1,R1,L3,L1,O4,L3,R1,L2,L1,R3,O4,,,,,,,,,,,,,,,,,,,,,,,,,,,,,,,,,,,,,,,,Four,,,,,,,,,,,,,,,,,,,,,,,,,,,,,,,,Winter,,2022-05-09,25,0.5
Balanced,Balanced_Colony05,2022-06-03,5Rep4,5,3,3,4,3,2,7,7,8,1,3,4,6,3,4,4,5,4,4,3,7,3,4,7,7,8,,,,,,,,,,,,,,,,,,,,,,,,,,,,,,,,,,,,8,One,25,5,8,12,8,2,1,4,0,2,2,5,12,2,3,0.5,0.0833333333,0.125,0.0833333333,0.2083333333,2,6,11,6,17,0.375,0.3529411765,-0.147058824,0.1470588235,,,Winter,,2022-05-09,25,0.5
Balanced,Balanced_Colony05,2022-06-03,5Rep4,5,6.300057,7.054559,10.407392,11.543863,11.570966,5.607617,10.489609,6.674156,11.503011,9.93022,4.344943,11.487954,9.983313,4.548516,4.349247,11.174577,10.760902,11.036848,11.637502,11.323048,9.926686,10.635014,4.41327,4.356368,11.175536,,,,,,,,,,,,,,,,,,,,,,,,,,,,,,,,,,,,,Two,,,,,,,,,,,,,,,,,,,,,,,,,,,,,,9,16,Winter,,2022-05-09,25,0.5
Balanced,Balanced_Colony05,2022-06-03,5Rep4,5,Reward,Same,Reward,Previsited,Reward,Reward,Same,Reward,Reward,Previsited,Previsited,Reward,Previsited,Previsited,Same,Reward,Previsited,Same,Previsited,Previsited,Previsited,Previsited,Previsited,Same,Previsited,,,,,,,,,,,,,,,,,,,,,,,,,,,,,,,,,,,,,Three,,,,,,,,,,,,,,,,,,,,,,,,,,,,,,,,Winter,,2022-05-09,25,0.5
Balanced,Balanced_Colony05,2022-06-03,5Rep4,5,,S0,L1,R1,R1,R3,S0,L1,L1,L2,L1,L2,R3,L1,S0,L1,R1,S0,R1,O4,O4,L1,L3,S0,L1,,,,,,,,,,,,,,,,,,,,,,,,,,,,,,,,,,,,,Four,,,,,,,,,,,,,,,,,,,,,,,,,,,,,,,,Winter,,2022-05-09,25,0.5
Balanced,Balanced_Colony05,2022-06-03,5Rep4,6,1,2,4,7,8,1,8,1,6,2,1,2,1,8,5,4,3,,,,,,,,,,,,,,,,,,,,,,,,,,,,,,,,,,,,,,,,,,,,8,One,17,0,8,9,5,1,1,6,0,2,1,0,11,1,3,0.6875,0.0625,0.1875,0.0625,0,6,5,7,8,15,0.3571428571,0.5333333333,0.0333333333,0.0333333333,,,Winter,,2022-05-09,25,0.5
Balanced,Balanced_Colony05,2022-06-03,5Rep4,6,11.629443,11.610453,11.445098,9.706193,11.513987,10.886014,9.656764,11.157819,11.274812,10.024718,11.689528,11.471704,6.17035,11.61188,11.378756,11.333579,11.602745,,,,,,,,,,,,,,,,,,,,,,,,,,,,,,,,,,,,,,,,,,,,,Two,,,,,,,,,,,,,,,,,,,,,,,,,,,,,,1,16,Winter,,2022-05-09,25,0.5
Balanced,Balanced_Colony05,2022-06-03,5Rep4,6,Reward,Reward,Reward,Reward,Reward,Previsited,Previsited,Previsited,Reward,Previsited,Previsited,Previsited,Previsited,Previsited,Reward,Previsited,Reward,,,,,,,,,,,,,,,,,,,,,,,,,,,,,,,,,,,,,,,,,,,,,Three,,,,,,,,,,,,,,,,,,,,,,,,,,,,,,,,Winter,,2022-05-09,25,0.5
Balanced,Balanced_Colony05,2022-06-03,5Rep4,6,,L1,L2,L3,L1,L1,R1,L1,R3,O4,R1,L1,R1,R1,R3,R1,R1,,,,,,,,,,,,,,,,,,,,,,,,,,,,,,,,,,,,,,,,,,,,,Four,,,,,,,,,,,,,,,,,,,,,,,,,,,,,,,,Winter,,2022-05-09,25,0.5
Balanced,Balanced_Colony05,2022-06-03,5Rep4,7,8,7,1,8,1,1,4,3,2,3,2,3,4,5,6,,,,,,,,,,,,,,,,,,,,,,,,,,,,,,,,,,,,,,,,,,,,,,8,One,15,1,8,6,6,1,1,5,0,0,0,1,11,1,1,0.7857142857,0.0714285714,0.0714285714,0,0.0714285714,4,7,8,5,13,0.5833333333,0.3846153846,-0.115384615,0.1153846154,,,Winter,,2022-05-09,25,0.5
Balanced,Balanced_Colony05,2022-06-03,5Rep4,7,11.820231,11.352688,11.158255,10.290671,4.347858,10.444318,10.441985,10.380349,11.752291,11.366621,11.613139,11.32532,11.375809,11.300301,10.098858,,,,,,,,,,,,,,,,,,,,,,,,,,,,,,,,,,,,,,,,,,,,,,,Two,,,,,,,,,,,,,,,,,,,,,,,,,,,,,,1,14,Winter,,2022-05-09,25,0.5
Balanced,Balanced_Colony05,2022-06-03,5Rep4,7,Reward,Reward,Reward,Previsited,Previsited,Same,Reward,Reward,Reward,Previsited,Previsited,Previsited,Previsited,Reward,Reward,,,,,,,,,,,,,,,,,,,,,,,,,,,,,,,,,,,,,,,,,,,,,,,Three,,,,,,,,,,,,,,,,,,,,,,,,,,,,,,,,Winter,,2022-05-09,25,0.5
Balanced,Balanced_Colony05,2022-06-03,5Rep4,7,,R1,L2,R1,L1,S0,L3,R1,R1,L1,R1,L1,L1,L1,L1,,,,,,,,,,,,,,,,,,,,,,,,,,,,,,,,,,,,,,,,,,,,,,,Four,,,,,,,,,,,,,,,,,,,,,,,,,,,,,,,,Winter,,2022-05-09,25,0.5
Balanced,Balanced_Colony05,2022-06-03,5Rep4,8,6,7,8,1,2,3,2,3,2,1,2,5,6,7,8,7,6,4,,,,,,,,,,,,,,,,,,,,,,,,,,,,,,,,,,,,,,,,,,,8,One,18,0,8,10,10,0,1,5,1,0,0,0,15,1,1,0.8823529412,0.0588235294,0.0588235294,0,0,7,5,11,6,17,0.3125,0.3529411765,-0.147058824,0.1470588235,,,Winter,,2022-05-09,25,0.5
Balanced,Balanced_Colony05,2022-06-03,5Rep4,8,11.452504,11.727752,10.366237,11.471483,11.470413,11.28449,10.248686,11.244482,10.851759,10.528838,11.51546,11.185735,11.32532,11.594661,10.096483,10.945906,11.3469,9.548427,,,,,,,,,,,,,,,,,,,,,,,,,,,,,,,,,,,,,,,,,,,,Two,,,,,,,,,,,,,,,,,,,,,,,,,,,,,,0,18,Winter,,2022-05-09,25,0.5
Balanced,Balanced_Colony05,2022-06-03,5Rep4,8,Reward,Reward,Reward,Reward,Reward,Reward,Previsited,Previsited,Previsited,Previsited,Previsited,Reward,Previsited,Previsited,Previsited,Previsited,Previsited,Reward,,,,,,,,,,,,,,,,,,,,,,,,,,,,,,,,,,,,,,,,,,,,Three,,,,,,,,,,,,,,,,,,,,,,,,,,,,,,,,Winter,,2022-05-09,25,0.5
Balanced,Balanced_Colony05,2022-06-03,5Rep4,8,,L1,L1,L1,L1,L1,R1,L1,R1,R1,L1,L3,L1,L1,L1,R1,R1,R2,,,,,,,,,,,,,,,,,,,,,,,,,,,,,,,,,,,,,,,,,,,,Four,,,,,,,,,,,,,,,,,,,,,,,,,,,,,,,,Winter,,2022-05-09,25,0.5
Balanced,Balanced_Colony05,2022-06-03,5Rep5,1,8,3,2,7,3,8,4,5,1,6,,,,,,,,,,,,,,,,,,,,,,,,,,,,,,,,,,,,,,,,,,,,,,,,,,,8,One,10,0,8,2,1,0,1,1,0,3,3,0,2,0,4,0.2222222222,0,0.4444444444,0.3333333333,0,5,3,2,4,6,0.6,0.6666666667,0.1666666667,0.1666666667,,,Winter,,2022-05-09,25,0.5
Balanced,Balanced_Colony05,2022-06-03,5Rep5,1,11.873771,11.274259,11.428805,11.839444,11.239766,11.874411,11.127187,11.239072,11.548117,11.203635,,,,,,,,,,,,,,,,,,,,,,,,,,,,,,,,,,,,,,,,,,,,,,,,,,,,Two,,,,,,,,,,,,,,,,,,,,,,,,,,,,,,0,10,Winter,,2022-05-09,25,0.5
Balanced,Balanced_Colony05,2022-06-03,5Rep5,1,Reward,Reward,Reward,Reward,Previsited,Previsited,Reward,Reward,Reward,Reward,,,,,,,,,,,,,,,,,,,,,,,,,,,,,,,,,,,,,,,,,,,,,,,,,,,,Three,,,,,,,,,,,,,,,,,,,,,,,,,,,,,,,,Winter,,2022-05-09,25,0.5
Balanced,Balanced_Colony05,2022-06-03,5Rep5,1,,L3,R1,R3,O4,R3,O4,L1,O4,R3,,,,,,,,,,,,,,,,,,,,,,,,,,,,,,,,,,,,,,,,,,,,,,,,,,,,Four,,,,,,,,,,,,,,,,,,,,,,,,,,,,,,,,Winter,,2022-05-09,25,0.5
Balanced,Balanced_Colony05,2022-06-03,5Rep5,2,8,3,8,4,1,8,4,5,7,6,1,3,1,3,6,5,8,4,3,5,6,8,5,1,4,7,4,6,2,,,,,,,,,,,,,,,,,,,,,,,,,,,,,,,,8,One,29,0,8,21,2,6,6,4,1,4,5,0,6,7,10,0.2142857143,0.25,0.3571428571,0.1785714286,0,3,14,14,9,23,0.6363636364,0.3913043478,-0.108695652,0.1086956522,,,Winter,,2022-05-09,25,0.5
Balanced,Balanced_Colony05,2022-06-03,5Rep5,2,11.50374,11.665942,10.095093,11.451909,11.719821,11.708639,11.057069,11.280533,10.933415,11.267064,11.393496,11.699928,11.755675,9.607264,11.372982,10.486263,11.077377,11.451909,11.492534,9.812928,11.353787,10.267688,11.392777,11.891979,10.984783,10.588136,9.275569,10.78146,10.127769,,,,,,,,,,,,,,,,,,,,,,,,,,,,,,,,,Two,,,,,,,,,,,,,,,,,,,,,,,,,,,,,,0,29,Winter,,2022-05-09,25,0.5
Balanced,Balanced_Colony05,2022-06-03,5Rep5,2,Reward,Reward,Previsited,Reward,Reward,Previsited,Previsited,Reward,Reward,Reward,Previsited,Previsited,Previsited,Previsited,Previsited,Previsited,Previsited,Previsited,Previsited,Previsited,Previsited,Previsited,Previsited,Previsited,Previsited,Previsited,Previsited,Previsited,Reward,,,,,,,,,,,,,,,,,,,,,,,,,,,,,,,,,Three,,,,,,,,,,,,,,,,,,,,,,,,,,,,,,,,Winter,,2022-05-09,25,0.5
Balanced,Balanced_Colony05,2022-06-03,5Rep5,2,,L3,R3,O4,R3,R1,O4,L1,L2,R1,L3,L2,R2,L2,L3,R1,L3,O4,R1,L2,L1,L2,R3,O4,L3,L3,R3,L2,O4,,,,,,,,,,,,,,,,,,,,,,,,,,,,,,,,,Four,,,,,,,,,,,,,,,,,,,,,,,,,,,,,,,,Winter,,2022-05-09,25,0.5
Balanced,Balanced_Colony05,2022-06-03,5Rep5,3,3,2,2,6,7,3,5,4,6,2,1,8,7,3,4,7,8,1,2,3,5,7,3,6,3,6,8,,,,,,,,,,,,,,,,,,,,,,,,,,,,,,,,,,8,One,27,1,8,18,6,5,3,5,0,1,5,1,11,5,4,0.4230769231,0.1923076923,0.1538461538,0.1923076923,0.0384615385,3,7,14,6,20,0.3684210526,0.3,-0.2,0.2,,,Winter,,2022-05-09,25,0.5
Balanced,Balanced_Colony05,2022-06-03,5Rep5,3,11.426758,9.971063,4.862556,10.899686,9.905928,10.018922,10.755158,10.244862,10.073754,11.333579,9.852417,10.13029,11.514224,11.374627,10.982015,7.623835,4.600883,9.159471,5.15974,4.970789,10.088951,8.00535,10.278788,8.964415,8.712198,9.301822,11.550767,,,,,,,,,,,,,,,,,,,,,,,,,,,,,,,,,,,Two,,,,,,,,,,,,,,,,,,,,,,,,,,,,,,8,19,Winter,,2022-05-09,25,0.5
Balanced,Balanced_Colony05,2022-06-03,5Rep5,3,Reward,Reward,Same,Reward,Reward,Previsited,Reward,Reward,Previsited,Previsited,Reward,Reward,Previsited,Previsited,Previsited,Previsited,Previsited,Previsited,Previsited,Previsited,Previsited,Previsited,Previsited,Previsited,Previsited,Previsited,Previsited,,,,,,,,,,,,,,,,,,,,,,,,,,,,,,,,,,,Three,,,,,,,,,,,,,,,,,,,,,,,,,,,,,,,,Winter,,2022-05-09,25,0.5
Balanced,Balanced_Colony05,2022-06-03,5Rep5,3,,R1,S0,O4,L1,O4,L2,R1,L2,O4,R1,R1,R1,O4,L1,L3,L1,L1,L1,L1,L2,L2,O4,L3,R3,L3,L2,,,,,,,,,,,,,,,,,,,,,,,,,,,,,,,,,,,Four,,,,,,,,,,,,,,,,,,,,,,,,,,,,,,,,Winter,,2022-05-09,25,0.5
Balanced,Balanced_Colony05,2022-06-03,5Rep5,4,5,1,3,5,1,4,5,7,2,3,4,6,8,,,,,,,,,,,,,,,,,,,,,,,,,,,,,,,,,,,,,,,,,,,,,,,,8,One,13,0,8,5,3,5,2,0,0,0,2,0,3,5,2,0.25,0.4166666667,0.1666666667,0.1666666667,0,4,0,10,0,10,0,0,-0.5,0.5,,,Winter,,2022-05-09,25,0.5
Balanced,Balanced_Colony05,2022-06-03,5Rep5,4,11.392777,10.114692,10.024446,9.679809,11.225102,10.464827,11.077025,11.043681,9.898447,9.971044,9.779359,11.730327,10.294591,,,,,,,,,,,,,,,,,,,,,,,,,,,,,,,,,,,,,,,,,,,,,,,,,Two,,,,,,,,,,,,,,,,,,,,,,,,,,,,,,0,13,Winter,,2022-05-09,25,0.5
Balanced,Balanced_Colony05,2022-06-03,5Rep5,4,Reward,Reward,Reward,Previsited,Previsited,Reward,Previsited,Reward,Reward,Previsited,Previsited,Reward,Reward,,,,,,,,,,,,,,,,,,,,,,,,,,,,,,,,,,,,,,,,,,,,,,,,,Three,,,,,,,,,,,,,,,,,,,,,,,,,,,,,,,,Winter,,2022-05-09,25,0.5
Balanced,Balanced_Colony05,2022-06-03,5Rep5,4,,O4,L2,L2,O4,L3,L1,L2,L3,L1,L1,L2,L2,,,,,,,,,,,,,,,,,,,,,,,,,,,,,,,,,,,,,,,,,,,,,,,,,Four,,,,,,,,,,,,,,,,,,,,,,,,,,,,,,,,Winter,,2022-05-09,25,0.5
Balanced,Balanced_Colony05,2022-06-03,5Rep5,5,3,2,3,5,2,5,7,8,3,6,1,5,6,4,,,,,,,,,,,,,,,,,,,,,,,,,,,,,,,,,,,,,,,,,,,,,,,8,One,14,0,8,6,3,2,4,1,1,1,1,0,4,3,5,0.3076923077,0.2307692308,0.3846153846,0.0769230769,0,3,4,9,3,12,0.3636363636,0.25,-0.25,0.25,,,Winter,,2022-05-09,25,0.5
Balanced,Balanced_Colony05,2022-06-03,5Rep5,5,11.495672,11.613626,10.192558,10.633273,9.998589,9.907482,11.324287,9.712698,10.373681,10.724412,10.123592,10.694708,8.641411,11.375398,,,,,,,,,,,,,,,,,,,,,,,,,,,,,,,,,,,,,,,,,,,,,,,,Two,,,,,,,,,,,,,,,,,,,,,,,,,,,,,,1,13,Winter,,2022-05-09,25,0.5
Balanced,Balanced_Colony05,2022-06-03,5Rep5,5,Reward,Reward,Previsited,Reward,Previsited,Previsited,Reward,Reward,Previsited,Reward,Reward,Previsited,Previsited,Reward,,,,,,,,,,,,,,,,,,,,,,,,,,,,,,,,,,,,,,,,,,,,,,,,Three,,,,,,,,,,,,,,,,,,,,,,,,,,,,,,,,Winter,,2022-05-09,25,0.5
Balanced,Balanced_Colony05,2022-06-03,5Rep5,5,,R1,L1,L2,R3,L3,L2,L1,L3,L3,L3,O4,L1,R2,,,,,,,,,,,,,,,,,,,,,,,,,,,,,,,,,,,,,,,,,,,,,,,,Four,,,,,,,,,,,,,,,,,,,,,,,,,,,,,,,,Winter,,2022-05-09,25,0.5
Balanced,Balanced_Colony05,2022-06-03,5Rep5,6,2,5,7,3,5,8,2,3,5,7,1,8,2,1,8,2,4,5,7,8,2,4,5,2,5,8,1,3,5,4,4,5,7,1,3,2,4,6,,,,,,,,,,,,,,,,,,,,,,,8,One,38,1,8,29,6,19,4,5,0,1,1,1,11,19,5,0.2972972973,0.5135135135,0.1351351351,0.027027027,0.027027027,5,10,29,6,35,0.2941176471,0.1714285714,-0.328571429,0.3285714286,,,Winter,,2022-05-09,25,0.5
Balanced,Balanced_Colony05,2022-06-03,5Rep5,6,10.153661,9.935322,9.820255,10.835077,9.638237,9.833545,10.2278,10.333467,11.448521,10.388759,10.643149,10.862137,9.876782,10.110529,11.692095,9.973858,10.997836,10.000558,9.815788,9.392744,10.464827,11.442441,9.8924,9.959131,9.894882,11.551037,11.619063,9.99073,10.114981,11.551037,11.483609,10.052485,11.449713,9.553795,10.304584,11.692779,10.980044,11.254601,,,,,,,,,,,,,,,,,,,,,,,,Two,,,,,,,,,,,,,,,,,,,,,,,,,,,,,,0,38,Winter,,2022-05-09,25,0.5
Balanced,Balanced_Colony05,2022-06-03,5Rep5,6,Reward,Reward,Reward,Reward,Previsited,Reward,Previsited,Previsited,Previsited,Previsited,Reward,Previsited,Previsited,Previsited,Previsited,Previsited,Reward,Previsited,Previsited,Previsited,Previsited,Previsited,Previsited,Previsited,Previsited,Previsited,Previsited,Previsited,Previsited,Previsited,Same,Previsited,Previsited,Previsited,Previsited,Previsited,Previsited,Reward,,,,,,,,,,,,,,,,,,,,,,,,Three,,,,,,,,,,,,,,,,,,,,,,,,,,,,,,,,Winter,,2022-05-09,25,0.5
Balanced,Balanced_Colony05,2022-06-03,5Rep5,6,,L3,L2,O4,L2,L3,L2,L1,L2,L2,L2,R1,L2,R1,R1,L2,L2,L1,L2,L1,L2,L2,L1,R3,L3,L3,L1,L2,L2,R1,S0,L1,L2,L2,L2,R1,L2,L2,,,,,,,,,,,,,,,,,,,,,,,,Four,,,,,,,,,,,,,,,,,,,,,,,,,,,,,,,,Winter,,2022-05-09,25,0.5
Balanced,Balanced_Colony05,2022-06-03,5Rep5,7,2,3,5,8,3,2,3,4,1,4,5,6,1,2,5,7,,,,,,,,,,,,,,,,,,,,,,,,,,,,,,,,,,,,,,,,,,,,,8,One,16,0,8,8,6,2,5,1,0,1,0,0,7,2,6,0.4666666667,0.1333333333,0.4,0,0,5,4,13,2,15,0.2857142857,0.1333333333,-0.366666667,0.3666666667,,,Winter,,2022-05-09,25,0.5
Balanced,Balanced_Colony05,2022-06-03,5Rep5,7,10.527523,10.318289,11.239141,9.87542,9.297294,10.721994,9.986358,10.741157,10.778332,9.675599,10.611123,11.612686,9.661769,9.908761,9.678278,9.926921,,,,,,,,,,,,,,,,,,,,,,,,,,,,,,,,,,,,,,,,,,,,,,Two,,,,,,,,,,,,,,,,,,,,,,,,,,,,,,0,16,Winter,,2022-05-09,25,0.5
Balanced,Balanced_Colony05,2022-06-03,5Rep5,7,Reward,Reward,Reward,Reward,Previsited,Previsited,Previsited,Reward,Reward,Previsited,Previsited,Reward,Previsited,Previsited,Previsited,Reward,,,,,,,,,,,,,,,,,,,,,,,,,,,,,,,,,,,,,,,,,,,,,,Three,,,,,,,,,,,,,,,,,,,,,,,,,,,,,,,,Winter,,2022-05-09,25,0.5
Balanced,Balanced_Colony05,2022-06-03,5Rep5,7,,L1,L2,L3,L3,R1,L1,L1,R3,L3,L1,L1,L3,L1,L3,L2,,,,,,,,,,,,,,,,,,,,,,,,,,,,,,,,,,,,,,,,,,,,,,Four,,,,,,,,,,,,,,,,,,,,,,,,,,,,,,,,Winter,,2022-05-09,25,0.5
Balanced,Balanced_Colony05,2022-06-03,5Rep5,8,5,1,5,6,3,6,7,2,4,7,8,,,,,,,,,,,,,,,,,,,,,,,,,,,,,,,,,,,,,,,,,,,,,,,,,,8,One,11,0,8,3,3,1,3,0,0,1,2,0,3,1,4,0.3,0.1,0.4,0.2,0,3,2,7,1,8,0.2857142857,0.125,-0.375,0.375,,,Winter,,2022-05-09,25,0.5
Balanced,Balanced_Colony05,2022-06-03,5Rep5,8,10.407224,10.156425,9.536007,9.537397,10.527653,11.262081,10.499694,10.423413,9.753873,10.12261,10.42833,,,,,,,,,,,,,,,,,,,,,,,,,,,,,,,,,,,,,,,,,,,,,,,,,,,Two,,,,,,,,,,,,,,,,,,,,,,,,,,,,,,0,11,Winter,,2022-05-09,25,0.5
Balanced,Balanced_Colony05,2022-06-03,5Rep5,8,Reward,Reward,Previsited,Reward,Reward,Previsited,Reward,Reward,Reward,Previsited,Reward,,,,,,,,,,,,,,,,,,,,,,,,,,,,,,,,,,,,,,,,,,,,,,,,,,,Three,,,,,,,,,,,,,,,,,,,,,,,,,,,,,,,,Winter,,2022-05-09,25,0.5
Balanced,Balanced_Colony05,2022-06-03,5Rep5,8,,O4,O4,L1,R3,L3,L1,L3,L2,L3,L1,,,,,,,,,,,,,,,,,,,,,,,,,,,,,,,,,,,,,,,,,,,,,,,,,,,Four,,,,,,,,,,,,,,,,,,,,,,,,,,,,,,,,Winter,,2022-05-09,25,0.5
Balanced,Balanced_Colony05,2022-06-06,5Rep6,1,1,3,1,3,1,4,6,4,8,3,6,1,3,5,7,5,1,4,8,1,7,2,,,,,,,,,,,,,,,,,,,,,,,,,,,,,,,,,,,,,,,8,One,22,0,8,14,1,6,6,0,5,0,3,0,1,11,6,0.0476190476,0.5238095238,0.2857142857,0.1428571429,0,3,10,13,5,18,0.5882352941,0.2777777778,-0.222222222,0.2222222222,,,Winter,,2022-05-09,28,3.5
Balanced,Balanced_Colony05,2022-06-06,5Rep6,1,11.505587,11.413786,11.429299,10.137484,11.294918,11.003506,11.553382,11.346986,11.371148,10.876143,10.919429,11.304303,10.084932,11.547239,11.476716,10.256671,11.392641,10.592038,11.37634,10.865008,11.659072,9.731725,,,,,,,,,,,,,,,,,,,,,,,,,,,,,,,,,,,,,,,,Two,,,,,,,,,,,,,,,,,,,,,,,,,,,,,,0,22,Winter,,2022-05-09,28,3.5
Balanced,Balanced_Colony05,2022-06-06,5Rep6,1,Reward,Reward,Previsited,Previsited,Previsited,Reward,Reward,Previsited,Reward,Previsited,Previsited,Previsited,Previsited,Reward,Reward,Previsited,Previsited,Previsited,Previsited,Previsited,Previsited,Reward,,,,,,,,,,,,,,,,,,,,,,,,,,,,,,,,,,,,,,,,Three,,,,,,,,,,,,,,,,,,,,,,,,,,,,,,,,Winter,,2022-05-09,28,3.5
Balanced,Balanced_Colony05,2022-06-06,5Rep6,1,,L2,R2,L2,R2,L3,L2,R2,O4,L3,L3,L3,L2,L2,L2,R2,O4,L3,O4,L1,R2,L3,,,,,,,,,,,,,,,,,,,,,,,,,,,,,,,,,,,,,,,,Four,,,,,,,,,,,,,,,,,,,,,,,,,,,,,,,,Winter,,2022-05-09,28,3.5
Balanced,Balanced_Colony05,2022-06-06,5Rep6,2,7,7,3,8,4,6,1,3,6,2,8,2,5,,,,,,,,,,,,,,,,,,,,,,,,,,,,,,,,,,,,,,,,,,,,,,,,8,One,13,1,8,4,0,3,3,0,1,1,3,1,0,4,4,0,0.3333333333,0.3333333333,0.25,0.0833333333,2,3,6,2,8,0.4285714286,0.25,-0.25,0.25,,,Winter,,2022-05-09,28,3.5
Balanced,Balanced_Colony05,2022-06-06,5Rep6,2,10.886014,6.676667,11.304303,11.02865,11.234857,11.653771,11.493433,9.98261,10.741974,10.88682,10.507285,9.562299,9.857224,,,,,,,,,,,,,,,,,,,,,,,,,,,,,,,,,,,,,,,,,,,,,,,,,Two,,,,,,,,,,,,,,,,,,,,,,,,,,,,,,1,12,Winter,,2022-05-09,28,3.5
Balanced,Balanced_Colony05,2022-06-06,5Rep6,2,Reward,Same,Reward,Reward,Reward,Reward,Reward,Previsited,Previsited,Reward,Previsited,Previsited,Reward,,,,,,,,,,,,,,,,,,,,,,,,,,,,,,,,,,,,,,,,,,,,,,,,,Three,,,,,,,,,,,,,,,,,,,,,,,,,,,,,,,,Winter,,2022-05-09,28,3.5
Balanced,Balanced_Colony05,2022-06-06,5Rep6,2,,S0,O4,R3,O4,L2,L3,L2,L3,O4,R2,L2,L3,,,,,,,,,,,,,,,,,,,,,,,,,,,,,,,,,,,,,,,,,,,,,,,,,Four,,,,,,,,,,,,,,,,,,,,,,,,,,,,,,,,Winter,,2022-05-09,28,3.5
Balanced,Balanced_Colony05,2022-06-06,5Rep6,3,3,4,2,5,8,3,4,1,7,2,1,3,7,1,6,,,,,,,,,,,,,,,,,,,,,,,,,,,,,,,,,,,,,,,,,,,,,,8,One,15,0,8,7,2,2,4,1,2,2,1,0,3,4,6,0.2142857143,0.2857142857,0.4285714286,0.0714285714,0,6,7,8,5,13,0.5833333333,0.3846153846,-0.115384615,0.1153846154,,,Winter,,2022-05-09,28,3.5
Balanced,Balanced_Colony05,2022-06-06,5Rep6,3,9.76841,9.971747,11.162639,10.364037,11.416876,9.746175,10.189459,10.84813,10.269681,11.375809,10.423413,9.482219,10.151223,11.171925,9.973858,,,,,,,,,,,,,,,,,,,,,,,,,,,,,,,,,,,,,,,,,,,,,,,Two,,,,,,,,,,,,,,,,,,,,,,,,,,,,,,0,15,Winter,,2022-05-09,28,3.5
Balanced,Balanced_Colony05,2022-06-06,5Rep6,3,Reward,Reward,Reward,Reward,Reward,Previsited,Previsited,Reward,Reward,Previsited,Previsited,Previsited,Previsited,Previsited,Reward,,,,,,,,,,,,,,,,,,,,,,,,,,,,,,,,,,,,,,,,,,,,,,,Three,,,,,,,,,,,,,,,,,,,,,,,,,,,,,,,,Winter,,2022-05-09,28,3.5
Balanced,Balanced_Colony05,2022-06-06,5Rep6,3,,L1,R2,L3,L3,L3,L1,R3,R2,L3,R1,L2,O4,L2,R3,,,,,,,,,,,,,,,,,,,,,,,,,,,,,,,,,,,,,,,,,,,,,,,Four,,,,,,,,,,,,,,,,,,,,,,,,,,,,,,,,Winter,,2022-05-09,28,3.5
Balanced,Balanced_Colony05,2022-06-06,5Rep6,4,3,1,5,2,4,5,8,3,1,7,1,6,,,,,,,,,,,,,,,,,,,,,,,,,,,,,,,,,,,,,,,,,,,,,,,,,8,One,12,0,8,4,1,2,2,0,3,2,1,0,1,5,4,0.0909090909,0.4545454545,0.3636363636,0.0909090909,0,6,4,5,5,10,0.4444444444,0.5,0,0,,,Winter,,2022-05-09,28,3.5
Balanced,Balanced_Colony05,2022-06-06,5Rep6,4,10.050662,10.999909,10.254143,10.033561,9.959131,8.40505,10.774587,10.100691,10.723794,10.152221,7.773924,9.858984,,,,,,,,,,,,,,,,,,,,,,,,,,,,,,,,,,,,,,,,,,,,,,,,,,Two,,,,,,,,,,,,,,,,,,,,,,,,,,,,,,2,10,Winter,,2022-05-09,28,3.5
Balanced,Balanced_Colony05,2022-06-06,5Rep6,4,Reward,Reward,Reward,Reward,Reward,Previsited,Reward,Previsited,Previsited,Reward,Previsited,Reward,,,,,,,,,,,,,,,,,,,,,,,,,,,,,,,,,,,,,,,,,,,,,,,,,,Three,,,,,,,,,,,,,,,,,,,,,,,,,,,,,,,,Winter,,2022-05-09,28,3.5
Balanced,Balanced_Colony05,2022-06-06,5Rep6,4,,R2,O4,R3,L2,L1,L3,L3,R2,R2,L2,R3,,,,,,,,,,,,,,,,,,,,,,,,,,,,,,,,,,,,,,,,,,,,,,,,,,Four,,,,,,,,,,,,,,,,,,,,,,,,,,,,,,,,Winter,,2022-05-09,28,3.5
Balanced,Balanced_Colony05,2022-06-06,5Rep6,5,5,7,4,6,1,3,5,6,2,5,8,,,,,,,,,,,,,,,,,,,,,,,,,,,,,,,,,,,,,,,,,,,,,,,,,,8,One,11,0,8,3,1,4,3,0,0,1,1,0,1,4,4,0.1,0.4,0.4,0.1,0,7,2,8,1,9,0.25,0.1111111111,-0.388888889,0.3888888889,,,Winter,,2022-05-09,28,3.5
Balanced,Balanced_Colony05,2022-06-06,5Rep6,5,10.188101,10.294061,10.078745,10.040106,10.150839,10.037757,10.253934,9.45189,9.935871,9.593884,9.995782,,,,,,,,,,,,,,,,,,,,,,,,,,,,,,,,,,,,,,,,,,,,,,,,,,,Two,,,,,,,,,,,,,,,,,,,,,,,,,,,,,,0,11,Winter,,2022-05-09,28,3.5
Balanced,Balanced_Colony05,2022-06-06,5Rep6,5,Reward,Reward,Reward,Reward,Reward,Reward,Previsited,Previsited,Reward,Previsited,Reward,,,,,,,,,,,,,,,,,,,,,,,,,,,,,,,,,,,,,,,,,,,,,,,,,,,Three,,,,,,,,,,,,,,,,,,,,,,,,,,,,,,,,Winter,,2022-05-09,28,3.5
Balanced,Balanced_Colony05,2022-06-06,5Rep6,5,,L2,R3,L2,L3,L2,L2,L1,O4,L3,L3,,,,,,,,,,,,,,,,,,,,,,,,,,,,,,,,,,,,,,,,,,,,,,,,,,,Four,,,,,,,,,,,,,,,,,,,,,,,,,,,,,,,,Winter,,2022-05-09,28,3.5
Balanced,Balanced_Colony05,2022-06-06,5Rep6,6,1,3,5,1,3,2,8,5,7,2,4,1,7,6,,,,,,,,,,,,,,,,,,,,,,,,,,,,,,,,,,,,,,,,,,,,,,,8,One,14,0,8,6,0,5,1,2,2,2,1,0,2,7,3,0.1538461538,0.5384615385,0.2307692308,0.0769230769,0,4,3,6,6,12,0.2727272727,0.5,0,0,,,Winter,,2022-05-09,28,3.5
Balanced,Balanced_Colony05,2022-06-06,5Rep6,6,10.088951,9.580241,9.804999,11.26741,10.87012,10.256671,10.563457,5.242304,11.39483,11.236435,9.538705,11.380126,10.327259,9.795332,,,,,,,,,,,,,,,,,,,,,,,,,,,,,,,,,,,,,,,,,,,,,,,,Two,,,,,,,,,,,,,,,,,,,,,,,,,,,,,,1,13,Winter,,2022-05-09,28,3.5
Balanced,Balanced_Colony05,2022-06-06,5Rep6,6,Reward,Reward,Reward,Previsited,Previsited,Reward,Reward,Previsited,Reward,Previsited,Reward,Previsited,Previsited,Reward,,,,,,,,,,,,,,,,,,,,,,,,,,,,,,,,,,,,,,,,,,,,,,,,Three,,,,,,,,,,,,,,,,,,,,,,,,,,,,,,,,Winter,,2022-05-09,28,3.5
Balanced,Balanced_Colony05,2022-06-06,5Rep6,6,,L2,L2,O4,L2,R1,R2,R3,L2,L3,L2,R3,R2,R1,,,,,,,,,,,,,,,,,,,,,,,,,,,,,,,,,,,,,,,,,,,,,,,,Four,,,,,,,,,,,,,,,,,,,,,,,,,,,,,,,,Winter,,2022-05-09,28,3.5
Balanced,Balanced_Colony05,2022-06-06,5Rep6,7,5,3,8,5,2,6,5,4,2,8,5,8,3,1,7,,,,,,,,,,,,,,,,,,,,,,,,,,,,,,,,,,,,,,,,,,,,,,8,One,15,0,8,7,0,0,2,2,5,4,1,0,2,5,6,0.1428571429,0.3571428571,0.4285714286,0.0714285714,0,4,2,2,11,13,0.1666666667,0.8461538462,0.3461538462,0.3461538462,,,Winter,,2022-05-09,28,3.5
Balanced,Balanced_Colony05,2022-06-06,5Rep6,7,10.289402,10.147151,10.12902,10.027556,10.11737,10.452135,9.997108,10.398361,10.553487,11.116864,10.067831,10.054986,10.217599,9.920223,10.248743,,,,,,,,,,,,,,,,,,,,,,,,,,,,,,,,,,,,,,,,,,,,,,,Two,,,,,,,,,,,,,,,,,,,,,,,,,,,,,,0,15,Winter,,2022-05-09,28,3.5
Balanced,Balanced_Colony05,2022-06-06,5Rep6,7,Reward,Reward,Reward,Previsited,Reward,Reward,Previsited,Reward,Previsited,Previsited,Previsited,Previsited,Previsited,Reward,Reward,,,,,,,,,,,,,,,,,,,,,,,,,,,,,,,,,,,,,,,,,,,,,,,Three,,,,,,,,,,,,,,,,,,,,,,,,,,,,,,,,Winter,,2022-05-09,28,3.5
Balanced,Balanced_Colony05,2022-06-06,5Rep6,7,,R2,R3,R3,R3,O4,R1,R1,R2,R2,R3,L3,L3,R2,R2,,,,,,,,,,,,,,,,,,,,,,,,,,,,,,,,,,,,,,,,,,,,,,,Four,,,,,,,,,,,,,,,,,,,,,,,,,,,,,,,,Winter,,2022-05-09,28,3.5
Balanced,Balanced_Colony05,2022-06-06,5Rep6,8,2,8,5,1,3,7,4,1,4,8,3,8,2,7,8,1,2,5,1,2,3,2,1,7,4,1,8,5,1,6,,,,,,,,,,,,,,,,,,,,,,,,,,,,,,,8,One,30,0,8,22,5,2,3,3,2,9,5,0,8,4,12,0.275862069,0.1379310345,0.4137931034,0.1724137931,0,8,8,10,14,24,0.347826087,0.5833333333,0.0833333333,0.0833333333,,,Winter,,2022-05-09,28,3.5
Balanced,Balanced_Colony05,2022-06-06,5Rep6,8,10.228429,9.892242,9.737472,10.965388,10.459815,10.910625,9.985792,10.164176,9.266297,9.833545,11.183435,9.738032,9.8692,11.581221,10.032221,10.52706,10.052369,10.361347,10.079538,10.041465,10.237572,10.989414,10.960837,10.882755,11.041757,10.618891,10.074121,11.16929,9.915231,9.675196,,,,,,,,,,,,,,,,,,,,,,,,,,,,,,,,Two,,,,,,,,,,,,,,,,,,,,,,,,,,,,,,0,30,Winter,,2022-05-09,28,3.5
Balanced,Balanced_Colony05,2022-06-06,5Rep6,8,Reward,Reward,Reward,Reward,Reward,Reward,Reward,Previsited,Previsited,Previsited,Previsited,Previsited,Previsited,Previsited,Previsited,Previsited,Previsited,Previsited,Previsited,Previsited,Previsited,Previsited,Previsited,Previsited,Previsited,Previsited,Previsited,Previsited,Previsited,Reward,,,,,,,,,,,,,,,,,,,,,,,,,,,,,,,,Three,,,,,,,,,,,,,,,,,,,,,,,,,,,,,,,,Winter,,2022-05-09,28,3.5
Balanced,Balanced_Colony05,2022-06-06,5Rep6,8,,R2,R3,O4,L2,O4,R3,R3,L3,O4,L3,R3,L2,R3,L1,L1,L1,L3,O4,L1,L1,R1,R1,R2,R3,R3,R1,R3,O4,R3,,,,,,,,,,,,,,,,,,,,,,,,,,,,,,,,Four,,,,,,,,,,,,,,,,,,,,,,,,,,,,,,,,Winter,,2022-05-09,28,3.5
Unbalanced,Unbalanced_Colony06,2022-01-04,6Rep1,1,6,5,8,7,5,3,7,8,3,5,4,4,5,8,1,2,,,,,,,,,,,,,,,,,,,,,,,,,,,,,,,,,,,,,,,,,,,,,8,One,16,1,8,7,4,1,3,3,2,0,1,1,7,3,3,0.4666666667,0.2,0.2,0.0666666667,0.0666666667,5,5,8,5,13,0.4166666667,0.3846153846,-0.115384615,0.1153846154,,,Winter,,2021-12-09,26,-7.333333333
Unbalanced,Unbalanced_Colony06,2022-01-04,6Rep1,1,11.512362,11.638691,10.695637,11.45715,10.70897,11.263396,11.620086,11.264106,10.535353,10.377683,10.844698,10.562552,8.453773,11.215321,11.332564,11.889045,,,,,,,,,,,,,,,,,,,,,,,,,,,,,,,,,,,,,,,,,,,,,,Two,,,,,,,,,,,,,,,,,,,,,,,,,,,,,,1,15,Winter,,2021-12-09,26,-7.333333333
Unbalanced,Unbalanced_Colony06,2022-01-04,6Rep1,1,Reward,Reward,Reward,Reward,Previsited,Reward,Previsited,Previsited,Previsited,Previsited,Reward,Same,Previsited,Previsited,Reward,Reward,,,,,,,,,,,,,,,,,,,,,,,,,,,,,,,,,,,,,,,,,,,,,,Three,,,,,,,,,,,,,,,,,,,,,,,,,,,,,,,,Winter,,2021-12-09,26,-7.333333333
Unbalanced,Unbalanced_Colony06,2022-01-04,6Rep1,1,,R1,L3,R1,R2,R2,O4,L1,L3,L2,R1,S0,L1,L3,L1,L1,,,,,,,,,,,,,,,,,,,,,,,,,,,,,,,,,,,,,,,,,,,,,,Four,,,,,,,,,,,,,,,,,,,,,,,,,,,,,,,,Winter,,2021-12-09,26,-7.333333333
Unbalanced,Unbalanced_Colony06,2022-01-04,6Rep1,2,4,3,2,4,6,3,5,6,8,3,8,2,6,2,5,3,7,8,5,8,3,7,1,,,,,,,,,,,,,,,,,,,,,,,,,,,,,,,,,,,,,,8,One,23,0,8,15,2,6,4,2,1,3,4,0,4,7,7,0.1818181818,0.3181818182,0.3181818182,0.1818181818,0,4,9,12,6,18,0.5294117647,0.3333333333,-0.166666667,0.1666666667,,,Winter,,2021-12-09,26,-7.333333333
Unbalanced,Unbalanced_Colony06,2022-01-04,6Rep1,2,11.236019,11.142592,11.100651,9.626358,9.961362,11.275141,11.197179,10.194432,11.70992,9.580791,8.778375,10.210729,10.704673,11.206558,11.09264,9.900417,11.448521,6.471666,7.609171,9.740334,10.044435,8.740344,10.869707,,,,,,,,,,,,,,,,,,,,,,,,,,,,,,,,,,,,,,,Two,,,,,,,,,,,,,,,,,,,,,,,,,,,,,,4,19,Winter,,2021-12-09,26,-7.333333333
Unbalanced,Unbalanced_Colony06,2022-01-04,6Rep1,2,Reward,Reward,Reward,Previsited,Reward,Previsited,Reward,Previsited,Reward,Previsited,Previsited,Previsited,Previsited,Previsited,Previsited,Previsited,Reward,Previsited,Previsited,Previsited,Previsited,Previsited,Reward,,,,,,,,,,,,,,,,,,,,,,,,,,,,,,,,,,,,,,,Three,,,,,,,,,,,,,,,,,,,,,,,,,,,,,,,,Winter,,2021-12-09,26,-7.333333333
Unbalanced,Unbalanced_Colony06,2022-01-04,6Rep1,2,,R1,R1,L2,L2,R3,L2,L1,L2,L3,R3,L2,O4,O4,L3,R2,O4,L1,R3,L3,L3,O4,L2,,,,,,,,,,,,,,,,,,,,,,,,,,,,,,,,,,,,,,,Four,,,,,,,,,,,,,,,,,,,,,,,,,,,,,,,,Winter,,2021-12-09,26,-7.333333333
Unbalanced,Unbalanced_Colony06,2022-01-04,6Rep1,3,6,8,2,7,8,2,6,5,8,2,3,1,4,1,2,1,8,3,4,2,5,4,1,6,3,,,,,,,,,,,,,,,,,,,,,,,,,,,,,,,,,,,,8,One,25,0,8,17,4,4,4,4,2,5,1,0,8,6,9,0.3333333333,0.25,0.375,0.0416666667,0,5,13,12,11,23,0.5909090909,0.4782608696,-0.02173913,0.0217391304,,,Winter,,2021-12-09,26,-7.333333333
Unbalanced,Unbalanced_Colony06,2022-01-04,6Rep1,3,11.140318,4.964747,11.825326,10.682745,10.348076,9.556732,9.875657,11.3408,9.854969,9.221508,11.649221,11.357014,11.482149,10.024446,9.086075,11.54577,9.912518,4.817733,9.813702,9.774295,10.927085,11.369519,11.276403,9.955705,12.442649,,,,,,,,,,,,,,,,,,,,,,,,,,,,,,,,,,,,,Two,,,,,,,,,,,,,,,,,,,,,,,,,,,,,,2,23,Winter,,2021-12-09,26,-7.333333333
Unbalanced,Unbalanced_Colony06,2022-01-04,6Rep1,3,Reward,Reward,Reward,Reward,Previsited,Previsited,Previsited,Reward,Previsited,Previsited,Reward,Reward,Reward,Previsited,Previsited,Previsited,Previsited,Previsited,Previsited,Previsited,Previsited,Previsited,Previsited,Previsited,Previsited,,,,,,,,,,,,,,,,,,,,,,,,,,,,,,,,,,,,,Three,,,,,,,,,,,,,,,,,,,,,,,,,,,,,,,,Winter,,2021-12-09,26,-7.333333333
Unbalanced,Unbalanced_Colony06,2022-01-04,6Rep1,3,,L2,L2,R3,L1,L2,O4,R1,L3,L2,L1,R2,L3,R3,L1,R1,R1,L3,L1,R2,L3,R1,R3,R3,R3,,,,,,,,,,,,,,,,,,,,,,,,,,,,,,,,,,,,,Four,,,,,,,,,,,,,,,,,,,,,,,,,,,,,,,,Winter,,2021-12-09,26,-7.333333333
Unbalanced,Unbalanced_Colony06,2022-01-04,6Rep1,4,8,8,7,8,1,2,4,1,8,3,4,8,7,2,5,3,7,6,,,,,,,,,,,,,,,,,,,,,,,,,,,,,,,,,,,,,,,,,,,8,One,18,1,8,9,4,1,3,4,1,1,2,1,8,2,4,0.4705882353,0.1176470588,0.2352941176,0.1176470588,0.0588235294,2,6,8,6,14,0.4615384615,0.4285714286,-0.071428571,0.0714285714,,,Winter,,2021-12-09,26,-7.333333333
Unbalanced,Unbalanced_Colony06,2022-01-04,6Rep1,4,4.392018,4.527726,10.899185,9.884653,11.757018,10.721794,11.532561,9.088928,11.117355,11.518506,11.360086,9.322524,10.966722,9.695121,10.77712,10.066534,8.757299,11.630415,,,,,,,,,,,,,,,,,,,,,,,,,,,,,,,,,,,,,,,,,,,,Two,,,,,,,,,,,,,,,,,,,,,,,,,,,,,,3,15,Winter,,2021-12-09,26,-7.333333333
Unbalanced,Unbalanced_Colony06,2022-01-04,6Rep1,4,Reward,Same,Reward,Previsited,Reward,Reward,Reward,Previsited,Previsited,Reward,Previsited,Previsited,Previsited,Previsited,Reward,Previsited,Previsited,Reward,,,,,,,,,,,,,,,,,,,,,,,,,,,,,,,,,,,,,,,,,,,,Three,,,,,,,,,,,,,,,,,,,,,,,,,,,,,,,,Winter,,2021-12-09,26,-7.333333333
Unbalanced,Unbalanced_Colony06,2022-01-04,6Rep1,4,,S0,R1,L1,L1,L1,L2,R3,R1,L3,L1,O4,R1,L3,L3,R2,O4,R1,,,,,,,,,,,,,,,,,,,,,,,,,,,,,,,,,,,,,,,,,,,,Four,,,,,,,,,,,,,,,,,,,,,,,,,,,,,,,,Winter,,2021-12-09,26,-7.333333333
Unbalanced,Unbalanced_Colony06,2022-01-04,6Rep1,5,6,5,4,7,8,3,2,1,5,2,1,2,5,6,1,7,8,3,,,,,,,,,,,,,,,,,,,,,,,,,,,,,,,,,,,,,,,,,,,8,One,18,0,8,10,4,0,5,5,1,1,1,0,9,1,6,0.5294117647,0.0588235294,0.3529411765,0.0588235294,0,9,5,9,7,16,0.3333333333,0.4375,-0.0625,0.0625,,,Winter,,2021-12-09,26,-7.333333333
Unbalanced,Unbalanced_Colony06,2022-01-04,6Rep1,5,11.770605,11.336829,10.781731,11.217215,10.393186,10.469241,11.368473,11.202887,11.221785,11.434602,10.12492,10.061033,6.90515,9.943814,9.961362,11.76981,11.25474,11.267064,,,,,,,,,,,,,,,,,,,,,,,,,,,,,,,,,,,,,,,,,,,,Two,,,,,,,,,,,,,,,,,,,,,,,,,,,,,,1,17,Winter,,2021-12-09,26,-7.333333333
Unbalanced,Unbalanced_Colony06,2022-01-04,6Rep1,5,Reward,Reward,Reward,Reward,Reward,Reward,Reward,Reward,Previsited,Previsited,Previsited,Previsited,Previsited,Previsited,Previsited,Previsited,Previsited,Previsited,,,,,,,,,,,,,,,,,,,,,,,,,,,,,,,,,,,,,,,,,,,,Three,,,,,,,,,,,,,,,,,,,,,,,,,,,,,,,,Winter,,2021-12-09,26,-7.333333333
Unbalanced,Unbalanced_Colony06,2022-01-04,6Rep1,5,,R1,R1,L3,L1,L3,R1,R1,O4,R3,R1,L1,L3,L1,L3,R2,L1,L3,,,,,,,,,,,,,,,,,,,,,,,,,,,,,,,,,,,,,,,,,,,,Four,,,,,,,,,,,,,,,,,,,,,,,,,,,,,,,,Winter,,2021-12-09,26,-7.333333333
Unbalanced,Unbalanced_Colony06,2022-01-04,6Rep1,6,7,1,2,4,5,8,1,8,2,5,2,3,7,1,3,1,8,7,8,2,3,5,3,7,6,,,,,,,,,,,,,,,,,,,,,,,,,,,,,,,,,,,,8,One,25,0,8,17,6,7,2,4,2,1,2,0,10,9,3,0.4166666667,0.375,0.125,0.0833333333,0,7,7,15,7,22,0.3333333333,0.3181818182,-0.181818182,0.1818181818,,,Winter,,2021-12-09,26,-7.333333333
Unbalanced,Unbalanced_Colony06,2022-01-04,6Rep1,6,11.547644,10.183048,11.057863,11.116391,11.411941,11.62966,11.512497,11.491534,9.482897,9.121618,9.410388,11.189569,9.621801,11.463137,9.541075,11.636983,10.326617,11.183644,9.955568,9.105898,11.245383,8.730012,9.250148,8.057555,11.127187,,,,,,,,,,,,,,,,,,,,,,,,,,,,,,,,,,,,,Two,,,,,,,,,,,,,,,,,,,,,,,,,,,,,,2,23,Winter,,2021-12-09,26,-7.333333333
Unbalanced,Unbalanced_Colony06,2022-01-04,6Rep1,6,Reward,Reward,Reward,Reward,Reward,Reward,Previsited,Previsited,Previsited,Previsited,Previsited,Reward,Previsited,Previsited,Previsited,Previsited,Previsited,Previsited,Previsited,Previsited,Previsited,Previsited,Previsited,Previsited,Reward,,,,,,,,,,,,,,,,,,,,,,,,,,,,,,,,,,,,,Three,,,,,,,,,,,,,,,,,,,,,,,,,,,,,,,,Winter,,2021-12-09,26,-7.333333333
Unbalanced,Unbalanced_Colony06,2022-01-04,6Rep1,6,,L2,L1,L2,L1,L3,L1,R1,L2,L3,R3,L1,O4,L2,L2,R2,R1,R1,L1,L2,L1,L2,R2,O4,R1,,,,,,,,,,,,,,,,,,,,,,,,,,,,,,,,,,,,,Four,,,,,,,,,,,,,,,,,,,,,,,,,,,,,,,,Winter,,2021-12-09,26,-7.333333333
Unbalanced,Unbalanced_Colony06,2022-01-04,6Rep1,7,3,2,5,6,7,1,6,5,7,1,3,4,5,7,1,3,7,6,5,1,3,2,1,4,3,2,5,4,8,,,,,,,,,,,,,,,,,,,,,,,,,,,,,,,,8,One,29,0,8,21,4,8,3,9,0,1,3,0,13,8,4,0.4642857143,0.2857142857,0.1428571429,0.1071428571,0,7,10,15,10,25,0.4166666667,0.4,-0.1,0.1,,,Winter,,2021-12-09,26,-7.333333333
Unbalanced,Unbalanced_Colony06,2022-01-04,6Rep1,7,10.715539,10.109738,11.760416,10.508323,11.826034,11.270109,11.690495,11.579672,11.085521,11.478584,11.017173,10.143212,11.147244,11.837336,11.42935,9.626905,9.953336,10.761717,11.029463,9.592828,10.646042,11.234718,9.374401,10.433413,9.750015,9.67709,8.938044,10.629954,10.110818,,,,,,,,,,,,,,,,,,,,,,,,,,,,,,,,,Two,,,,,,,,,,,,,,,,,,,,,,,,,,,,,,1,28,Winter,,2021-12-09,26,-7.333333333
Unbalanced,Unbalanced_Colony06,2022-01-04,6Rep1,7,Reward,Reward,Reward,Reward,Reward,Reward,Previsited,Previsited,Previsited,Previsited,Previsited,Reward,Previsited,Previsited,Previsited,Previsited,Previsited,Previsited,Previsited,Previsited,Previsited,Previsited,Previsited,Previsited,Previsited,Previsited,Previsited,Previsited,Reward,,,,,,,,,,,,,,,,,,,,,,,,,,,,,,,,,Three,,,,,,,,,,,,,,,,,,,,,,,,,,,,,,,,Winter,,2021-12-09,26,-7.333333333
Unbalanced,Unbalanced_Colony06,2022-01-04,6Rep1,7,,R1,L3,L1,L1,L2,R3,R1,L2,L2,L2,L1,L1,L2,L2,L2,O4,R1,R1,O4,L2,R1,R1,L3,R1,R1,L3,R1,O4,,,,,,,,,,,,,,,,,,,,,,,,,,,,,,,,,Four,,,,,,,,,,,,,,,,,,,,,,,,,,,,,,,,Winter,,2021-12-09,26,-7.333333333
Unbalanced,Unbalanced_Colony06,2022-01-04,6Rep1,8,1,1,7,6,8,7,2,7,6,5,1,5,4,2,2,3,,,,,,,,,,,,,,,,,,,,,,,,,,,,,,,,,,,,,,,,,,,,,8,One,16,2,8,6,1,1,1,5,2,1,2,2,6,3,2,0.4,0.2,0.1333333333,0.1333333333,0.1333333333,2,5,3,8,11,0.5,0.7272727273,0.2272727273,0.2272727273,,,Winter,,2021-12-09,26,-7.333333333
Unbalanced,Unbalanced_Colony06,2022-01-04,6Rep1,8,4.398094,11.549265,10.546596,11.343326,10.237877,10.166477,11.194672,8.845621,9.468579,11.448623,9.868627,9.229896,11.498164,4.343866,9.364748,10.89083,,,,,,,,,,,,,,,,,,,,,,,,,,,,,,,,,,,,,,,,,,,,,,Two,,,,,,,,,,,,,,,,,,,,,,,,,,,,,,3,13,Winter,,2021-12-09,26,-7.333333333
Unbalanced,Unbalanced_Colony06,2022-01-04,6Rep1,8,Reward,Same,Reward,Reward,Reward,Previsited,Reward,Previsited,Previsited,Reward,Previsited,Previsited,Reward,Previsited,Same,Reward,,,,,,,,,,,,,,,,,,,,,,,,,,,,,,,,,,,,,,,,,,,,,,Three,,,,,,,,,,,,,,,,,,,,,,,,,,,,,,,,Winter,,2021-12-09,26,-7.333333333
Unbalanced,Unbalanced_Colony06,2022-01-04,6Rep1,8,,S0,R2,R1,L2,R1,L3,R3,R1,R1,O4,O4,R1,R2,S0,L1,,,,,,,,,,,,,,,,,,,,,,,,,,,,,,,,,,,,,,,,,,,,,,Four,,,,,,,,,,,,,,,,,,,,,,,,,,,,,,,,Winter,,2021-12-09,26,-7.333333333
Unbalanced,Unbalanced_Colony06,2022-01-09,6Rep2,1,4,3,4,1,5,4,1,8,2,4,3,2,1,4,3,8,2,5,4,3,2,1,2,2,4,6,7,,,,,,,,,,,,,,,,,,,,,,,,,,,,,,,,,,8,One,27,1,8,18,3,5,2,11,0,3,1,1,14,5,5,0.5384615385,0.1923076923,0.1923076923,0.0384615385,0.0384615385,3,9,10,14,24,0.3913043478,0.5833333333,0.0833333333,0.0833333333,,,Winter,,2021-12-09,31,-2.333333333
Unbalanced,Unbalanced_Colony06,2022-01-09,6Rep2,1,10.505336,10.981163,10.001104,11.044034,10.890346,9.940206,9.714444,10.745729,11.389441,9.838559,10.363247,10.012013,9.968912,9.891277,11.286787,11.479093,10.882808,10.521967,10.17694,9.681661,11.356945,11.341951,11.423072,4.392018,11.433238,10.632319,10.095846,,,,,,,,,,,,,,,,,,,,,,,,,,,,,,,,,,,Two,,,,,,,,,,,,,,,,,,,,,,,,,,,,,,1,26,Winter,,2021-12-09,31,-2.333333333
Unbalanced,Unbalanced_Colony06,2022-01-09,6Rep2,1,Reward,Reward,Previsited,Reward,Reward,Previsited,Previsited,Reward,Reward,Previsited,Previsited,Previsited,Previsited,Previsited,Previsited,Previsited,Previsited,Previsited,Previsited,Previsited,Previsited,Previsited,Previsited,Same,Previsited,Reward,Reward,,,,,,,,,,,,,,,,,,,,,,,,,,,,,,,,,,,Three,,,,,,,,,,,,,,,,,,,,,,,,,,,,,,,,Winter,,2021-12-09,31,-2.333333333
Unbalanced,Unbalanced_Colony06,2022-01-09,6Rep2,1,,R1,L1,R3,O4,R1,R3,R1,L2,L2,R1,R1,R1,L3,R1,R3,L2,L3,R1,R1,R1,R1,L1,S0,L2,L2,L1,,,,,,,,,,,,,,,,,,,,,,,,,,,,,,,,,,,Four,,,,,,,,,,,,,,,,,,,,,,,,,,,,,,,,Winter,,2021-12-09,31,-2.333333333
Unbalanced,Unbalanced_Colony06,2022-01-09,6Rep2,2,8,7,8,2,3,1,2,8,7,6,8,3,4,6,4,3,4,3,4,3,1,3,7,8,2,4,1,2,4,1,8,7,6,7,6,1,6,3,4,1,5,,,,,,,,,,,,,,,,,,,,8,One,41,0,8,33,10,7,2,10,4,5,2,0,20,11,7,0.5,0.275,0.175,0.05,0,3,20,19,19,38,0.5405405405,0.5,0,0,,,Winter,,2021-12-09,31,-2.333333333
Unbalanced,Unbalanced_Colony06,2022-01-09,6Rep2,2,10.606475,10.666584,10.126845,10.832109,10.782111,10.939404,11.540738,10.470693,10.312148,10.450307,10.150666,11.520198,10.820514,9.913776,9.669332,10.722812,9.659388,11.608186,9.415296,9.071067,10.234297,5.015294,9.579631,10.640236,11.513174,11.234978,9.435955,7.316182,9.698016,8.514612,9.808934,9.083264,9.921991,5.793294,10.45096,9.68949,9.314993,10.714211,8.979905,4.495885,10.386882,,,,,,,,,,,,,,,,,,,,,Two,,,,,,,,,,,,,,,,,,,,,,,,,,,,,,6,35,Winter,,2021-12-09,31,-2.333333333
Unbalanced,Unbalanced_Colony06,2022-01-09,6Rep2,2,Reward,Reward,Previsited,Reward,Reward,Reward,Previsited,Previsited,Previsited,Reward,Previsited,Previsited,Reward,Previsited,Previsited,Previsited,Previsited,Previsited,Previsited,Previsited,Previsited,Previsited,Previsited,Previsited,Previsited,Previsited,Previsited,Previsited,Previsited,Previsited,Previsited,Previsited,Previsited,Previsited,Previsited,Previsited,Previsited,Previsited,Previsited,Previsited,Reward,,,,,,,,,,,,,,,,,,,,,Three,,,,,,,,,,,,,,,,,,,,,,,,,,,,,,,,Winter,,2021-12-09,31,-2.333333333
Unbalanced,Unbalanced_Colony06,2022-01-09,6Rep2,2,,R1,L1,L2,L1,R2,L1,R2,R1,R1,L2,L3,L1,L2,R2,R1,L1,R1,L1,R1,R2,L2,O4,L1,L2,L2,R3,L1,L2,R3,R1,R1,R1,L1,R1,L3,R3,R3,L1,R3,O4,,,,,,,,,,,,,,,,,,,,,Four,,,,,,,,,,,,,,,,,,,,,,,,,,,,,,,,Winter,,2021-12-09,31,-2.333333333
Unbalanced,Unbalanced_Colony06,2022-01-09,6Rep2,3,4,7,4,5,2,1,2,3,3,7,1,5,4,5,8,2,4,3,1,6,,,,,,,,,,,,,,,,,,,,,,,,,,,,,,,,,,,,,,,,,8,One,20,1,8,11,4,3,2,3,1,3,2,1,7,4,5,0.3684210526,0.2105263158,0.2631578947,0.1052631579,0.0526315789,3,7,9,7,16,0.4666666667,0.4375,-0.0625,0.0625,,,Winter,,2021-12-09,31,-2.333333333
Unbalanced,Unbalanced_Colony06,2022-01-09,6Rep2,3,10.369621,10.318743,9.363645,10.680318,10.60969,11.341831,10.328731,10.223549,9.697212,9.621233,9.779339,10.180923,11.31926,9.834417,10.624452,10.104647,9.830948,11.436307,8.223945,10.151069,,,,,,,,,,,,,,,,,,,,,,,,,,,,,,,,,,,,,,,,,,Two,,,,,,,,,,,,,,,,,,,,,,,,,,,,,,1,19,Winter,,2021-12-09,31,-2.333333333
Unbalanced,Unbalanced_Colony06,2022-01-09,6Rep2,3,Reward,Reward,Previsited,Reward,Reward,Reward,Previsited,Reward,Same,Previsited,Previsited,Previsited,Previsited,Previsited,Reward,Previsited,Previsited,Previsited,Previsited,Reward,,,,,,,,,,,,,,,,,,,,,,,,,,,,,,,,,,,,,,,,,,Three,,,,,,,,,,,,,,,,,,,,,,,,,,,,,,,,Winter,,2021-12-09,31,-2.333333333
Unbalanced,Unbalanced_Colony06,2022-01-09,6Rep2,3,,L3,R3,L1,R3,R1,L1,L1,S0,O4,L2,O4,R1,L1,L3,L2,L2,R1,R2,R3,,,,,,,,,,,,,,,,,,,,,,,,,,,,,,,,,,,,,,,,,,Four,,,,,,,,,,,,,,,,,,,,,,,,,,,,,,,,Winter,,2021-12-09,31,-2.333333333
Unbalanced,Unbalanced_Colony06,2022-01-09,6Rep2,4,7,5,4,1,2,1,8,3,4,8,7,4,2,7,6,,,,,,,,,,,,,,,,,,,,,,,,,,,,,,,,,,,,,,,,,,,,,,8,One,15,0,8,7,2,0,1,5,2,3,1,0,7,2,4,0.5,0.1428571429,0.2857142857,0.0714285714,0,6,4,3,10,13,0.3333333333,0.7692307692,0.2692307692,0.2692307692,,,Winter,,2021-12-09,31,-2.333333333
Unbalanced,Unbalanced_Colony06,2022-01-09,6Rep2,4,10.629606,9.969538,10.242655,10.471326,10.865097,10.489237,11.590928,11.00974,10.327655,10.471829,11.686592,9.632673,10.211721,9.971063,10.682143,,,,,,,,,,,,,,,,,,,,,,,,,,,,,,,,,,,,,,,,,,,,,,,Two,,,,,,,,,,,,,,,,,,,,,,,,,,,,,,0,15,Winter,,2021-12-09,31,-2.333333333
Unbalanced,Unbalanced_Colony06,2022-01-09,6Rep2,4,Reward,Reward,Reward,Reward,Reward,Previsited,Reward,Reward,Previsited,Previsited,Previsited,Previsited,Previsited,Previsited,Reward,,,,,,,,,,,,,,,,,,,,,,,,,,,,,,,,,,,,,,,,,,,,,,,Three,,,,,,,,,,,,,,,,,,,,,,,,,,,,,,,,Winter,,2021-12-09,31,-2.333333333
Unbalanced,Unbalanced_Colony06,2022-01-09,6Rep2,4,,R2,R1,R3,L1,R1,R1,L3,L1,O4,R1,R3,R2,R3,R1,,,,,,,,,,,,,,,,,,,,,,,,,,,,,,,,,,,,,,,,,,,,,,,Four,,,,,,,,,,,,,,,,,,,,,,,,,,,,,,,,Winter,,2021-12-09,31,-2.333333333
Unbalanced,Unbalanced_Colony06,2022-01-09,6Rep2,5,8,3,1,7,1,4,1,8,7,3,4,7,4,2,1,6,7,1,5,,,,,,,,,,,,,,,,,,,,,,,,,,,,,,,,,,,,,,,,,,8,One,19,0,8,11,2,2,3,3,3,3,2,0,5,5,6,0.2777777778,0.2777777778,0.3333333333,0.1111111111,0,5,6,7,9,16,0.4,0.5625,0.0625,0.0625,,,Winter,,2021-12-09,31,-2.333333333
Unbalanced,Unbalanced_Colony06,2022-01-09,6Rep2,5,11.236435,10.24783,9.971728,10.515463,10.407692,11.003506,10.044279,10.446725,10.878168,9.858292,10.73217,9.983703,9.98425,10.191946,10.289762,11.71458,8.46237,9.593315,10.101251,,,,,,,,,,,,,,,,,,,,,,,,,,,,,,,,,,,,,,,,,,,Two,,,,,,,,,,,,,,,,,,,,,,,,,,,,,,1,18,Winter,,2021-12-09,31,-2.333333333
Unbalanced,Unbalanced_Colony06,2022-01-09,6Rep2,5,Reward,Reward,Reward,Reward,Previsited,Reward,Previsited,Previsited,Previsited,Previsited,Previsited,Previsited,Previsited,Reward,Previsited,Reward,Previsited,Previsited,Reward,,,,,,,,,,,,,,,,,,,,,,,,,,,,,,,,,,,,,,,,,,,Three,,,,,,,,,,,,,,,,,,,,,,,,,,,,,,,,Winter,,2021-12-09,31,-2.333333333
Unbalanced,Unbalanced_Colony06,2022-01-09,6Rep2,5,,L3,R2,R2,L2,L3,R3,R1,R1,O4,L1,L3,R3,R2,R1,R3,L1,L2,O4,,,,,,,,,,,,,,,,,,,,,,,,,,,,,,,,,,,,,,,,,,,Four,,,,,,,,,,,,,,,,,,,,,,,,,,,,,,,,Winter,,2021-12-09,31,-2.333333333
Unbalanced,Unbalanced_Colony06,2022-01-09,6Rep2,6,7,2,4,5,1,8,1,4,3,2,6,,,,,,,,,,,,,,,,,,,,,,,,,,,,,,,,,,,,,,,,,,,,,,,,,,8,One,11,0,8,3,2,1,2,3,0,0,2,0,5,1,2,0.5,0.1,0.2,0.2,0,7,3,5,3,8,0.4285714286,0.375,-0.125,0.125,,,Winter,,2021-12-09,31,-2.333333333
Unbalanced,Unbalanced_Colony06,2022-01-09,6Rep2,6,10.443851,10.314284,10.327655,10.680829,10.335409,11.21652,9.802971,10.978091,9.956958,11.551222,11.175903,,,,,,,,,,,,,,,,,,,,,,,,,,,,,,,,,,,,,,,,,,,,,,,,,,,Two,,,,,,,,,,,,,,,,,,,,,,,,,,,,,,0,11,Winter,,2021-12-09,31,-2.333333333
Unbalanced,Unbalanced_Colony06,2022-01-09,6Rep2,6,Reward,Reward,Reward,Reward,Reward,Reward,Previsited,Previsited,Reward,Previsited,Reward,,,,,,,,,,,,,,,,,,,,,,,,,,,,,,,,,,,,,,,,,,,,,,,,,,,Three,,,,,,,,,,,,,,,,,,,,,,,,,,,,,,,,Winter,,2021-12-09,31,-2.333333333
Unbalanced,Unbalanced_Colony06,2022-01-09,6Rep2,6,,L3,L2,L1,O4,R1,L1,L3,R1,R1,O4,,,,,,,,,,,,,,,,,,,,,,,,,,,,,,,,,,,,,,,,,,,,,,,,,,,Four,,,,,,,,,,,,,,,,,,,,,,,,,,,,,,,,Winter,,2021-12-09,31,-2.333333333
Unbalanced,Unbalanced_Colony06,2022-01-09,6Rep2,7,8,1,5,7,2,6,8,2,8,5,4,3,1,6,4,3,7,1,,,,,,,,,,,,,,,,,,,,,,,,,,,,,,,,,,,,,,,,,,,8,One,18,0,8,10,1,4,1,3,3,2,3,0,4,7,3,0.2352941176,0.4117647059,0.1764705882,0.1764705882,0,7,2,6,8,14,0.1538461538,0.5714285714,0.0714285714,0.0714285714,,,Winter,,2021-12-09,31,-2.333333333
Unbalanced,Unbalanced_Colony06,2022-01-09,6Rep2,7,10.194699,9.248104,10.444187,10.514183,10.426086,10.647653,9.669836,10.136695,10.0501,10.72612,10.131521,10.170503,8.47496,9.961656,10.168567,9.693975,10.459312,10.513071,,,,,,,,,,,,,,,,,,,,,,,,,,,,,,,,,,,,,,,,,,,,Two,,,,,,,,,,,,,,,,,,,,,,,,,,,,,,1,17,Winter,,2021-12-09,31,-2.333333333
Unbalanced,Unbalanced_Colony06,2022-01-09,6Rep2,7,Reward,Reward,Reward,Reward,Reward,Reward,Previsited,Previsited,Previsited,Previsited,Reward,Reward,Previsited,Previsited,Previsited,Previsited,Previsited,Previsited,,,,,,,,,,,,,,,,,,,,,,,,,,,,,,,,,,,,,,,,,,,,Three,,,,,,,,,,,,,,,,,,,,,,,,,,,,,,,,Winter,,2021-12-09,31,-2.333333333
Unbalanced,Unbalanced_Colony06,2022-01-09,6Rep2,7,,L1,O4,L2,L3,O4,L2,L2,R2,R3,R1,R1,R2,R3,R2,R1,O4,L2,,,,,,,,,,,,,,,,,,,,,,,,,,,,,,,,,,,,,,,,,,,,Four,,,,,,,,,,,,,,,,,,,,,,,,,,,,,,,,Winter,,2021-12-09,31,-2.333333333
Unbalanced,Unbalanced_Colony06,2022-01-09,6Rep2,8,2,6,1,6,5,8,3,6,8,7,4,,,,,,,,,,,,,,,,,,,,,,,,,,,,,,,,,,,,,,,,,,,,,,,,,,8,One,11,0,8,3,0,1,4,2,0,2,1,0,2,1,6,0.2,0.1,0.6,0.1,0,4,3,5,4,9,0.375,0.4444444444,-0.055555556,0.0555555556,,,Winter,,2021-12-09,31,-2.333333333
Unbalanced,Unbalanced_Colony06,2022-01-09,6Rep2,8,9.762662,10.124362,10.239781,9.987471,10.430872,10.652906,10.152836,10.464958,9.991042,10.904424,10.267384,,,,,,,,,,,,,,,,,,,,,,,,,,,,,,,,,,,,,,,,,,,,,,,,,,,Two,,,,,,,,,,,,,,,,,,,,,,,,,,,,,,0,11,Winter,,2021-12-09,31,-2.333333333
Unbalanced,Unbalanced_Colony06,2022-01-09,6Rep2,8,Reward,Reward,Reward,Previsited,Reward,Reward,Reward,Previsited,Previsited,Reward,Reward,,,,,,,,,,,,,,,,,,,,,,,,,,,,,,,,,,,,,,,,,,,,,,,,,,,Three,,,,,,,,,,,,,,,,,,,,,,,,,,,,,,,,Winter,,2021-12-09,31,-2.333333333
Unbalanced,Unbalanced_Colony06,2022-01-09,6Rep2,8,,O4,L3,R3,R1,L3,L3,L3,L2,R1,R3,,,,,,,,,,,,,,,,,,,,,,,,,,,,,,,,,,,,,,,,,,,,,,,,,,,Four,,,,,,,,,,,,,,,,,,,,,,,,,,,,,,,,Winter,,2021-12-09,31,-2.333333333
Unbalanced,Unbalanced_Colony06,2022-01-12,6Rep3,1,7,7,1,8,7,6,4,8,6,5,4,5,7,7,4,8,4,7,4,2,2,8,6,5,5,4,2,8,1,8,1,4,4,4,5,5,4,5,1,5,2,3,,,,,,,,,,,,,,,,,,,8,One,42,7,8,27,6,2,2,9,7,3,5,7,15,9,5,0.3658536585,0.2195121951,0.1219512195,0.1219512195,0.1707317073,2,12,10,19,29,0.4285714286,0.6551724138,0.1551724138,0.1551724138,,,Winter,,2021-12-09,34,0.6666666667
Unbalanced,Unbalanced_Colony06,2022-01-12,6Rep3,1,11.608186,11.714164,11.807658,11.795618,11.658705,11.396011,11.096488,11.511193,11.278131,11.110971,11.077183,9.651091,9.982532,11.183208,10.376292,11.744278,10.232011,10.043503,9.625447,10.98512,10.487081,9.810067,11.535755,10.57467,4.677938,10.959147,11.6787,9.931731,11.760416,9.702658,7.66705,9.628342,11.230414,10.149936,11.240529,9.804323,9.636679,10.545283,10.038611,11.250929,11.609916,11.755774,,,,,,,,,,,,,,,,,,,,Two,,,,,,,,,,,,,,,,,,,,,,,,,,,,,,2,40,Winter,,2021-12-09,34,0.6666666667
Unbalanced,Unbalanced_Colony06,2022-01-12,6Rep3,1,Reward,Same,Reward,Reward,Previsited,Reward,Reward,Previsited,Previsited,Reward,Previsited,Previsited,Previsited,Same,Previsited,Previsited,Previsited,Previsited,Previsited,Reward,Same,Previsited,Previsited,Previsited,Same,Previsited,Previsited,Previsited,Previsited,Previsited,Previsited,Previsited,Same,Same,Previsited,Same,Previsited,Previsited,Previsited,Previsited,Previsited,Reward,,,,,,,,,,,,,,,,,,,,Three,,,,,,,,,,,,,,,,,,,,,,,,,,,,,,,,Winter,,2021-12-09,34,0.6666666667
Unbalanced,Unbalanced_Colony06,2022-01-12,6Rep3,1,,S0,L2,R1,R1,R1,R2,O4,R2,R1,R1,L1,L2,S0,R3,O4,O4,L3,R3,R2,S0,R2,R2,R1,S0,R1,R2,R2,L1,R1,L1,L3,S0,S0,L1,S0,R1,L1,O4,O4,R3,L1,,,,,,,,,,,,,,,,,,,,Four,,,,,,,,,,,,,,,,,,,,,,,,,,,,,,,,Winter,,2021-12-09,34,0.6666666667
Unbalanced,Unbalanced_Colony06,2022-01-12,6Rep3,2,3,3,2,1,8,6,2,7,5,4,,,,,,,,,,,,,,,,,,,,,,,,,,,,,,,,,,,,,,,,,,,,,,,,,,,8,One,10,1,8,1,0,0,0,4,2,1,1,1,4,2,1,0.4444444444,0.2222222222,0.1111111111,0.1111111111,0.1111111111,2,0,0,7,7,0,1,0.5,0.5,,,Winter,,2021-12-09,34,0.6666666667
Unbalanced,Unbalanced_Colony06,2022-01-12,6Rep3,2,7.81122,10.626818,10.78146,11.381582,11.048675,10.232602,10.793747,11.826842,9.979856,9.478435,,,,,,,,,,,,,,,,,,,,,,,,,,,,,,,,,,,,,,,,,,,,,,,,,,,,Two,,,,,,,,,,,,,,,,,,,,,,,,,,,,,,1,9,Winter,,2021-12-09,34,0.6666666667
Unbalanced,Unbalanced_Colony06,2022-01-12,6Rep3,2,Reward,Same,Reward,Reward,Reward,Reward,Previsited,Reward,Reward,Reward,,,,,,,,,,,,,,,,,,,,,,,,,,,,,,,,,,,,,,,,,,,,,,,,,,,,Three,,,,,,,,,,,,,,,,,,,,,,,,,,,,,,,,Winter,,2021-12-09,34,0.6666666667
Unbalanced,Unbalanced_Colony06,2022-01-12,6Rep3,2,,S0,R1,R1,R1,R2,O4,R3,R2,R1,,,,,,,,,,,,,,,,,,,,,,,,,,,,,,,,,,,,,,,,,,,,,,,,,,,,Four,,,,,,,,,,,,,,,,,,,,,,,,,,,,,,,,Winter,,2021-12-09,34,0.6666666667
Unbalanced,Unbalanced_Colony06,2022-01-12,6Rep3,3,1,2,8,6,4,2,7,6,5,3,,,,,,,,,,,,,,,,,,,,,,,,,,,,,,,,,,,,,,,,,,,,,,,,,,,8,One,10,0,8,2,1,0,0,2,5,1,0,0,3,5,1,0.3333333333,0.5555555556,0.1111111111,0,0,6,1,1,8,9,0.125,0.8888888889,0.3888888889,0.3888888889,,,Winter,,2021-12-09,34,0.6666666667
Unbalanced,Unbalanced_Colony06,2022-01-12,6Rep3,3,10.960268,10.145172,10.01248,11.433528,10.882593,11.12794,9.690777,9.793839,10.908516,9.9435,,,,,,,,,,,,,,,,,,,,,,,,,,,,,,,,,,,,,,,,,,,,,,,,,,,,Two,,,,,,,,,,,,,,,,,,,,,,,,,,,,,,0,10,Winter,,2021-12-09,34,0.6666666667
Unbalanced,Unbalanced_Colony06,2022-01-12,6Rep3,3,Reward,Reward,Reward,Reward,Reward,Previsited,Reward,Previsited,Reward,Reward,,,,,,,,,,,,,,,,,,,,,,,,,,,,,,,,,,,,,,,,,,,,,,,,,,,,Three,,,,,,,,,,,,,,,,,,,,,,,,,,,,,,,,Winter,,2021-12-09,34,0.6666666667
Unbalanced,Unbalanced_Colony06,2022-01-12,6Rep3,3,,L1,R2,R2,R2,R2,R3,R1,R1,R2,,,,,,,,,,,,,,,,,,,,,,,,,,,,,,,,,,,,,,,,,,,,,,,,,,,,Four,,,,,,,,,,,,,,,,,,,,,,,,,,,,,,,,Winter,,2021-12-09,34,0.6666666667
Unbalanced,Unbalanced_Colony06,2022-01-12,6Rep3,4,2,1,8,7,6,4,3,1,5,3,,,,,,,,,,,,,,,,,,,,,,,,,,,,,,,,,,,,,,,,,,,,,,,,,,,8,One,10,0,8,2,0,0,0,5,3,0,1,0,5,3,0,0.5555555556,0.3333333333,0,0.1111111111,0,8,0,0,8,8,0,1,0.5,0.5,,,Winter,,2021-12-09,34,0.6666666667
Unbalanced,Unbalanced_Colony06,2022-01-12,6Rep3,4,11.61,10.809916,10.667406,10.109565,10.168663,9.864617,10.61094,10.10914,9.755231,10.186034,,,,,,,,,,,,,,,,,,,,,,,,,,,,,,,,,,,,,,,,,,,,,,,,,,,,Two,,,,,,,,,,,,,,,,,,,,,,,,,,,,,,0,10,Winter,,2021-12-09,34,0.6666666667
Unbalanced,Unbalanced_Colony06,2022-01-12,6Rep3,4,Reward,Reward,Reward,Reward,Reward,Reward,Reward,Previsited,Reward,Previsited,,,,,,,,,,,,,,,,,,,,,,,,,,,,,,,,,,,,,,,,,,,,,,,,,,,,Three,,,,,,,,,,,,,,,,,,,,,,,,,,,,,,,,Winter,,2021-12-09,34,0.6666666667
Unbalanced,Unbalanced_Colony06,2022-01-12,6Rep3,4,,R1,R1,R1,R1,R2,R1,R2,O4,R2,,,,,,,,,,,,,,,,,,,,,,,,,,,,,,,,,,,,,,,,,,,,,,,,,,,,Four,,,,,,,,,,,,,,,,,,,,,,,,,,,,,,,,Winter,,2021-12-09,34,0.6666666667
Unbalanced,Unbalanced_Colony06,2022-01-12,6Rep3,5,5,4,2,8,7,6,5,3,2,8,7,5,3,1,7,7,1,2,7,4,2,8,7,5,3,1,5,1,8,5,4,1,4,8,2,4,1,5,1,2,3,5,7,8,1,2,7,6,1,2,1,8,5,2,7,3,7,7,4,6,8,One,60,2,8,50,7,6,2,12,13,10,7,2,19,19,12,0.3220338983,0.3220338983,0.2033898305,0.1186440678,0.0338983051,7,9,15,35,50,0.1836734694,0.7,0.2,0.2,,,Winter,,2021-12-09,34,0.6666666667
Unbalanced,Unbalanced_Colony06,2022-01-12,6Rep3,5,10.007748,9.806788,11.273101,10.729209,10.374583,7.285879,10.407224,10.074431,11.030895,10.635985,10.520466,10.081007,10.35813,11.273775,10.877577,4.353906,10.457523,9.914641,10.437149,10.469073,10.220193,10.770389,11.157819,10.000558,10.253097,10.477783,9.576151,10.635326,10.588173,9.975168,9.612964,11.282641,10.135234,10.194432,9.858984,10.109738,10.562552,10.164176,9.900554,11.217893,11.20287,10.628799,11.099456,11.451909,10.771982,10.959147,11.796196,5.876146,9.546876,9.892617,9.702638,10.066321,10.336711,7.976542,12.001006,9.052309,10.08783,11.686042,9.808934,11.830748,,Two,,,,,,,,,,,,,,,,,,,,,,,,,,,,,,4,56,Winter,,2021-12-09,34,0.6666666667
Unbalanced,Unbalanced_Colony06,2022-01-12,6Rep3,5,Reward,Reward,Reward,Reward,Reward,Reward,Previsited,Reward,Previsited,Previsited,Previsited,Previsited,Previsited,Reward,Previsited,Same,Previsited,Previsited,Previsited,Previsited,Previsited,Previsited,Previsited,Previsited,Previsited,Previsited,Previsited,Previsited,Previsited,Previsited,Previsited,Previsited,Previsited,Previsited,Previsited,Previsited,Previsited,Previsited,Previsited,Previsited,Previsited,Previsited,Previsited,Previsited,Previsited,Previsited,Previsited,Previsited,Previsited,Previsited,Previsited,Previsited,Previsited,Previsited,Previsited,Previsited,Previsited,Same,Previsited,Previsited,,Three,,,,,,,,,,,,,,,,,,,,,,,,,,,,,,,,Winter,,2021-12-09,34,0.6666666667
Unbalanced,Unbalanced_Colony06,2022-01-12,6Rep3,5,,R1,R2,R2,R1,R1,R1,R2,R1,R2,R1,R2,R2,R2,R2,S0,L2,L1,R3,R3,R2,R2,R1,R2,R2,R2,O4,O4,R1,R3,R1,R3,L3,O4,L2,L2,R3,O4,O4,L1,L1,L2,L2,L1,L1,L1,R3,R1,L3,L1,R1,R1,R3,R3,R3,O4,O4,S0,R3,L2,,Four,,,,,,,,,,,,,,,,,,,,,,,,,,,,,,,,Winter,,2021-12-09,34,0.6666666667
Unbalanced,Unbalanced_Colony06,2022-01-12,6Rep3,6,4,7,5,8,4,3,6,5,4,1,8,6,5,2,,,,,,,,,,,,,,,,,,,,,,,,,,,,,,,,,,,,,,,,,,,,,,,8,One,14,0,8,6,0,0,3,5,2,2,1,0,5,2,5,0.3846153846,0.1538461538,0.3846153846,0.0769230769,0,5,5,3,9,12,0.4545454545,0.75,0.25,0.25,,,Winter,,2021-12-09,34,0.6666666667
Unbalanced,Unbalanced_Colony06,2022-01-12,6Rep3,6,4.364459,10.494068,10.573121,11.06891,10.429675,10.755901,11.196952,9.956802,9.939265,10.650491,9.943814,9.814993,9.821664,10.250207,,,,,,,,,,,,,,,,,,,,,,,,,,,,,,,,,,,,,,,,,,,,,,,,Two,,,,,,,,,,,,,,,,,,,,,,,,,,,,,,1,13,Winter,,2021-12-09,34,0.6666666667
Unbalanced,Unbalanced_Colony06,2022-01-12,6Rep3,6,Reward,Reward,Reward,Reward,Previsited,Reward,Reward,Previsited,Previsited,Reward,Previsited,Previsited,Previsited,Reward,,,,,,,,,,,,,,,,,,,,,,,,,,,,,,,,,,,,,,,,,,,,,,,,Three,,,,,,,,,,,,,,,,,,,,,,,,,,,,,,,,Winter,,2021-12-09,34,0.6666666667
Unbalanced,Unbalanced_Colony06,2022-01-12,6Rep3,6,,L3,R2,L3,O4,R1,L3,R1,R1,R3,R1,R2,R1,R3,,,,,,,,,,,,,,,,,,,,,,,,,,,,,,,,,,,,,,,,,,,,,,,,Four,,,,,,,,,,,,,,,,,,,,,,,,,,,,,,,,Winter,,2021-12-09,34,0.6666666667
Unbalanced,Unbalanced_Colony06,2022-01-12,6Rep3,7,7,5,3,2,1,7,5,4,3,8,7,6,,,,,,,,,,,,,,,,,,,,,,,,,,,,,,,,,,,,,,,,,,,,,,,,,8,One,12,0,8,4,0,0,0,6,4,1,0,0,6,4,1,0.5454545455,0.3636363636,0.0909090909,0,0,6,0,0,11,11,0,1,0.5,0.5,,,Winter,,2021-12-09,34,0.6666666667
Unbalanced,Unbalanced_Colony06,2022-01-12,6Rep3,7,10.879297,10.723794,9.864913,10.769159,10.431993,10.192558,9.7893,9.952885,9.904904,10.350882,11.083569,10.051593,,,,,,,,,,,,,,,,,,,,,,,,,,,,,,,,,,,,,,,,,,,,,,,,,,Two,,,,,,,,,,,,,,,,,,,,,,,,,,,,,,0,12,Winter,,2021-12-09,34,0.6666666667
Unbalanced,Unbalanced_Colony06,2022-01-12,6Rep3,7,Reward,Reward,Reward,Reward,Reward,Previsited,Previsited,Reward,Previsited,Reward,Previsited,Reward,,,,,,,,,,,,,,,,,,,,,,,,,,,,,,,,,,,,,,,,,,,,,,,,,,Three,,,,,,,,,,,,,,,,,,,,,,,,,,,,,,,,Winter,,2021-12-09,34,0.6666666667
Unbalanced,Unbalanced_Colony06,2022-01-12,6Rep3,7,,R2,R2,R1,R1,R2,R2,R1,R1,R3,R1,R1,,,,,,,,,,,,,,,,,,,,,,,,,,,,,,,,,,,,,,,,,,,,,,,,,,Four,,,,,,,,,,,,,,,,,,,,,,,,,,,,,,,,Winter,,2021-12-09,34,0.6666666667
Unbalanced,Unbalanced_Colony06,2022-01-12,6Rep3,8,6,5,4,3,2,8,7,6,4,3,1,,,,,,,,,,,,,,,,,,,,,,,,,,,,,,,,,,,,,,,,,,,,,,,,,,8,One,11,0,8,3,0,0,0,7,3,0,0,0,7,3,0,0.7,0.3,0,0,0,8,0,0,10,10,0,1,0.5,0.5,,,Winter,,2021-12-09,34,0.6666666667
Unbalanced,Unbalanced_Colony06,2022-01-12,6Rep3,8,10.702251,9.940637,9.973409,9.958916,11.116671,10.012013,11.393872,10.886462,9.815073,9.779339,10.120664,,,,,,,,,,,,,,,,,,,,,,,,,,,,,,,,,,,,,,,,,,,,,,,,,,,Two,,,,,,,,,,,,,,,,,,,,,,,,,,,,,,0,11,Winter,,2021-12-09,34,0.6666666667
Unbalanced,Unbalanced_Colony06,2022-01-12,6Rep3,8,Reward,Reward,Reward,Reward,Reward,Reward,Reward,Previsited,Previsited,Previsited,Reward,,,,,,,,,,,,,,,,,,,,,,,,,,,,,,,,,,,,,,,,,,,,,,,,,,,Three,,,,,,,,,,,,,,,,,,,,,,,,,,,,,,,,Winter,,2021-12-09,34,0.6666666667
Unbalanced,Unbalanced_Colony06,2022-01-12,6Rep3,8,,R1,R1,R1,R1,R2,R1,R1,R2,R1,R2,,,,,,,,,,,,,,,,,,,,,,,,,,,,,,,,,,,,,,,,,,,,,,,,,,,Four,,,,,,,,,,,,,,,,,,,,,,,,,,,,,,,,Winter,,2021-12-09,34,0.6666666667
Unbalanced,Unbalanced_Colony06,2022-01-13,6Rep4,1,4,1,5,6,7,1,3,4,6,2,8,1,4,7,2,,,,,,,,,,,,,,,,,,,,,,,,,,,,,,,,,,,,,,,,,,,,,,8,One,15,0,8,7,4,3,3,0,1,1,2,0,4,4,4,0.2857142857,0.2857142857,0.2857142857,0.1428571429,0,6,3,10,2,12,0.2727272727,0.1666666667,-0.333333333,0.3333333333,,,Winter,,2021-12-09,35,1.6666666667
Unbalanced,Unbalanced_Colony06,2022-01-13,6Rep4,1,10.62291,11.481301,11.428242,11.496876,11.211218,9.809351,10.834178,9.685788,10.268143,9.601358,11.848775,9.774096,9.913776,9.856453,11.365181,,,,,,,,,,,,,,,,,,,,,,,,,,,,,,,,,,,,,,,,,,,,,,,Two,,,,,,,,,,,,,,,,,,,,,,,,,,,,,,0,15,Winter,,2021-12-09,35,1.6666666667
Unbalanced,Unbalanced_Colony06,2022-01-13,6Rep4,1,Reward,Reward,Reward,Reward,Reward,Previsited,Reward,Previsited,Previsited,Reward,Reward,Previsited,Previsited,Previsited,Previsited,,,,,,,,,,,,,,,,,,,,,,,,,,,,,,,,,,,,,,,,,,,,,,,Three,,,,,,,,,,,,,,,,,,,,,,,,,,,,,,,,Winter,,2021-12-09,35,1.6666666667
Unbalanced,Unbalanced_Colony06,2022-01-13,6Rep4,1,,R3,O4,L1,L1,L2,L2,L1,L2,O4,R2,L1,L3,L3,L3,,,,,,,,,,,,,,,,,,,,,,,,,,,,,,,,,,,,,,,,,,,,,,,Four,,,,,,,,,,,,,,,,,,,,,,,,,,,,,,,,Winter,,2021-12-09,35,1.6666666667
Unbalanced,Unbalanced_Colony06,2022-01-13,6Rep4,2,1,4,6,3,8,5,8,2,6,1,4,8,3,1,6,2,7,4,7,5,5,7,6,3,8,2,,,,,,,,,,,,,,,,,,,,,,,,,,,,,,,,,,,8,One,26,1,8,17,0,4,6,1,2,8,3,1,1,6,14,0.04,0.24,0.56,0.12,0.04,7,8,10,11,21,0.4,0.5238095238,0.0238095238,0.0238095238,,,Winter,,2021-12-09,35,1.6666666667
Unbalanced,Unbalanced_Colony06,2022-01-13,6Rep4,2,10.293095,10.012889,11.772046,11.128431,11.813979,11.537123,9.810404,9.835943,9.351229,9.864755,9.458425,10.330146,9.580933,9.371219,11.146912,9.800524,11.902023,10.070251,11.254722,10.275753,9.815073,12.122534,11.669818,10.317609,10.801474,10.820946,,,,,,,,,,,,,,,,,,,,,,,,,,,,,,,,,,,,Two,,,,,,,,,,,,,,,,,,,,,,,,,,,,,,0,26,Winter,,2021-12-09,35,1.6666666667
Unbalanced,Unbalanced_Colony06,2022-01-13,6Rep4,2,Reward,Reward,Reward,Reward,Reward,Reward,Previsited,Reward,Previsited,Previsited,Previsited,Previsited,Previsited,Previsited,Previsited,Previsited,Reward,Previsited,Previsited,Previsited,Same,Previsited,Previsited,Previsited,Previsited,Previsited,,,,,,,,,,,,,,,,,,,,,,,,,,,,,,,,,,,,Three,,,,,,,,,,,,,,,,,,,,,,,,,,,,,,,,Winter,,2021-12-09,35,1.6666666667
Unbalanced,Unbalanced_Colony06,2022-01-13,6Rep4,2,,L3,L2,R3,R3,R3,L3,L2,O4,L3,L3,O4,L3,R2,R3,O4,R3,R3,L3,R2,S0,L2,R1,R3,R3,L2,,,,,,,,,,,,,,,,,,,,,,,,,,,,,,,,,,,,Four,,,,,,,,,,,,,,,,,,,,,,,,,,,,,,,,Winter,,2021-12-09,35,1.6666666667
Unbalanced,Unbalanced_Colony06,2022-01-13,6Rep4,3,2,4,1,2,5,1,7,2,7,1,4,7,3,7,2,1,4,2,5,8,2,7,3,5,7,4,2,8,1,3,6,,,,,,,,,,,,,,,,,,,,,,,,,,,,,,8,One,31,0,8,23,2,6,9,1,4,4,4,0,3,10,13,0.1,0.3333333333,0.4333333333,0.1333333333,0,4,14,17,9,26,0.56,0.3461538462,-0.153846154,0.1538461538,,,Winter,,2021-12-09,35,1.6666666667
Unbalanced,Unbalanced_Colony06,2022-01-13,6Rep4,3,7.345431,10.429675,10.069089,10.684478,9.508085,9.222333,11.132844,9.982298,9.190955,9.750015,8.43117,10.092776,10.377589,8.604859,9.921559,11.24365,9.835685,9.769368,11.366398,11.890225,10.420626,10.383673,10.974682,9.18824,10.154295,8.692352,10.005001,10.086033,10.399561,10.151223,10.932774,,,,,,,,,,,,,,,,,,,,,,,,,,,,,,,Two,,,,,,,,,,,,,,,,,,,,,,,,,,,,,,4,27,Winter,,2021-12-09,35,1.6666666667
Unbalanced,Unbalanced_Colony06,2022-01-13,6Rep4,3,Reward,Reward,Reward,Previsited,Reward,Previsited,Reward,Previsited,Previsited,Previsited,Previsited,Previsited,Reward,Previsited,Previsited,Previsited,Previsited,Previsited,Previsited,Reward,Previsited,Previsited,Previsited,Previsited,Previsited,Previsited,Previsited,Previsited,Previsited,Previsited,Reward,,,,,,,,,,,,,,,,,,,,,,,,,,,,,,,Three,,,,,,,,,,,,,,,,,,,,,,,,,,,,,,,,Winter,,2021-12-09,35,1.6666666667
Unbalanced,Unbalanced_Colony06,2022-01-13,6Rep4,3,,L2,R3,L1,L3,O4,R2,L3,R3,L2,L3,L3,O4,O4,L3,R1,L3,R2,L3,L3,L2,R3,O4,L2,L2,R3,R2,R2,L1,L2,L3,,,,,,,,,,,,,,,,,,,,,,,,,,,,,,,Four,,,,,,,,,,,,,,,,,,,,,,,,,,,,,,,,Winter,,2021-12-09,35,1.6666666667
Unbalanced,Unbalanced_Colony06,2022-01-13,6Rep4,4,4,7,1,2,6,2,6,4,2,7,6,5,7,5,4,7,4,7,3,6,4,6,4,1,3,4,7,1,4,1,3,6,3,8,,,,,,,,,,,,,,,,,,,,,,,,,,,8,One,34,0,8,26,2,6,7,3,5,6,4,0,5,11,13,0.1515151515,0.3333333333,0.3939393939,0.1212121212,0,6,13,15,14,29,0.4642857143,0.4827586207,-0.017241379,0.0172413793,,,Winter,,2021-12-09,35,1.6666666667
Unbalanced,Unbalanced_Colony06,2022-01-13,6Rep4,4,9.757229,10.196229,10.583459,10.504446,10.47823,9.739893,8.787962,9.637407,9.800524,9.705249,9.534127,10.639302,9.374713,9.300459,8.217187,8.024879,6.713439,10.920232,10.350505,7.14355,10.568272,10.704218,9.794954,9.857026,10.024562,4.957832,5.892047,8.656218,10.544045,10.318063,9.936107,9.680695,9.666287,10.557107,,,,,,,,,,,,,,,,,,,,,,,,,,,,Two,,,,,,,,,,,,,,,,,,,,,,,,,,,,,,8,26,Winter,,2021-12-09,35,1.6666666667
Unbalanced,Unbalanced_Colony06,2022-01-13,6Rep4,4,Reward,Reward,Reward,Reward,Reward,Previsited,Previsited,Previsited,Previsited,Previsited,Previsited,Reward,Previsited,Previsited,Previsited,Previsited,Previsited,Previsited,Reward,Previsited,Previsited,Previsited,Previsited,Previsited,Previsited,Previsited,Previsited,Previsited,Previsited,Previsited,Previsited,Previsited,Previsited,Reward,,,,,,,,,,,,,,,,,,,,,,,,,,,,Three,,,,,,,,,,,,,,,,,,,,,,,,,,,,,,,,Winter,,2021-12-09,35,1.6666666667
Unbalanced,Unbalanced_Colony06,2022-01-13,6Rep4,4,,L3,L2,L1,O4,O4,O4,R2,R2,R3,R1,R1,L2,R2,R1,L3,R3,L3,O4,L3,R2,L2,R2,R3,L2,L1,L3,L2,L3,R3,L2,L3,R3,R3,,,,,,,,,,,,,,,,,,,,,,,,,,,,Four,,,,,,,,,,,,,,,,,,,,,,,,,,,,,,,,Winter,,2021-12-09,35,1.6666666667
Unbalanced,Unbalanced_Colony06,2022-01-13,6Rep4,5,2,3,5,6,2,5,6,4,1,6,3,8,1,6,1,3,4,2,7,,,,,,,,,,,,,,,,,,,,,,,,,,,,,,,,,,,,,,,,,,8,One,19,0,8,11,5,2,2,0,2,6,1,0,5,4,8,0.2777777778,0.2222222222,0.4444444444,0.0555555556,0,5,5,9,8,17,0.3125,0.4705882353,-0.029411765,0.0294117647,,,Winter,,2021-12-09,35,1.6666666667
Unbalanced,Unbalanced_Colony06,2022-01-13,6Rep4,5,10.187048,9.787548,10.123765,10.721413,9.34756,10.654864,8.471578,10.030763,11.409071,9.883687,10.457225,10.375034,8.82179,6.064209,9.736651,9.649717,9.123755,10.096483,10.787587,,,,,,,,,,,,,,,,,,,,,,,,,,,,,,,,,,,,,,,,,,,Two,,,,,,,,,,,,,,,,,,,,,,,,,,,,,,3,16,Winter,,2021-12-09,35,1.6666666667
Unbalanced,Unbalanced_Colony06,2022-01-13,6Rep4,5,Reward,Reward,Reward,Reward,Previsited,Previsited,Previsited,Reward,Reward,Previsited,Previsited,Reward,Previsited,Previsited,Previsited,Previsited,Previsited,Previsited,Reward,,,,,,,,,,,,,,,,,,,,,,,,,,,,,,,,,,,,,,,,,,,Three,,,,,,,,,,,,,,,,,,,,,,,,,,,,,,,,Winter,,2021-12-09,35,1.6666666667
Unbalanced,Unbalanced_Colony06,2022-01-13,6Rep4,5,,L1,L2,L1,O4,L3,L1,R2,R3,R3,R3,R3,L1,R3,L3,L2,L1,R2,R3,,,,,,,,,,,,,,,,,,,,,,,,,,,,,,,,,,,,,,,,,,,Four,,,,,,,,,,,,,,,,,,,,,,,,,,,,,,,,Winter,,2021-12-09,35,1.6666666667
Unbalanced,Unbalanced_Colony06,2022-01-13,6Rep4,6,8,8,2,6,8,1,3,5,7,8,2,5,4,8,5,3,2,7,3,1,6,1,3,4,,,,,,,,,,,,,,,,,,,,,,,,,,,,,,,,,,,,,8,One,24,1,8,15,3,7,2,2,2,3,3,1,5,9,5,0.2173913043,0.3913043478,0.2173913043,0.1304347826,0.0434782609,2,2,12,7,19,0.1111111111,0.3684210526,-0.131578947,0.1315789474,,,Winter,,2021-12-09,35,1.6666666667
Unbalanced,Unbalanced_Colony06,2022-01-13,6Rep4,6,4.474895,6.066266,10.213,9.611808,10.703799,10.537721,10.112032,9.956253,11.663201,9.592096,9.460403,9.903094,4.507014,9.881024,10.137984,8.582766,10.4061,9.70555,8.423005,8.80518,10.923356,9.49282,8.904045,10.166017,,,,,,,,,,,,,,,,,,,,,,,,,,,,,,,,,,,,,,Two,,,,,,,,,,,,,,,,,,,,,,,,,,,,,,7,17,Winter,,2021-12-09,35,1.6666666667
Unbalanced,Unbalanced_Colony06,2022-01-13,6Rep4,6,Reward,Same,Reward,Reward,Previsited,Reward,Reward,Reward,Reward,Previsited,Previsited,Previsited,Reward,Previsited,Previsited,Previsited,Previsited,Previsited,Previsited,Previsited,Previsited,Previsited,Previsited,Previsited,,,,,,,,,,,,,,,,,,,,,,,,,,,,,,,,,,,,,,Three,,,,,,,,,,,,,,,,,,,,,,,,,,,,,,,,Winter,,2021-12-09,35,1.6666666667
Unbalanced,Unbalanced_Colony06,2022-01-13,6Rep4,6,,S0,L2,O4,L2,L1,L2,L2,L2,L1,L2,L3,R1,O4,R3,R2,R1,R3,O4,R2,R3,L3,L2,L1,,,,,,,,,,,,,,,,,,,,,,,,,,,,,,,,,,,,,,Four,,,,,,,,,,,,,,,,,,,,,,,,,,,,,,,,Winter,,2021-12-09,35,1.6666666667
Unbalanced,Unbalanced_Colony06,2022-01-13,6Rep4,7,1,1,3,5,2,3,5,7,8,1,6,4,5,7,4,2,5,2,6,8,6,2,7,5,8,2,1,6,4,6,5,6,8,2,4,6,8,3,,,,,,,,,,,,,,,,,,,,,,,8,One,38,1,8,29,5,13,3,2,5,6,2,1,7,18,9,0.1891891892,0.4864864865,0.2432432432,0.0540540541,0.027027027,2,14,21,13,34,0.4242424242,0.3823529412,-0.117647059,0.1176470588,,,Winter,,2021-12-09,35,1.6666666667
Unbalanced,Unbalanced_Colony06,2022-01-13,6Rep4,7,5.147031,10.321935,9.66788,9.746435,10.15176,9.661345,5.488939,10.234068,11.214956,10.82073,10.624103,11.11625,11.16957,10.1113,11.037413,10.999537,7.430913,9.782389,9.76841,11.03812,8.319268,9.444153,9.328376,4.705111,10.230468,9.695925,10.724957,11.565793,10.58379,7.470157,8.112645,10.106884,11.947139,10.229268,9.973409,8.300197,6.970557,10.670896,,,,,,,,,,,,,,,,,,,,,,,,Two,,,,,,,,,,,,,,,,,,,,,,,,,,,,,,9,29,Winter,,2021-12-09,35,1.6666666667
Unbalanced,Unbalanced_Colony06,2022-01-13,6Rep4,7,Reward,Same,Reward,Reward,Reward,Previsited,Previsited,Reward,Reward,Previsited,Reward,Reward,Previsited,Previsited,Previsited,Previsited,Previsited,Previsited,Previsited,Previsited,Previsited,Previsited,Previsited,Previsited,Previsited,Previsited,Previsited,Previsited,Previsited,Previsited,Previsited,Previsited,Previsited,Previsited,Previsited,Previsited,Previsited,Previsited,,,,,,,,,,,,,,,,,,,,,,,,Three,,,,,,,,,,,,,,,,,,,,,,,,,,,,,,,,Winter,,2021-12-09,35,1.6666666667
Unbalanced,Unbalanced_Colony06,2022-01-13,6Rep4,7,,S0,L2,L2,R3,L1,L2,L2,L1,L1,R3,R2,L1,L2,R3,R2,L3,R3,O4,L2,R2,O4,R3,R2,L3,L2,R1,R3,R2,L2,R1,L1,L2,L2,L2,L2,L2,L3,,,,,,,,,,,,,,,,,,,,,,,,Four,,,,,,,,,,,,,,,,,,,,,,,,,,,,,,,,Winter,,2021-12-09,35,1.6666666667
Unbalanced,Unbalanced_Colony06,2022-01-13,6Rep4,8,3,4,2,7,5,6,7,1,2,5,7,5,7,8,,,,,,,,,,,,,,,,,,,,,,,,,,,,,,,,,,,,,,,,,,,,,,,8,One,14,0,8,6,5,3,1,0,3,1,0,0,5,6,2,0.3846153846,0.4615384615,0.1538461538,0,0,7,4,9,4,13,0.3333333333,0.3076923077,-0.192307692,0.1923076923,,,Winter,,2021-12-09,35,1.6666666667
Unbalanced,Unbalanced_Colony06,2022-01-13,6Rep4,8,11.207201,10.372027,10.296825,11.797534,10.584674,10.385681,9.415296,11.546294,9.475,8.917323,10.249161,10.010533,6.252196,9.96283,,,,,,,,,,,,,,,,,,,,,,,,,,,,,,,,,,,,,,,,,,,,,,,,Two,,,,,,,,,,,,,,,,,,,,,,,,,,,,,,2,12,Winter,,2021-12-09,35,1.6666666667
Unbalanced,Unbalanced_Colony06,2022-01-13,6Rep4,8,Reward,Reward,Reward,Reward,Reward,Reward,Previsited,Reward,Previsited,Previsited,Previsited,Previsited,Previsited,Reward,,,,,,,,,,,,,,,,,,,,,,,,,,,,,,,,,,,,,,,,,,,,,,,,Three,,,,,,,,,,,,,,,,,,,,,,,,,,,,,,,,Winter,,2021-12-09,35,1.6666666667
Unbalanced,Unbalanced_Colony06,2022-01-13,6Rep4,8,,L1,R2,R3,R2,L1,L1,L2,L1,L3,L2,R2,L2,L1,,,,,,,,,,,,,,,,,,,,,,,,,,,,,,,,,,,,,,,,,,,,,,,,Four,,,,,,,,,,,,,,,,,,,,,,,,,,,,,,,,Winter,,2021-12-09,35,1.6666666667
Unbalanced,Unbalanced_Colony06,2022-01-14,6Rep5,1,1,5,8,2,3,7,7,1,2,4,2,5,2,4,7,3,6,,,,,,,,,,,,,,,,,,,,,,,,,,,,,,,,,,,,,,,,,,,,8,One,17,1,8,8,2,4,4,0,1,1,3,1,2,5,5,0.125,0.3125,0.3125,0.1875,0.0625,7,4,10,2,12,0.3636363636,0.1666666667,-0.333333333,0.3333333333,,,Winter,,2021-12-09,36,2.6666666667
Unbalanced,Unbalanced_Colony06,2022-01-14,6Rep5,1,11.501842,10.081645,10.356153,11.277111,11.296178,10.614466,4.349606,11.644334,11.489023,10.950571,4.457219,11.150129,11.30844,11.050121,10.357057,10.34231,11.18469,,,,,,,,,,,,,,,,,,,,,,,,,,,,,,,,,,,,,,,,,,,,,Two,,,,,,,,,,,,,,,,,,,,,,,,,,,,,,2,15,Winter,,2021-12-09,36,2.6666666667
Unbalanced,Unbalanced_Colony06,2022-01-14,6Rep5,1,Reward,Reward,Reward,Reward,Reward,Reward,Same,Previsited,Previsited,Reward,Previsited,Previsited,Previsited,Previsited,Previsited,Previsited,Reward,,,,,,,,,,,,,,,,,,,,,,,,,,,,,,,,,,,,,,,,,,,,,Three,,,,,,,,,,,,,,,,,,,,,,,,,,,,,,,,Winter,,2021-12-09,36,2.6666666667
Unbalanced,Unbalanced_Colony06,2022-01-14,6Rep5,1,,O4,L3,L2,L1,O4,S0,L2,L1,L2,R2,L3,R3,L2,L3,O4,L3,,,,,,,,,,,,,,,,,,,,,,,,,,,,,,,,,,,,,,,,,,,,,Four,,,,,,,,,,,,,,,,,,,,,,,,,,,,,,,,Winter,,2021-12-09,36,2.6666666667
Unbalanced,Unbalanced_Colony06,2022-01-14,6Rep5,2,6,6,3,5,6,5,8,4,6,8,2,3,6,7,8,4,7,3,3,7,3,7,3,7,6,3,2,2,4,8,3,6,2,7,6,2,7,3,7,3,6,2,7,1,,,,,,,,,,,,,,,,,8,One,44,3,8,33,4,6,6,4,0,5,15,3,8,6,11,0.1860465116,0.1395348837,0.2558139535,0.3488372093,0.0697674419,2,9,16,9,25,0.375,0.36,-0.14,0.14,,,Winter,,2021-12-09,36,2.6666666667
Unbalanced,Unbalanced_Colony06,2022-01-14,6Rep5,2,4.379662,10.741375,11.114672,11.53442,11.715229,11.25306,11.633364,10.668028,10.615293,11.617251,11.122403,11.084906,10.188713,10.864398,10.640731,11.047422,7.933317,5.251221,10.502107,11.852575,9.208393,10.79586,9.200685,9.912459,10.17694,11.164961,10.645145,11.098561,10.830615,9.740834,7.15511,9.754572,10.01248,11.241014,10.466466,10.526134,10.891313,6.213573,10.07056,9.864755,10.148918,9.444978,9.586384,11.493433,,,,,,,,,,,,,,,,,,Two,,,,,,,,,,,,,,,,,,,,,,,,,,,,,,5,39,Winter,,2021-12-09,36,2.6666666667
Unbalanced,Unbalanced_Colony06,2022-01-14,6Rep5,2,Reward,Same,Reward,Reward,Previsited,Previsited,Reward,Reward,Previsited,Previsited,Reward,Previsited,Previsited,Reward,Previsited,Previsited,Previsited,Previsited,Same,Previsited,Previsited,Previsited,Previsited,Previsited,Previsited,Previsited,Previsited,Same,Previsited,Previsited,Previsited,Previsited,Previsited,Previsited,Previsited,Previsited,Previsited,Previsited,Previsited,Previsited,Previsited,Previsited,Previsited,Reward,,,,,,,,,,,,,,,,,,Three,,,,,,,,,,,,,,,,,,,,,,,,,,,,,,,,Winter,,2021-12-09,36,2.6666666667
Unbalanced,Unbalanced_Colony06,2022-01-14,6Rep5,2,,S0,R3,L2,L1,R1,L3,O4,L2,L2,L2,L1,L3,L1,L1,O4,L3,O4,S0,O4,O4,O4,O4,O4,R1,R3,R1,S0,L2,O4,L3,L3,O4,R3,R1,O4,R3,O4,O4,O4,L3,O4,R3,L2,,,,,,,,,,,,,,,,,,Four,,,,,,,,,,,,,,,,,,,,,,,,,,,,,,,,Winter,,2021-12-09,36,2.6666666667
Unbalanced,Unbalanced_Colony06,2022-01-14,6Rep5,3,3,7,8,1,4,5,6,7,8,5,4,5,6,6,3,8,4,1,2,,,,,,,,,,,,,,,,,,,,,,,,,,,,,,,,,,,,,,,,,,8,One,19,1,8,10,9,0,1,1,0,4,2,1,10,0,5,0.5555555556,0,0.2777777778,0.1111111111,0.0555555556,8,4,10,5,15,0.2857142857,0.3333333333,-0.166666667,0.1666666667,,,Winter,,2021-12-09,36,2.6666666667
Unbalanced,Unbalanced_Colony06,2022-01-14,6Rep5,3,9.73573,11.494858,11.652517,11.142207,10.332561,10.30379,10.430573,10.710571,10.756481,11.289792,10.293796,9.660801,4.644483,10.610976,11.076198,10.129944,9.990808,8.714883,11.253579,,,,,,,,,,,,,,,,,,,,,,,,,,,,,,,,,,,,,,,,,,,Two,,,,,,,,,,,,,,,,,,,,,,,,,,,,,,2,17,Winter,,2021-12-09,36,2.6666666667
Unbalanced,Unbalanced_Colony06,2022-01-14,6Rep5,3,Reward,Reward,Reward,Reward,Reward,Reward,Reward,Previsited,Previsited,Previsited,Previsited,Previsited,Previsited,Same,Previsited,Previsited,Previsited,Previsited,Reward,,,,,,,,,,,,,,,,,,,,,,,,,,,,,,,,,,,,,,,,,,,Three,,,,,,,,,,,,,,,,,,,,,,,,,,,,,,,,Winter,,2021-12-09,36,2.6666666667
Unbalanced,Unbalanced_Colony06,2022-01-14,6Rep5,3,,O4,L1,L1,L3,L1,L1,L1,L1,R3,R1,L1,L1,S0,R3,R3,O4,R3,L1,,,,,,,,,,,,,,,,,,,,,,,,,,,,,,,,,,,,,,,,,,,Four,,,,,,,,,,,,,,,,,,,,,,,,,,,,,,,,Winter,,2021-12-09,36,2.6666666667
Unbalanced,Unbalanced_Colony06,2022-01-14,6Rep5,4,8,3,4,5,1,8,6,3,7,8,2,,,,,,,,,,,,,,,,,,,,,,,,,,,,,,,,,,,,,,,,,,,,,,,,,,8,One,11,0,8,3,3,1,1,1,1,1,2,0,4,2,2,0.4,0.2,0.2,0.2,0,6,2,5,3,8,0.2857142857,0.375,-0.125,0.125,,,Winter,,2021-12-09,36,2.6666666667
Unbalanced,Unbalanced_Colony06,2022-01-14,6Rep5,4,10.545062,11.178187,10.094456,11.569921,11.143047,11.408097,11.008837,9.369472,11.476954,10.058417,11.163809,,,,,,,,,,,,,,,,,,,,,,,,,,,,,,,,,,,,,,,,,,,,,,,,,,,Two,,,,,,,,,,,,,,,,,,,,,,,,,,,,,,0,11,Winter,,2021-12-09,36,2.6666666667
Unbalanced,Unbalanced_Colony06,2022-01-14,6Rep5,4,Reward,Reward,Reward,Reward,Reward,Previsited,Reward,Previsited,Reward,Previsited,Reward,,,,,,,,,,,,,,,,,,,,,,,,,,,,,,,,,,,,,,,,,,,,,,,,,,,Three,,,,,,,,,,,,,,,,,,,,,,,,,,,,,,,,Winter,,2021-12-09,36,2.6666666667
Unbalanced,Unbalanced_Colony06,2022-01-14,6Rep5,4,,L3,L1,L1,O4,R1,R2,R3,O4,L1,L2,,,,,,,,,,,,,,,,,,,,,,,,,,,,,,,,,,,,,,,,,,,,,,,,,,,Four,,,,,,,,,,,,,,,,,,,,,,,,,,,,,,,,Winter,,2021-12-09,36,2.6666666667
Unbalanced,Unbalanced_Colony06,2022-01-14,6Rep5,5,8,2,7,8,3,4,3,5,6,7,8,1,,,,,,,,,,,,,,,,,,,,,,,,,,,,,,,,,,,,,,,,,,,,,,,,,8,One,12,0,8,4,6,2,1,1,0,1,0,0,7,2,2,0.6363636364,0.1818181818,0.1818181818,0,0,4,4,9,2,11,0.4,0.1818181818,-0.318181818,0.3181818182,,,Winter,,2021-12-09,36,2.6666666667
Unbalanced,Unbalanced_Colony06,2022-01-14,6Rep5,5,10.973225,11.695496,11.099544,10.805533,11.49284,10.426853,11.497622,11.281259,10.346663,10.202994,10.603166,11.555761,,,,,,,,,,,,,,,,,,,,,,,,,,,,,,,,,,,,,,,,,,,,,,,,,,Two,,,,,,,,,,,,,,,,,,,,,,,,,,,,,,0,12,Winter,,2021-12-09,36,2.6666666667
Unbalanced,Unbalanced_Colony06,2022-01-14,6Rep5,5,Reward,Reward,Reward,Previsited,Reward,Reward,Previsited,Reward,Reward,Previsited,Previsited,Reward,,,,,,,,,,,,,,,,,,,,,,,,,,,,,,,,,,,,,,,,,,,,,,,,,,Three,,,,,,,,,,,,,,,,,,,,,,,,,,,,,,,,Winter,,2021-12-09,36,2.6666666667
Unbalanced,Unbalanced_Colony06,2022-01-14,6Rep5,5,,L2,R3,L1,L3,L1,R1,L2,L1,L1,L1,L1,,,,,,,,,,,,,,,,,,,,,,,,,,,,,,,,,,,,,,,,,,,,,,,,,,Four,,,,,,,,,,,,,,,,,,,,,,,,,,,,,,,,Winter,,2021-12-09,36,2.6666666667
Unbalanced,Unbalanced_Colony06,2022-01-14,6Rep5,6,6,1,2,1,8,1,5,8,3,4,5,6,7,,,,,,,,,,,,,,,,,,,,,,,,,,,,,,,,,,,,,,,,,,,,,,,,8,One,13,0,8,5,6,0,3,2,0,0,1,0,8,0,3,0.6666666667,0,0.25,0.0833333333,0,4,2,9,2,11,0.2,0.1818181818,-0.318181818,0.3181818182,,,Winter,,2021-12-09,36,2.6666666667
Unbalanced,Unbalanced_Colony06,2022-01-14,6Rep5,6,10.347115,10.479551,10.477188,10.842972,10.487453,11.453338,11.366621,10.525579,10.14523,10.766063,7.823464,11.492433,10.941613,,,,,,,,,,,,,,,,,,,,,,,,,,,,,,,,,,,,,,,,,,,,,,,,,Two,,,,,,,,,,,,,,,,,,,,,,,,,,,,,,1,12,Winter,,2021-12-09,36,2.6666666667
Unbalanced,Unbalanced_Colony06,2022-01-14,6Rep5,6,Reward,Reward,Reward,Previsited,Reward,Previsited,Reward,Previsited,Reward,Reward,Previsited,Previsited,Reward,,,,,,,,,,,,,,,,,,,,,,,,,,,,,,,,,,,,,,,,,,,,,,,,,Three,,,,,,,,,,,,,,,,,,,,,,,,,,,,,,,,Winter,,2021-12-09,36,2.6666666667
Unbalanced,Unbalanced_Colony06,2022-01-14,6Rep5,6,,L3,L1,R1,R1,L1,O4,L3,L3,L1,L1,L1,L1,,,,,,,,,,,,,,,,,,,,,,,,,,,,,,,,,,,,,,,,,,,,,,,,,Four,,,,,,,,,,,,,,,,,,,,,,,,,,,,,,,,Winter,,2021-12-09,36,2.6666666667
Unbalanced,Unbalanced_Colony06,2022-01-14,6Rep5,7,8,1,2,3,4,7,4,1,7,1,3,4,6,7,8,2,6,6,3,1,5,,,,,,,,,,,,,,,,,,,,,,,,,,,,,,,,,,,,,,,,8,One,21,1,8,12,7,4,1,0,2,3,2,1,7,6,4,0.35,0.3,0.2,0.1,0.05,7,3,12,5,17,0.1875,0.2941176471,-0.205882353,0.2058823529,,,Winter,,2021-12-09,36,2.6666666667
Unbalanced,Unbalanced_Colony06,2022-01-14,6Rep5,7,10.327372,10.318365,10.193303,10.176442,10.56139,10.236068,11.505638,10.245623,10.220822,9.591608,10.700721,4.483381,10.899203,10.24764,11.548168,9.418525,7.600661,4.431473,10.114981,11.448521,10.262523,,,,,,,,,,,,,,,,,,,,,,,,,,,,,,,,,,,,,,,,,Two,,,,,,,,,,,,,,,,,,,,,,,,,,,,,,3,18,Winter,,2021-12-09,36,2.6666666667
Unbalanced,Unbalanced_Colony06,2022-01-14,6Rep5,7,Reward,Reward,Reward,Reward,Reward,Reward,Previsited,Previsited,Previsited,Previsited,Previsited,Previsited,Reward,Previsited,Previsited,Previsited,Previsited,Same,Previsited,Previsited,Reward,,,,,,,,,,,,,,,,,,,,,,,,,,,,,,,,,,,,,,,,,Three,,,,,,,,,,,,,,,,,,,,,,,,,,,,,,,,Winter,,2021-12-09,36,2.6666666667
Unbalanced,Unbalanced_Colony06,2022-01-14,6Rep5,7,,L1,L1,L1,L1,L3,R3,R3,R2,L2,L2,L1,L2,L1,L1,L2,O4,S0,R3,R2,O4,,,,,,,,,,,,,,,,,,,,,,,,,,,,,,,,,,,,,,,,,Four,,,,,,,,,,,,,,,,,,,,,,,,,,,,,,,,Winter,,2021-12-09,36,2.6666666667
Unbalanced,Unbalanced_Colony06,2022-01-14,6Rep5,8,7,4,2,3,4,5,8,1,7,1,5,6,,,,,,,,,,,,,,,,,,,,,,,,,,,,,,,,,,,,,,,,,,,,,,,,,8,One,12,0,8,4,5,1,1,0,2,1,1,0,5,3,2,0.4545454545,0.2727272727,0.1818181818,0.0909090909,0,5,3,7,3,10,0.3333333333,0.3,-0.2,0.2,,,Winter,,2021-12-09,36,2.6666666667
Unbalanced,Unbalanced_Colony06,2022-01-14,6Rep5,8,10.598385,9.524308,10.147785,11.038685,10.071006,10.39116,10.770407,11.005844,11.272962,10.437447,9.972471,11.632007,,,,,,,,,,,,,,,,,,,,,,,,,,,,,,,,,,,,,,,,,,,,,,,,,,Two,,,,,,,,,,,,,,,,,,,,,,,,,,,,,,0,12,Winter,,2021-12-09,36,2.6666666667
Unbalanced,Unbalanced_Colony06,2022-01-14,6Rep5,8,Reward,Reward,Reward,Reward,Previsited,Reward,Reward,Reward,Previsited,Previsited,Previsited,Reward,,,,,,,,,,,,,,,,,,,,,,,,,,,,,,,,,,,,,,,,,,,,,,,,,,Three,,,,,,,,,,,,,,,,,,,,,,,,,,,,,,,,Winter,,2021-12-09,36,2.6666666667
Unbalanced,Unbalanced_Colony06,2022-01-14,6Rep5,8,,R3,R2,L1,L1,L1,L3,L1,R2,L2,O4,L1,,,,,,,,,,,,,,,,,,,,,,,,,,,,,,,,,,,,,,,,,,,,,,,,,,Four,,,,,,,,,,,,,,,,,,,,,,,,,,,,,,,,Winter,,2021-12-09,36,2.6666666667
Unbalanced,Unbalanced_Colony06,2022-01-16,6Rep6,1,3,2,1,6,3,7,6,3,6,2,6,2,4,7,3,6,1,6,7,2,8,7,3,6,7,2,6,5,,,,,,,,,,,,,,,,,,,,,,,,,,,,,,,,,8,One,28,0,8,20,2,1,7,5,1,4,7,0,7,2,11,0.2592592593,0.0740740741,0.4074074074,0.2592592593,0,5,6,10,10,20,0.3157894737,0.5,0,0,,,Winter,,2021-12-09,38,4.6666666667
Unbalanced,Unbalanced_Colony06,2022-01-16,6Rep6,1,11.161661,10.55297,10.91884,10.307629,10.985298,10.725175,11.534284,9.649717,10.612593,11.365678,9.85307,9.8013,10.692356,10.876143,9.515626,9.931633,10.878652,9.381697,11.831242,7.459843,11.788609,10.094302,9.456529,11.3995,11.602274,10.189306,9.387866,10.920839,,,,,,,,,,,,,,,,,,,,,,,,,,,,,,,,,,Two,,,,,,,,,,,,,,,,,,,,,,,,,,,,,,1,27,Winter,,2021-12-09,38,4.6666666667
Unbalanced,Unbalanced_Colony06,2022-01-16,6Rep6,1,Reward,Reward,Reward,Reward,Previsited,Reward,Previsited,Previsited,Previsited,Previsited,Previsited,Previsited,Reward,Previsited,Previsited,Previsited,Previsited,Previsited,Previsited,Previsited,Reward,Previsited,Previsited,Previsited,Previsited,Previsited,Previsited,Reward,,,,,,,,,,,,,,,,,,,,,,,,,,,,,,,,,,Three,,,,,,,,,,,,,,,,,,,,,,,,,,,,,,,,Winter,,2021-12-09,38,4.6666666667
Unbalanced,Unbalanced_Colony06,2022-01-16,6Rep6,1,,R1,R1,R3,R3,O4,R1,R3,L3,O4,O4,O4,L2,L3,O4,L3,L3,R3,L1,L3,R2,R1,O4,L3,L1,L3,O4,R1,,,,,,,,,,,,,,,,,,,,,,,,,,,,,,,,,,Four,,,,,,,,,,,,,,,,,,,,,,,,,,,,,,,,Winter,,2021-12-09,38,4.6666666667
Unbalanced,Unbalanced_Colony06,2022-01-16,6Rep6,2,7,5,3,2,7,6,3,7,8,5,8,5,4,1,,,,,,,,,,,,,,,,,,,,,,,,,,,,,,,,,,,,,,,,,,,,,,,8,One,14,0,8,6,1,0,1,3,2,5,1,0,4,2,6,0.3076923077,0.1538461538,0.4615384615,0.0769230769,0,5,4,2,10,12,0.3636363636,0.8333333333,0.3333333333,0.3333333333,,,Winter,,2021-12-09,38,4.6666666667
Unbalanced,Unbalanced_Colony06,2022-01-16,6Rep6,2,4.471976,10.234297,11.023842,11.603282,10.836552,11.512142,11.031902,10.304584,10.10995,10.376161,10.309898,9.73573,10.54166,10.988686,,,,,,,,,,,,,,,,,,,,,,,,,,,,,,,,,,,,,,,,,,,,,,,,Two,,,,,,,,,,,,,,,,,,,,,,,,,,,,,,1,13,Winter,,2021-12-09,38,4.6666666667
Unbalanced,Unbalanced_Colony06,2022-01-16,6Rep6,2,Reward,Reward,Reward,Reward,Previsited,Reward,Previsited,Previsited,Reward,Previsited,Previsited,Previsited,Reward,Reward,,,,,,,,,,,,,,,,,,,,,,,,,,,,,,,,,,,,,,,,,,,,,,,,Three,,,,,,,,,,,,,,,,,,,,,,,,,,,,,,,,Winter,,2021-12-09,38,4.6666666667
Unbalanced,Unbalanced_Colony06,2022-01-16,6Rep6,2,,R2,R2,R1,R3,R1,R3,O4,L1,R3,L3,R3,R1,R3,,,,,,,,,,,,,,,,,,,,,,,,,,,,,,,,,,,,,,,,,,,,,,,,Four,,,,,,,,,,,,,,,,,,,,,,,,,,,,,,,,Winter,,2021-12-09,38,4.6666666667
Unbalanced,Unbalanced_Colony06,2022-01-16,6Rep6,3,7,6,5,4,5,6,8,4,7,3,6,2,7,4,8,1,,,,,,,,,,,,,,,,,,,,,,,,,,,,,,,,,,,,,,,,,,,,,8,One,16,0,8,8,3,1,2,3,0,2,4,0,6,1,4,0.4,0.0666666667,0.2666666667,0.2666666667,0,5,3,6,5,11,0.3,0.4545454545,-0.045454545,0.0454545455,,,Winter,,2021-12-09,38,4.6666666667
Unbalanced,Unbalanced_Colony06,2022-01-16,6Rep6,3,10.431768,10.347115,10.539071,11.413991,10.139945,10.610223,11.469716,10.030452,9.890804,11.448793,9.832157,11.336794,9.341719,11.043628,9.63589,10.050255,,,,,,,,,,,,,,,,,,,,,,,,,,,,,,,,,,,,,,,,,,,,,,Two,,,,,,,,,,,,,,,,,,,,,,,,,,,,,,0,16,Winter,,2021-12-09,38,4.6666666667
Unbalanced,Unbalanced_Colony06,2022-01-16,6Rep6,3,Reward,Reward,Reward,Reward,Previsited,Previsited,Reward,Previsited,Previsited,Reward,Previsited,Reward,Previsited,Previsited,Previsited,Reward,,,,,,,,,,,,,,,,,,,,,,,,,,,,,,,,,,,,,,,,,,,,,,Three,,,,,,,,,,,,,,,,,,,,,,,,,,,,,,,,Winter,,2021-12-09,38,4.6666666667
Unbalanced,Unbalanced_Colony06,2022-01-16,6Rep6,3,,R1,R1,R1,L1,L1,L2,O4,L3,O4,L3,O4,R3,R3,O4,L1,,,,,,,,,,,,,,,,,,,,,,,,,,,,,,,,,,,,,,,,,,,,,,Four,,,,,,,,,,,,,,,,,,,,,,,,,,,,,,,,Winter,,2021-12-09,38,4.6666666667
Unbalanced,Unbalanced_Colony06,2022-01-16,6Rep6,4,8,8,4,3,8,1,6,2,3,5,4,6,1,2,3,5,4,3,5,6,1,4,5,6,1,6,8,7,,,,,,,,,,,,,,,,,,,,,,,,,,,,,,,,,8,One,28,1,8,19,7,5,4,5,0,3,2,1,12,5,7,0.4444444444,0.1851851852,0.2592592593,0.0740740741,0.037037037,2,10,16,8,24,0.4347826087,0.3333333333,-0.166666667,0.1666666667,,,Winter,,2021-12-09,38,4.6666666667
Unbalanced,Unbalanced_Colony06,2022-01-16,6Rep6,4,4.428613,11.916246,10.996276,11.247602,10.445214,11.579268,11.382781,10.704673,11.43126,11.397567,10.34231,10.959716,9.864755,10.052815,10.031929,9.983,10.73691,11.15532,9.491095,10.52419,10.654736,9.774096,10.387408,9.637832,9.292093,7.771793,11.883075,10.69981,,,,,,,,,,,,,,,,,,,,,,,,,,,,,,,,,,Two,,,,,,,,,,,,,,,,,,,,,,,,,,,,,,2,26,Winter,,2021-12-09,38,4.6666666667
Unbalanced,Unbalanced_Colony06,2022-01-16,6Rep6,4,Reward,Same,Reward,Reward,Previsited,Reward,Reward,Reward,Previsited,Reward,Previsited,Previsited,Previsited,Previsited,Previsited,Previsited,Previsited,Previsited,Previsited,Previsited,Previsited,Previsited,Previsited,Previsited,Previsited,Previsited,Previsited,Reward,,,,,,,,,,,,,,,,,,,,,,,,,,,,,,,,,,Three,,,,,,,,,,,,,,,,,,,,,,,,,,,,,,,,Winter,,2021-12-09,38,4.6666666667
Unbalanced,Unbalanced_Colony06,2022-01-16,6Rep6,4,,S0,O4,R1,R3,L1,R3,O4,L1,L2,R1,L2,L3,L1,L1,L2,R1,R1,L2,L1,L3,L3,L1,L1,L3,R3,L2,R1,,,,,,,,,,,,,,,,,,,,,,,,,,,,,,,,,,Four,,,,,,,,,,,,,,,,,,,,,,,,,,,,,,,,Winter,,2021-12-09,38,4.6666666667
Unbalanced,Unbalanced_Colony06,2022-01-16,6Rep6,5,5,6,1,4,5,7,2,1,8,4,3,,,,,,,,,,,,,,,,,,,,,,,,,,,,,,,,,,,,,,,,,,,,,,,,,,8,One,11,0,8,3,2,1,3,3,0,0,1,0,5,1,3,0.5,0.1,0.3,0.1,0,5,1,6,3,9,0.125,0.3333333333,-0.166666667,0.1666666667,,,Winter,,2021-12-09,38,4.6666666667
Unbalanced,Unbalanced_Colony06,2022-01-16,6Rep6,5,10.638038,11.732056,11.059819,10.46885,10.620653,9.997459,10.681869,10.025379,10.252964,10.341236,11.278252,,,,,,,,,,,,,,,,,,,,,,,,,,,,,,,,,,,,,,,,,,,,,,,,,,,Two,,,,,,,,,,,,,,,,,,,,,,,,,,,,,,0,11,Winter,,2021-12-09,38,4.6666666667
Unbalanced,Unbalanced_Colony06,2022-01-16,6Rep6,5,Reward,Reward,Reward,Reward,Previsited,Reward,Reward,Previsited,Reward,Previsited,Reward,,,,,,,,,,,,,,,,,,,,,,,,,,,,,,,,,,,,,,,,,,,,,,,,,,,Three,,,,,,,,,,,,,,,,,,,,,,,,,,,,,,,,Winter,,2021-12-09,38,4.6666666667
Unbalanced,Unbalanced_Colony06,2022-01-16,6Rep6,5,,L1,L3,L3,L1,L2,L3,R1,R1,O4,R1,,,,,,,,,,,,,,,,,,,,,,,,,,,,,,,,,,,,,,,,,,,,,,,,,,,Four,,,,,,,,,,,,,,,,,,,,,,,,,,,,,,,,Winter,,2021-12-09,38,4.6666666667
Unbalanced,Unbalanced_Colony06,2022-01-16,6Rep6,6,7,6,1,2,3,4,5,6,1,2,4,7,2,3,4,6,1,3,7,2,5,2,3,6,8,,,,,,,,,,,,,,,,,,,,,,,,,,,,,,,,,,,,8,One,25,0,8,17,9,4,8,1,0,1,1,0,10,4,9,0.4166666667,0.1666666667,0.375,0.0416666667,0,8,3,21,2,23,0.1363636364,0.0869565217,-0.413043478,0.4130434783,,,Winter,,2021-12-09,38,4.6666666667
Unbalanced,Unbalanced_Colony06,2022-01-16,6Rep6,6,10.419859,10.131772,10.380293,10.420102,11.379715,10.692922,10.038864,10.647708,11.575564,10.099167,9.633867,11.828424,10.420102,11.130375,9.566273,9.81406,11.736026,8.54797,11.829808,10.910857,10.197357,10.605666,10.162737,11.442799,10.405426,,,,,,,,,,,,,,,,,,,,,,,,,,,,,,,,,,,,,Two,,,,,,,,,,,,,,,,,,,,,,,,,,,,,,1,24,Winter,,2021-12-09,38,4.6666666667
Unbalanced,Unbalanced_Colony06,2022-01-16,6Rep6,6,Reward,Reward,Reward,Reward,Reward,Reward,Reward,Previsited,Previsited,Previsited,Previsited,Previsited,Previsited,Previsited,Previsited,Previsited,Previsited,Previsited,Previsited,Previsited,Previsited,Previsited,Previsited,Previsited,Reward,,,,,,,,,,,,,,,,,,,,,,,,,,,,,,,,,,,,,Three,,,,,,,,,,,,,,,,,,,,,,,,,,,,,,,,Winter,,2021-12-09,38,4.6666666667
Unbalanced,Unbalanced_Colony06,2022-01-16,6Rep6,6,,R1,L3,L1,L1,L1,L1,L1,L3,L1,L2,L3,L3,L1,L1,L2,L3,L2,O4,L3,L3,R3,L1,L3,L2,,,,,,,,,,,,,,,,,,,,,,,,,,,,,,,,,,,,,Four,,,,,,,,,,,,,,,,,,,,,,,,,,,,,,,,Winter,,2021-12-09,38,4.6666666667
Unbalanced,Unbalanced_Colony06,2022-01-16,6Rep6,7,5,6,7,8,1,3,2,4,,,,,,,,,,,,,,,,,,,,,,,,,,,,,,,,,,,,,,,,,,,,,,,,,,,,,8,One,8,0,8,0,4,2,0,1,0,0,0,0,5,2,0,0.7142857143,0.2857142857,0,0,0,8,2,6,1,7,0.3333333333,0.1428571429,-0.357142857,0.3571428571,,,Winter,,2021-12-09,38,4.6666666667
Unbalanced,Unbalanced_Colony06,2022-01-16,6Rep6,7,11.548606,10.366613,10.499267,11.534183,10.473522,10.916215,11.285872,11.00076,,,,,,,,,,,,,,,,,,,,,,,,,,,,,,,,,,,,,,,,,,,,,,,,,,,,,,Two,,,,,,,,,,,,,,,,,,,,,,,,,,,,,,0,8,Winter,,2021-12-09,38,4.6666666667
Unbalanced,Unbalanced_Colony06,2022-01-16,6Rep6,7,Reward,Reward,Reward,Reward,Reward,Reward,Reward,Reward,,,,,,,,,,,,,,,,,,,,,,,,,,,,,,,,,,,,,,,,,,,,,,,,,,,,,,Three,,,,,,,,,,,,,,,,,,,,,,,,,,,,,,,,Winter,,2021-12-09,38,4.6666666667
Unbalanced,Unbalanced_Colony06,2022-01-16,6Rep6,7,,L1,L1,L1,L1,L2,R1,L2,,,,,,,,,,,,,,,,,,,,,,,,,,,,,,,,,,,,,,,,,,,,,,,,,,,,,,Four,,,,,,,,,,,,,,,,,,,,,,,,,,,,,,,,Winter,,2021-12-09,38,4.6666666667
Unbalanced,Unbalanced_Colony06,2022-01-16,6Rep6,8,8,7,8,3,4,5,4,7,1,3,6,7,1,3,7,1,2,,,,,,,,,,,,,,,,,,,,,,,,,,,,,,,,,,,,,,,,,,,,8,One,17,0,8,9,5,5,3,2,0,0,1,0,7,5,3,0.4375,0.3125,0.1875,0.0625,0,3,3,13,2,15,0.2142857143,0.1333333333,-0.366666667,0.3666666667,,,Winter,,2021-12-09,38,4.6666666667
Unbalanced,Unbalanced_Colony06,2022-01-16,6Rep6,8,5.202554,11.783862,11.553922,9.874295,11.224147,10.827015,11.183156,11.755774,10.671188,11.050121,10.486654,11.797848,10.052815,10.880802,10.782111,9.69299,9.972998,,,,,,,,,,,,,,,,,,,,,,,,,,,,,,,,,,,,,,,,,,,,,Two,,,,,,,,,,,,,,,,,,,,,,,,,,,,,,1,16,Winter,,2021-12-09,38,4.6666666667
Unbalanced,Unbalanced_Colony06,2022-01-16,6Rep6,8,Reward,Reward,Previsited,Reward,Reward,Reward,Previsited,Previsited,Reward,Previsited,Reward,Previsited,Previsited,Previsited,Previsited,Previsited,Reward,,,,,,,,,,,,,,,,,,,,,,,,,,,,,,,,,,,,,,,,,,,,,Three,,,,,,,,,,,,,,,,,,,,,,,,,,,,,,,,Winter,,2021-12-09,38,4.6666666667
Unbalanced,Unbalanced_Colony06,2022-01-16,6Rep6,8,,R1,L1,L3,L1,L1,R1,L3,L2,L2,L3,L1,L2,L2,O4,L2,L1,,,,,,,,,,,,,,,,,,,,,,,,,,,,,,,,,,,,,,,,,,,,,Four,,,,,,,,,,,,,,,,,,,,,,,,,,,,,,,,Winter,,2021-12-09,38,4.6666666667
Unbalanced,Unbalanced_Colony07,2022-02-17,7Rep1,1,8,2,4,8,4,5,3,2,4,8,4,1,4,7,8,5,3,4,3,8,1,2,3,6,,,,,,,,,,,,,,,,,,,,,,,,,,,,,,,,,,,,,8,One,24,0,8,16,6,3,3,2,2,3,4,0,8,5,6,0.347826087,0.2173913043,0.2608695652,0.1739130435,0,4,8,12,7,19,0.4444444444,0.3684210526,-0.131578947,0.1315789474,,,Spring,,2022-01-27,21,-3.5
Unbalanced,Unbalanced_Colony07,2022-02-17,7Rep1,1,11.472724,10.669416,11.215025,11.754879,10.925229,11.637033,11.099527,10.713992,11.124717,10.887965,11.221663,11.472367,11.590928,11.588641,10.897468,11.574149,10.971857,11.392675,11.197736,6.993618,10.91609,11.3469,11.011528,11.414862,,,,,,,,,,,,,,,,,,,,,,,,,,,,,,,,,,,,,,Two,,,,,,,,,,,,,,,,,,,,,,,,,,,,,,1,23,Spring,,2022-01-27,21,-3.5
Unbalanced,Unbalanced_Colony07,2022-02-17,7Rep1,1,Reward,Reward,Reward,Previsited,Previsited,Reward,Reward,Previsited,Previsited,Previsited,Previsited,Reward,Previsited,Reward,Previsited,Previsited,Previsited,Previsited,Previsited,Previsited,Previsited,Previsited,Previsited,Reward,,,,,,,,,,,,,,,,,,,,,,,,,,,,,,,,,,,,,,Three,,,,,,,,,,,,,,,,,,,,,,,,,,,,,,,,Spring,,2022-01-27,21,-3.5
Unbalanced,Unbalanced_Colony07,2022-02-17,7Rep1,1,,L2,L2,O4,O4,L1,R2,R1,L2,O4,O4,R3,L3,L3,L1,R3,R2,L1,R1,R3,L1,L1,L1,L3,,,,,,,,,,,,,,,,,,,,,,,,,,,,,,,,,,,,,,Four,,,,,,,,,,,,,,,,,,,,,,,,,,,,,,,,Spring,,2022-01-27,21,-3.5
Unbalanced,Unbalanced_Colony07,2022-02-17,7Rep1,2,2,2,7,6,2,5,4,4,4,4,3,1,5,3,8,7,6,,,,,,,,,,,,,,,,,,,,,,,,,,,,,,,,,,,,,,,,,,,,8,One,17,4,8,5,0,0,1,5,2,2,2,4,5,2,3,0.3125,0.125,0.1875,0.125,0.25,2,2,1,9,10,0.2222222222,0.9,0.4,0.4,,,Spring,,2022-01-27,21,-3.5
Unbalanced,Unbalanced_Colony07,2022-02-17,7Rep1,2,4.356368,11.334267,10.406325,9.166384,11.297662,10.932988,11.572398,4.362627,4.385355,4.372669,11.485103,11.537985,10.767946,11.7129,11.452726,11.645589,11.116671,,,,,,,,,,,,,,,,,,,,,,,,,,,,,,,,,,,,,,,,,,,,,Two,,,,,,,,,,,,,,,,,,,,,,,,,,,,,,4,13,Spring,,2022-01-27,21,-3.5
Unbalanced,Unbalanced_Colony07,2022-02-17,7Rep1,2,Reward,Same,Reward,Reward,Previsited,Reward,Reward,Same,Same,Same,Reward,Reward,Previsited,Previsited,Reward,Previsited,Previsited,,,,,,,,,,,,,,,,,,,,,,,,,,,,,,,,,,,,,,,,,,,,,Three,,,,,,,,,,,,,,,,,,,,,,,,,,,,,,,,Spring,,2022-01-27,21,-3.5
Unbalanced,Unbalanced_Colony07,2022-02-17,7Rep1,2,,S0,R3,R1,O4,L3,R1,S0,S0,S0,R1,R2,O4,R2,R3,R1,R1,,,,,,,,,,,,,,,,,,,,,,,,,,,,,,,,,,,,,,,,,,,,,Four,,,,,,,,,,,,,,,,,,,,,,,,,,,,,,,,Spring,,2022-01-27,21,-3.5
Unbalanced,Unbalanced_Colony07,2022-02-17,7Rep1,3,3,4,8,4,4,5,4,5,8,4,5,8,7,3,2,2,7,4,1,7,5,3,1,5,4,7,5,4,7,4,1,5,4,8,1,5,1,2,3,7,3,6,,,,,,,,,,,,,,,,,,,8,One,42,2,8,32,7,0,5,6,5,5,11,2,13,5,10,0.3170731707,0.1219512195,0.243902439,0.2682926829,0.0487804878,4,8,12,16,28,0.2962962963,0.5714285714,0.0714285714,0.0714285714,,,Spring,,2022-01-27,21,-3.5
Unbalanced,Unbalanced_Colony07,2022-02-17,7Rep1,3,11.408525,10.797448,11.215112,11.630666,11.446937,11.727851,10.85598,11.588641,11.47714,10.588449,10.117756,11.222688,11.604492,11.425478,11.254463,11.321516,10.571222,11.513344,11.470617,10.500325,11.020358,11.4207,10.486263,9.909469,11.636681,10.564877,9.457992,9.993617,10.654077,10.168567,10.305492,11.850075,11.042357,10.405426,10.554596,9.829302,9.887315,11.276679,11.75594,9.76352,11.136152,10.407299,,,,,,,,,,,,,,,,,,,,Two,,,,,,,,,,,,,,,,,,,,,,,,,,,,,,0,42,Spring,,2022-01-27,21,-3.5
Unbalanced,Unbalanced_Colony07,2022-02-17,7Rep1,3,Reward,Reward,Reward,Previsited,Same,Reward,Previsited,Previsited,Previsited,Previsited,Previsited,Previsited,Reward,Previsited,Reward,Same,Previsited,Previsited,Reward,Previsited,Previsited,Previsited,Previsited,Previsited,Previsited,Previsited,Previsited,Previsited,Previsited,Previsited,Previsited,Previsited,Previsited,Previsited,Previsited,Previsited,Previsited,Previsited,Previsited,Previsited,Previsited,Reward,,,,,,,,,,,,,,,,,,,,Three,,,,,,,,,,,,,,,,,,,,,,,,,,,,,,,,Spring,,2022-01-27,21,-3.5
Unbalanced,Unbalanced_Colony07,2022-02-17,7Rep1,3,,L1,O4,O4,S0,L1,R1,L1,L3,O4,L1,L3,R1,O4,R1,S0,R3,R3,R3,R2,R2,R2,R2,O4,R1,L3,R2,R1,L3,R3,R3,O4,R1,O4,L1,O4,O4,L1,L1,O4,O4,L3,,,,,,,,,,,,,,,,,,,,Four,,,,,,,,,,,,,,,,,,,,,,,,,,,,,,,,Spring,,2022-01-27,21,-3.5
Unbalanced,Unbalanced_Colony07,2022-02-17,7Rep1,4,4,7,3,1,7,2,1,3,7,3,7,8,5,3,7,4,1,4,5,7,3,7,5,8,3,2,3,8,7,3,7,3,5,8,4,8,7,3,7,3,8,1,4,5,1,2,1,2,6,,,,,,,,,,,,8,One,49,0,8,41,7,3,7,5,4,5,17,0,12,7,12,0.25,0.1458333333,0.25,0.3541666667,0,5,16,17,14,31,0.5333333333,0.4516129032,-0.048387097,0.0483870968,,,Spring,,2022-01-27,21,-3.5
Unbalanced,Unbalanced_Colony07,2022-02-17,7Rep1,4,11.196064,11.826034,11.296851,11.372433,10.772416,11.437039,10.954984,10.836049,11.26189,10.852101,11.231907,11.534183,10.541826,10.069263,11.365181,10.425189,11.12759,11.176879,11.025645,11.544454,9.561504,10.5989,11.031902,11.491534,9.805476,11.030895,4.691752,10.645072,9.815371,9.571264,11.751844,11.099456,11.375826,10.540014,9.601054,10.114519,9.70555,9.913501,11.741887,11.171489,11.814243,11.980621,10.405501,11.620858,10.360425,11.578982,11.350971,9.655311,10.45165,,,,,,,,,,,,,Two,,,,,,,,,,,,,,,,,,,,,,,,,,,,,,1,48,Spring,,2022-01-27,21,-3.5
Unbalanced,Unbalanced_Colony07,2022-02-17,7Rep1,4,Reward,Reward,Reward,Reward,Previsited,Reward,Previsited,Previsited,Previsited,Previsited,Previsited,Reward,Reward,Previsited,Previsited,Previsited,Previsited,Previsited,Previsited,Previsited,Previsited,Previsited,Previsited,Previsited,Previsited,Previsited,Previsited,Previsited,Previsited,Previsited,Previsited,Previsited,Previsited,Previsited,Previsited,Previsited,Previsited,Previsited,Previsited,Previsited,Previsited,Previsited,Previsited,Previsited,Previsited,Previsited,Previsited,Previsited,Reward,,,,,,,,,,,,,Three,,,,,,,,,,,,,,,,,,,,,,,,,,,,,,,,Spring,,2022-01-27,21,-3.5
Unbalanced,Unbalanced_Colony07,2022-02-17,7Rep1,4,,L3,O4,R2,R2,L3,R1,L2,O4,O4,O4,L1,R3,R2,O4,R3,R3,L3,L1,L2,O4,O4,R2,L3,L3,R1,L1,R3,R1,O4,O4,O4,L2,L3,O4,O4,R1,O4,O4,O4,R3,L1,L3,L1,O4,L1,R1,L1,O4,,,,,,,,,,,,,Four,,,,,,,,,,,,,,,,,,,,,,,,,,,,,,,,Spring,,2022-01-27,21,-3.5
Unbalanced,Unbalanced_Colony07,2022-02-17,7Rep1,5,2,8,4,2,6,1,3,4,5,3,8,4,1,4,5,3,6,3,7,,,,,,,,,,,,,,,,,,,,,,,,,,,,,,,,,,,,,,,,,,8,One,19,0,8,11,3,1,3,0,4,3,4,0,3,5,6,0.1666666667,0.2777777778,0.3333333333,0.2222222222,0,4,6,7,7,14,0.4615384615,0.5,0,0,,,Spring,,2022-01-27,21,-3.5
Unbalanced,Unbalanced_Colony07,2022-02-17,7Rep1,5,10.612593,10.110818,10.885441,10.523968,10.331278,10.346286,11.438284,9.773617,11.07259,10.663459,10.721358,11.621193,10.153527,9.780794,11.044316,11.463137,10.978091,10.826781,10.281177,,,,,,,,,,,,,,,,,,,,,,,,,,,,,,,,,,,,,,,,,,,Two,,,,,,,,,,,,,,,,,,,,,,,,,,,,,,0,19,Spring,,2022-01-27,21,-3.5
Unbalanced,Unbalanced_Colony07,2022-02-17,7Rep1,5,Reward,Reward,Reward,Previsited,Reward,Reward,Reward,Previsited,Reward,Previsited,Previsited,Previsited,Previsited,Previsited,Previsited,Previsited,Previsited,Previsited,Reward,,,,,,,,,,,,,,,,,,,,,,,,,,,,,,,,,,,,,,,,,,,Three,,,,,,,,,,,,,,,,,,,,,,,,,,,,,,,,Spring,,2022-01-27,21,-3.5
Unbalanced,Unbalanced_Colony07,2022-02-17,7Rep1,5,,R2,O4,R2,O4,L3,L2,L1,L1,R2,R3,O4,R3,L3,L1,R2,L3,R3,O4,,,,,,,,,,,,,,,,,,,,,,,,,,,,,,,,,,,,,,,,,,,Four,,,,,,,,,,,,,,,,,,,,,,,,,,,,,,,,Spring,,2022-01-27,21,-3.5
Unbalanced,Unbalanced_Colony07,2022-02-17,7Rep1,6,2,7,8,2,4,2,4,1,2,5,3,7,1,2,6,,,,,,,,,,,,,,,,,,,,,,,,,,,,,,,,,,,,,,,,,,,,,,8,One,15,0,8,7,3,4,1,0,2,2,2,0,3,6,3,0.2142857143,0.4285714286,0.2142857143,0.1428571429,0,4,7,8,4,12,0.6363636364,0.3333333333,-0.166666667,0.1666666667,,,Spring,,2022-01-27,21,-3.5
Unbalanced,Unbalanced_Colony07,2022-02-17,7Rep1,6,10.854884,10.471512,11.096558,9.047269,10.45165,9.143133,11.451909,11.686509,10.457914,10.207521,11.482149,9.969538,10.262903,9.34174,10.232011,,,,,,,,,,,,,,,,,,,,,,,,,,,,,,,,,,,,,,,,,,,,,,,Two,,,,,,,,,,,,,,,,,,,,,,,,,,,,,,0,15,Spring,,2022-01-27,21,-3.5
Unbalanced,Unbalanced_Colony07,2022-02-17,7Rep1,6,Reward,Reward,Reward,Previsited,Reward,Previsited,Previsited,Reward,Previsited,Reward,Reward,Previsited,Previsited,Previsited,Reward,,,,,,,,,,,,,,,,,,,,,,,,,,,,,,,,,,,,,,,,,,,,,,,Three,,,,,,,,,,,,,,,,,,,,,,,,,,,,,,,,Spring,,2022-01-27,21,-3.5
Unbalanced,Unbalanced_Colony07,2022-02-17,7Rep1,6,,R3,L1,L2,L2,R2,L2,R3,L1,L3,R2,O4,L2,L1,O4,,,,,,,,,,,,,,,,,,,,,,,,,,,,,,,,,,,,,,,,,,,,,,,Four,,,,,,,,,,,,,,,,,,,,,,,,,,,,,,,,Spring,,2022-01-27,21,-3.5
Unbalanced,Unbalanced_Colony07,2022-02-17,7Rep1,7,4,3,6,2,7,2,4,5,3,5,6,4,5,7,4,7,8,3,8,3,4,3,6,8,2,4,3,4,7,8,1,,,,,,,,,,,,,,,,,,,,,,,,,,,,,,8,One,31,0,8,23,8,6,7,3,2,3,1,0,11,8,10,0.3666666667,0.2666666667,0.3333333333,0.0333333333,0,6,15,21,8,29,0.5357142857,0.275862069,-0.224137931,0.224137931,,,Spring,,2022-01-27,21,-3.5
Unbalanced,Unbalanced_Colony07,2022-02-17,7Rep1,7,10.387952,10.394761,10.736801,11.274622,11.073012,10.604361,9.379224,10.866515,10.150071,10.44499,10.252337,9.458198,11.512412,11.495723,10.74328,10.387558,11.432573,10.613805,10.603038,10.909571,9.713922,11.798526,11.696246,11.683123,11.788361,11.118915,11.48052,11.693179,11.728915,9.694699,10.191085,,,,,,,,,,,,,,,,,,,,,,,,,,,,,,,Two,,,,,,,,,,,,,,,,,,,,,,,,,,,,,,0,31,Spring,,2022-01-27,21,-3.5
Unbalanced,Unbalanced_Colony07,2022-02-17,7Rep1,7,Reward,Reward,Reward,Reward,Reward,Previsited,Previsited,Reward,Previsited,Previsited,Previsited,Previsited,Previsited,Previsited,Previsited,Previsited,Reward,Previsited,Previsited,Previsited,Previsited,Previsited,Previsited,Previsited,Previsited,Previsited,Previsited,Previsited,Previsited,Previsited,Reward,,,,,,,,,,,,,,,,,,,,,,,,,,,,,,,Three,,,,,,,,,,,,,,,,,,,,,,,,,,,,,,,,Spring,,2022-01-27,21,-3.5
Unbalanced,Unbalanced_Colony07,2022-02-17,7Rep1,7,,R1,L3,O4,R3,L3,L2,L1,R2,L2,L1,R2,L1,L2,R3,L3,L1,L3,R3,L3,L1,R1,L3,L2,L2,L2,R1,L1,L3,L1,L1,,,,,,,,,,,,,,,,,,,,,,,,,,,,,,,Four,,,,,,,,,,,,,,,,,,,,,,,,,,,,,,,,Spring,,2022-01-27,21,-3.5
Unbalanced,Unbalanced_Colony07,2022-02-17,7Rep1,8,1,3,4,6,3,6,2,4,6,3,4,4,4,8,1,4,3,8,1,4,5,2,4,7,,,,,,,,,,,,,,,,,,,,,,,,,,,,,,,,,,,,,8,One,24,2,8,14,5,5,4,1,0,4,2,2,6,5,8,0.2608695652,0.2173913043,0.347826087,0.0869565217,0.0869565217,5,8,14,5,19,0.4444444444,0.2631578947,-0.236842105,0.2368421053,,,Spring,,2022-01-27,21,-3.5
Unbalanced,Unbalanced_Colony07,2022-02-17,7Rep1,8,10.808563,11.51898,10.103586,10.546559,11.483304,10.389359,11.692779,11.711635,10.686521,10.07056,4.759114,4.383488,11.373067,11.317056,9.71982,8.902271,10.981021,10.464827,11.199998,10.11182,10.253097,10.189172,11.721617,10.387445,,,,,,,,,,,,,,,,,,,,,,,,,,,,,,,,,,,,,,Two,,,,,,,,,,,,,,,,,,,,,,,,,,,,,,3,21,Spring,,2022-01-27,21,-3.5
Unbalanced,Unbalanced_Colony07,2022-02-17,7Rep1,8,Reward,Reward,Reward,Reward,Previsited,Previsited,Reward,Previsited,Previsited,Previsited,Previsited,Same,Same,Reward,Previsited,Previsited,Previsited,Previsited,Previsited,Previsited,Reward,Previsited,Previsited,Reward,,,,,,,,,,,,,,,,,,,,,,,,,,,,,,,,,,,,,,Three,,,,,,,,,,,,,,,,,,,,,,,,,,,,,,,,Spring,,2022-01-27,21,-3.5
Unbalanced,Unbalanced_Colony07,2022-02-17,7Rep1,8,,L2,L1,L2,R3,L3,O4,L2,L2,R3,L1,S0,S0,O4,L1,L3,R1,R3,L1,L3,L1,R3,L2,L3,,,,,,,,,,,,,,,,,,,,,,,,,,,,,,,,,,,,,,Four,,,,,,,,,,,,,,,,,,,,,,,,,,,,,,,,Spring,,2022-01-27,21,-3.5
Unbalanced,Unbalanced_Colony07,2022-02-17,7Rep2,1,4,4,4,8,1,3,2,3,5,8,3,8,5,1,7,6,7,3,2,1,6,,,,,,,,,,,,,,,,,,,,,,,,,,,,,,,,,,,,,,,,8,One,21,2,8,11,3,2,2,4,1,3,3,2,7,3,5,0.35,0.15,0.25,0.15,0.1,2,5,7,8,15,0.3571428571,0.5333333333,0.0333333333,0.0333333333,,,Spring,,2022-01-27,21,-3.5
Unbalanced,Unbalanced_Colony07,2022-02-17,7Rep2,1,11.511278,4.349785,11.570511,11.550767,10.65276,9.933831,11.433528,11.463477,11.630398,11.196952,10.7374,9.560403,11.585663,11.409686,11.480621,6.245427,10.820658,11.621696,9.881103,10.080601,9.93438,,,,,,,,,,,,,,,,,,,,,,,,,,,,,,,,,,,,,,,,,Two,,,,,,,,,,,,,,,,,,,,,,,,,,,,,,2,19,Spring,,2022-01-27,21,-3.5
Unbalanced,Unbalanced_Colony07,2022-02-17,7Rep2,1,Reward,Same,Same,Reward,Reward,Reward,Reward,Previsited,Reward,Previsited,Previsited,Previsited,Previsited,Previsited,Reward,Reward,Previsited,Previsited,Previsited,Previsited,Previsited,,,,,,,,,,,,,,,,,,,,,,,,,,,,,,,,,,,,,,,,,Three,,,,,,,,,,,,,,,,,,,,,,,,,,,,,,,,Spring,,2022-01-27,21,-3.5
Unbalanced,Unbalanced_Colony07,2022-02-17,7Rep2,1,,S0,S0,O4,L1,L2,R1,L1,L2,L3,L3,R3,R3,O4,R2,R1,L1,O4,R1,R1,R3,,,,,,,,,,,,,,,,,,,,,,,,,,,,,,,,,,,,,,,,,Four,,,,,,,,,,,,,,,,,,,,,,,,,,,,,,,,Spring,,2022-01-27,21,-3.5
Unbalanced,Unbalanced_Colony07,2022-02-17,7Rep2,2,7,7,7,7,3,8,5,1,6,7,5,1,6,3,4,5,3,8,5,4,3,7,4,5,6,7,8,5,6,2,,,,,,,,,,,,,,,,,,,,,,,,,,,,,,,8,One,30,3,8,19,8,0,0,2,2,9,5,3,10,2,9,0.3448275862,0.0689655172,0.3103448276,0.1724137931,0.1034482759,2,7,8,13,21,0.35,0.619047619,0.119047619,0.119047619,,,Spring,,2022-01-27,21,-3.5
Unbalanced,Unbalanced_Colony07,2022-02-17,7Rep2,2,6.312266,4.344943,4.485338,4.654126,10.817937,11.704842,10.950179,11.561832,11.698429,11.141472,10.865008,11.353855,10.967006,11.129341,11.104987,10.568917,9.663988,11.70744,9.745535,11.023895,10.905496,11.821748,10.221928,10.050662,10.504817,10.471512,11.801301,9.831483,10.824116,9.673282,,,,,,,,,,,,,,,,,,,,,,,,,,,,,,,,Two,,,,,,,,,,,,,,,,,,,,,,,,,,,,,,4,26,Spring,,2022-01-27,21,-3.5
Unbalanced,Unbalanced_Colony07,2022-02-17,7Rep2,2,Reward,Same,Same,Same,Reward,Reward,Reward,Reward,Reward,Previsited,Previsited,Previsited,Previsited,Previsited,Reward,Previsited,Previsited,Previsited,Previsited,Previsited,Previsited,Previsited,Previsited,Previsited,Previsited,Previsited,Previsited,Previsited,Previsited,Reward,,,,,,,,,,,,,,,,,,,,,,,,,,,,,,,,Three,,,,,,,,,,,,,,,,,,,,,,,,,,,,,,,,Spring,,2022-01-27,21,-3.5
Unbalanced,Unbalanced_Colony07,2022-02-17,7Rep2,2,,S0,S0,S0,O4,R3,R3,O4,R3,L1,R2,O4,R3,R3,L1,L1,R2,R3,R3,R1,R1,O4,R3,L1,L1,L1,L1,R3,L1,O4,,,,,,,,,,,,,,,,,,,,,,,,,,,,,,,,Four,,,,,,,,,,,,,,,,,,,,,,,,,,,,,,,,Spring,,2022-01-27,21,-3.5
Unbalanced,Unbalanced_Colony07,2022-02-17,7Rep2,3,8,3,4,1,2,3,4,5,6,7,,,,,,,,,,,,,,,,,,,,,,,,,,,,,,,,,,,,,,,,,,,,,,,,,,,8,One,10,0,8,2,7,0,1,0,0,1,0,0,7,0,2,0.7777777778,0,0.2222222222,0,0,6,2,8,1,9,0.25,0.1111111111,-0.388888889,0.3888888889,,,Spring,,2022-01-27,21,-3.5
Unbalanced,Unbalanced_Colony07,2022-02-17,7Rep2,3,11.473335,10.990318,11.254722,10.90471,10.293171,11.420871,10.741375,11.406611,11.630415,10.106363,,,,,,,,,,,,,,,,,,,,,,,,,,,,,,,,,,,,,,,,,,,,,,,,,,,,Two,,,,,,,,,,,,,,,,,,,,,,,,,,,,,,0,10,Spring,,2022-01-27,21,-3.5
Unbalanced,Unbalanced_Colony07,2022-02-17,7Rep2,3,Reward,Reward,Reward,Reward,Reward,Previsited,Previsited,Reward,Reward,Reward,,,,,,,,,,,,,,,,,,,,,,,,,,,,,,,,,,,,,,,,,,,,,,,,,,,,Three,,,,,,,,,,,,,,,,,,,,,,,,,,,,,,,,Spring,,2022-01-27,21,-3.5
Unbalanced,Unbalanced_Colony07,2022-02-17,7Rep2,3,,L3,L1,R3,L1,L1,L1,L1,L1,L1,,,,,,,,,,,,,,,,,,,,,,,,,,,,,,,,,,,,,,,,,,,,,,,,,,,,Four,,,,,,,,,,,,,,,,,,,,,,,,,,,,,,,,Spring,,2022-01-27,21,-3.5
Unbalanced,Unbalanced_Colony07,2022-02-17,7Rep2,4,8,1,3,4,5,6,7,8,7,5,1,2,,,,,,,,,,,,,,,,,,,,,,,,,,,,,,,,,,,,,,,,,,,,,,,,,8,One,12,0,8,4,7,1,0,1,1,0,1,0,8,2,0,0.7272727273,0.1818181818,0,0.0909090909,0,8,2,8,2,10,0.2222222222,0.2,-0.3,0.3,,,Spring,,2022-01-27,21,-3.5
Unbalanced,Unbalanced_Colony07,2022-02-17,7Rep2,4,11.632007,10.945906,10.345532,10.252964,11.231907,11.202174,11.404303,11.610671,9.723609,10.18144,10.946191,9.923543,,,,,,,,,,,,,,,,,,,,,,,,,,,,,,,,,,,,,,,,,,,,,,,,,,Two,,,,,,,,,,,,,,,,,,,,,,,,,,,,,,0,12,Spring,,2022-01-27,21,-3.5
Unbalanced,Unbalanced_Colony07,2022-02-17,7Rep2,4,Reward,Reward,Reward,Reward,Reward,Reward,Reward,Previsited,Previsited,Previsited,Previsited,Reward,,,,,,,,,,,,,,,,,,,,,,,,,,,,,,,,,,,,,,,,,,,,,,,,,,Three,,,,,,,,,,,,,,,,,,,,,,,,,,,,,,,,Spring,,2022-01-27,21,-3.5
Unbalanced,Unbalanced_Colony07,2022-02-17,7Rep2,4,,L1,L2,L1,L1,L1,L1,L1,R1,R2,O4,L1,,,,,,,,,,,,,,,,,,,,,,,,,,,,,,,,,,,,,,,,,,,,,,,,,,Four,,,,,,,,,,,,,,,,,,,,,,,,,,,,,,,,Spring,,2022-01-27,21,-3.5
Unbalanced,Unbalanced_Colony07,2022-02-17,7Rep2,5,8,1,5,6,7,8,5,2,3,4,,,,,,,,,,,,,,,,,,,,,,,,,,,,,,,,,,,,,,,,,,,,,,,,,,,8,One,10,0,8,2,6,0,0,0,0,2,1,0,6,0,2,0.6666666667,0,0.2222222222,0.1111111111,0,6,2,6,2,8,0.2857142857,0.25,-0.25,0.25,,,Spring,,2022-01-27,21,-3.5
Unbalanced,Unbalanced_Colony07,2022-02-17,7Rep2,5,11.255294,9.941618,11.430425,10.159745,10.152221,8.632835,11.225241,10.445083,10.401379,10.213496,,,,,,,,,,,,,,,,,,,,,,,,,,,,,,,,,,,,,,,,,,,,,,,,,,,,Two,,,,,,,,,,,,,,,,,,,,,,,,,,,,,,1,9,Spring,,2022-01-27,21,-3.5
Unbalanced,Unbalanced_Colony07,2022-02-17,7Rep2,5,Reward,Reward,Reward,Reward,Reward,Previsited,Previsited,Reward,Reward,Reward,,,,,,,,,,,,,,,,,,,,,,,,,,,,,,,,,,,,,,,,,,,,,,,,,,,,Three,,,,,,,,,,,,,,,,,,,,,,,,,,,,,,,,Spring,,2022-01-27,21,-3.5
Unbalanced,Unbalanced_Colony07,2022-02-17,7Rep2,5,,L1,O4,L1,L1,L1,R3,R3,L1,L1,,,,,,,,,,,,,,,,,,,,,,,,,,,,,,,,,,,,,,,,,,,,,,,,,,,,Four,,,,,,,,,,,,,,,,,,,,,,,,,,,,,,,,Spring,,2022-01-27,21,-3.5
Unbalanced,Unbalanced_Colony07,2022-02-17,7Rep2,6,7,3,4,7,1,5,4,7,5,4,3,2,8,1,2,8,1,8,6,,,,,,,,,,,,,,,,,,,,,,,,,,,,,,,,,,,,,,,,,,8,One,19,0,8,11,4,1,2,5,4,0,2,0,9,5,2,0.5,0.2777777778,0.1111111111,0.1111111111,0,4,7,7,9,16,0.4666666667,0.5625,0.0625,0.0625,,,Spring,,2022-01-27,21,-3.5
Unbalanced,Unbalanced_Colony07,2022-02-17,7Rep2,6,10.443291,10.191946,10.563844,10.471326,9.971728,11.364717,10.881089,9.62178,9.820255,9.03813,10.789773,11.418567,10.347397,10.216301,9.079637,9.955568,9.777585,11.532915,9.954609,,,,,,,,,,,,,,,,,,,,,,,,,,,,,,,,,,,,,,,,,,,Two,,,,,,,,,,,,,,,,,,,,,,,,,,,,,,0,19,Spring,,2022-01-27,21,-3.5
Unbalanced,Unbalanced_Colony07,2022-02-17,7Rep2,6,Reward,Reward,Reward,Previsited,Reward,Reward,Previsited,Previsited,Previsited,Previsited,Previsited,Reward,Reward,Previsited,Previsited,Previsited,Previsited,Previsited,Reward,,,,,,,,,,,,,,,,,,,,,,,,,,,,,,,,,,,,,,,,,,,Three,,,,,,,,,,,,,,,,,,,,,,,,,,,,,,,,Spring,,2022-01-27,21,-3.5
Unbalanced,Unbalanced_Colony07,2022-02-17,7Rep2,6,,O4,L1,L3,L2,O4,R1,L3,R2,R1,R1,R1,R2,L1,L1,R2,L1,R1,R2,,,,,,,,,,,,,,,,,,,,,,,,,,,,,,,,,,,,,,,,,,,Four,,,,,,,,,,,,,,,,,,,,,,,,,,,,,,,,Spring,,2022-01-27,21,-3.5
Unbalanced,Unbalanced_Colony07,2022-02-17,7Rep2,7,6,7,2,1,5,5,5,4,4,3,4,8,,,,,,,,,,,,,,,,,,,,,,,,,,,,,,,,,,,,,,,,,,,,,,,,,8,One,12,3,8,1,2,0,1,3,0,0,2,3,5,0,1,0.4545454545,0,0.0909090909,0.1818181818,0.2727272727,6,2,3,3,6,0.4,0.5,0,0,,,Spring,,2022-01-27,21,-3.5
Unbalanced,Unbalanced_Colony07,2022-02-17,7Rep2,7,10.348904,10.539015,9.939402,10.11685,6.865487,4.348306,10.82498,10.535297,9.281682,10.416266,9.358981,10.697186,,,,,,,,,,,,,,,,,,,,,,,,,,,,,,,,,,,,,,,,,,,,,,,,,,Two,,,,,,,,,,,,,,,,,,,,,,,,,,,,,,2,10,Spring,,2022-01-27,21,-3.5
Unbalanced,Unbalanced_Colony07,2022-02-17,7Rep2,7,Reward,Reward,Reward,Reward,Reward,Same,Same,Reward,Same,Reward,Previsited,Reward,,,,,,,,,,,,,,,,,,,,,,,,,,,,,,,,,,,,,,,,,,,,,,,,,,Three,,,,,,,,,,,,,,,,,,,,,,,,,,,,,,,,Spring,,2022-01-27,21,-3.5
Unbalanced,Unbalanced_Colony07,2022-02-17,7Rep2,7,,L1,L3,R1,O4,S0,S0,R1,S0,R1,L1,O4,,,,,,,,,,,,,,,,,,,,,,,,,,,,,,,,,,,,,,,,,,,,,,,,,,Four,,,,,,,,,,,,,,,,,,,,,,,,,,,,,,,,Spring,,2022-01-27,21,-3.5
Unbalanced,Unbalanced_Colony07,2022-02-17,7Rep2,8,7,8,4,1,3,2,3,4,5,6,,,,,,,,,,,,,,,,,,,,,,,,,,,,,,,,,,,,,,,,,,,,,,,,,,,8,One,10,0,8,2,5,1,0,1,0,1,1,0,6,1,1,0.6666666667,0.1111111111,0.1111111111,0.1111111111,0,7,4,6,2,8,0.5714285714,0.25,-0.25,0.25,,,Spring,,2022-01-27,21,-3.5
Unbalanced,Unbalanced_Colony07,2022-02-17,7Rep2,8,10.205917,11.022621,11.096646,10.932631,10.97676,11.508738,10.164176,8.847009,10.611711,9.985792,,,,,,,,,,,,,,,,,,,,,,,,,,,,,,,,,,,,,,,,,,,,,,,,,,,,Two,,,,,,,,,,,,,,,,,,,,,,,,,,,,,,1,9,Spring,,2022-01-27,21,-3.5
Unbalanced,Unbalanced_Colony07,2022-02-17,7Rep2,8,Reward,Reward,Reward,Reward,Reward,Reward,Previsited,Previsited,Reward,Reward,,,,,,,,,,,,,,,,,,,,,,,,,,,,,,,,,,,,,,,,,,,,,,,,,,,,Three,,,,,,,,,,,,,,,,,,,,,,,,,,,,,,,,Spring,,2022-01-27,21,-3.5
Unbalanced,Unbalanced_Colony07,2022-02-17,7Rep2,8,,L1,O4,R3,L2,R1,L1,L1,L1,L1,,,,,,,,,,,,,,,,,,,,,,,,,,,,,,,,,,,,,,,,,,,,,,,,,,,,Four,,,,,,,,,,,,,,,,,,,,,,,,,,,,,,,,Spring,,2022-01-27,21,-3.5
Unbalanced,Unbalanced_Colony07,2022-02-21,7Rep3,1,3,8,3,6,8,2,5,6,2,5,1,1,2,8,4,5,3,5,7,,,,,,,,,,,,,,,,,,,,,,,,,,,,,,,,,,,,,,,,,,8,One,19,1,8,10,3,4,4,0,2,1,3,1,3,6,5,0.1666666667,0.3333333333,0.2777777778,0.1666666667,0.0555555556,3,5,11,3,14,0.3846153846,0.2142857143,-0.285714286,0.2857142857,,,Spring,,2022-01-27,25,0.5
Unbalanced,Unbalanced_Colony07,2022-02-21,7Rep3,1,11.350541,11.35401,11.303199,10.799091,11.15684,11.454223,11.15726,11.452981,10.238696,11.61767,10.250226,11.365575,9.68293,9.45224,10.90083,5.898395,8.476616,9.00531,10.126826,,,,,,,,,,,,,,,,,,,,,,,,,,,,,,,,,,,,,,,,,,,Two,,,,,,,,,,,,,,,,,,,,,,,,,,,,,,2,17,Spring,,2022-01-27,25,0.5
Unbalanced,Unbalanced_Colony07,2022-02-21,7Rep3,1,Reward,Reward,Previsited,Reward,Previsited,Reward,Reward,Previsited,Previsited,Previsited,Reward,Same,Previsited,Previsited,Reward,Previsited,Previsited,Previsited,Reward,,,,,,,,,,,,,,,,,,,,,,,,,,,,,,,,,,,,,,,,,,,Three,,,,,,,,,,,,,,,,,,,,,,,,,,,,,,,,Spring,,2022-01-27,25,0.5
Unbalanced,Unbalanced_Colony07,2022-02-21,7Rep3,1,,R3,L3,L3,L2,L2,L3,L1,O4,L3,O4,S0,L1,R2,O4,L1,R2,L2,L2,,,,,,,,,,,,,,,,,,,,,,,,,,,,,,,,,,,,,,,,,,,Four,,,,,,,,,,,,,,,,,,,,,,,,,,,,,,,,Spring,,2022-01-27,25,0.5
Unbalanced,Unbalanced_Colony07,2022-02-21,7Rep3,2,8,7,8,3,6,1,2,5,2,5,4,,,,,,,,,,,,,,,,,,,,,,,,,,,,,,,,,,,,,,,,,,,,,,,,,,8,One,11,0,8,3,2,0,5,2,0,1,0,0,4,0,6,0.4,0,0.6,0,0,3,4,7,3,10,0.4444444444,0.3,-0.2,0.2,,,Spring,,2022-01-27,25,0.5
Unbalanced,Unbalanced_Colony07,2022-02-21,7Rep3,2,4.921963,11.868944,11.418976,11.236349,11.690495,10.306059,10.506394,11.512412,9.608583,6.014439,10.034086,,,,,,,,,,,,,,,,,,,,,,,,,,,,,,,,,,,,,,,,,,,,,,,,,,,Two,,,,,,,,,,,,,,,,,,,,,,,,,,,,,,2,9,Spring,,2022-01-27,25,0.5
Unbalanced,Unbalanced_Colony07,2022-02-21,7Rep3,2,Reward,Reward,Previsited,Reward,Reward,Reward,Reward,Reward,Previsited,Previsited,Reward,,,,,,,,,,,,,,,,,,,,,,,,,,,,,,,,,,,,,,,,,,,,,,,,,,,Three,,,,,,,,,,,,,,,,,,,,,,,,,,,,,,,,Spring,,2022-01-27,25,0.5
Unbalanced,Unbalanced_Colony07,2022-02-21,7Rep3,2,,R1,L1,L3,L3,L3,L1,L3,R3,L3,R1,,,,,,,,,,,,,,,,,,,,,,,,,,,,,,,,,,,,,,,,,,,,,,,,,,,Four,,,,,,,,,,,,,,,,,,,,,,,,,,,,,,,,Spring,,2022-01-27,25,0.5
Unbalanced,Unbalanced_Colony07,2022-02-21,7Rep3,3,6,4,6,3,5,3,6,1,2,5,8,7,,,,,,,,,,,,,,,,,,,,,,,,,,,,,,,,,,,,,,,,,,,,,,,,,8,One,12,0,8,4,1,2,4,1,2,1,0,0,2,4,5,0.1818181818,0.3636363636,0.4545454545,0,0,3,6,7,4,11,0.6,0.3636363636,-0.136363636,0.1363636364,,,Spring,,2022-01-27,25,0.5
Unbalanced,Unbalanced_Colony07,2022-02-21,7Rep3,3,11.138585,11.570629,11.348515,10.325541,11.378842,10.723794,9.949203,10.432665,11.610671,9.645171,9.875657,9.946283,,,,,,,,,,,,,,,,,,,,,,,,,,,,,,,,,,,,,,,,,,,,,,,,,,Two,,,,,,,,,,,,,,,,,,,,,,,,,,,,,,0,12,Spring,,2022-01-27,25,0.5
Unbalanced,Unbalanced_Colony07,2022-02-21,7Rep3,3,Reward,Reward,Previsited,Reward,Reward,Previsited,Previsited,Reward,Reward,Previsited,Reward,Reward,,,,,,,,,,,,,,,,,,,,,,,,,,,,,,,,,,,,,,,,,,,,,,,,,,Three,,,,,,,,,,,,,,,,,,,,,,,,,,,,,,,,Spring,,2022-01-27,25,0.5
Unbalanced,Unbalanced_Colony07,2022-02-21,7Rep3,3,,R2,L2,R3,L2,R2,L3,L3,L1,L3,L3,R1,,,,,,,,,,,,,,,,,,,,,,,,,,,,,,,,,,,,,,,,,,,,,,,,,,Four,,,,,,,,,,,,,,,,,,,,,,,,,,,,,,,,Spring,,2022-01-27,25,0.5
Unbalanced,Unbalanced_Colony07,2022-02-21,7Rep3,4,7,7,1,4,6,7,8,2,3,5,,,,,,,,,,,,,,,,,,,,,,,,,,,,,,,,,,,,,,,,,,,,,,,,,,,8,One,10,1,8,1,3,4,1,0,0,0,0,1,3,4,1,0.3333333333,0.4444444444,0.1111111111,0,0.1111111111,2,0,8,0,8,0,0,-0.5,0.5,,,Spring,,2022-01-27,25,0.5
Unbalanced,Unbalanced_Colony07,2022-02-21,7Rep3,4,11.861271,11.589751,11.268933,11.177211,11.447482,10.220021,11.870224,11.338995,11.32353,10.069089,,,,,,,,,,,,,,,,,,,,,,,,,,,,,,,,,,,,,,,,,,,,,,,,,,,,Two,,,,,,,,,,,,,,,,,,,,,,,,,,,,,,0,10,Spring,,2022-01-27,25,0.5
Unbalanced,Unbalanced_Colony07,2022-02-21,7Rep3,4,Reward,Same,Reward,Reward,Reward,Previsited,Reward,Reward,Reward,Reward,,,,,,,,,,,,,,,,,,,,,,,,,,,,,,,,,,,,,,,,,,,,,,,,,,,,Three,,,,,,,,,,,,,,,,,,,,,,,,,,,,,,,,Spring,,2022-01-27,25,0.5
Unbalanced,Unbalanced_Colony07,2022-02-21,7Rep3,4,,S0,L2,L3,L2,L1,L1,L2,L1,L2,,,,,,,,,,,,,,,,,,,,,,,,,,,,,,,,,,,,,,,,,,,,,,,,,,,,Four,,,,,,,,,,,,,,,,,,,,,,,,,,,,,,,,Spring,,2022-01-27,25,0.5
Unbalanced,Unbalanced_Colony07,2022-02-21,7Rep3,5,7,1,3,6,1,4,6,1,4,7,2,5,7,2,5,7,5,2,2,8,,,,,,,,,,,,,,,,,,,,,,,,,,,,,,,,,,,,,,,,,8,One,20,1,8,11,0,5,10,0,2,1,0,1,0,7,11,0,0.3684210526,0.5789473684,0,0.0526315789,5,1,15,3,18,0.0588235294,0.1666666667,-0.333333333,0.3333333333,,,Spring,,2022-01-27,25,0.5
Unbalanced,Unbalanced_Colony07,2022-02-21,7Rep3,5,11.477633,11.105847,11.081107,11.175903,10.769575,11.492433,10.129482,11.003984,11.260696,10.763492,11.202887,10.932132,9.746615,10.151511,11.392949,9.438682,8.126065,11.649756,4.367897,11.58356,,,,,,,,,,,,,,,,,,,,,,,,,,,,,,,,,,,,,,,,,,Two,,,,,,,,,,,,,,,,,,,,,,,,,,,,,,2,18,Spring,,2022-01-27,25,0.5
Unbalanced,Unbalanced_Colony07,2022-02-21,7Rep3,5,Reward,Reward,Reward,Reward,Previsited,Reward,Previsited,Previsited,Previsited,Previsited,Reward,Reward,Previsited,Previsited,Previsited,Previsited,Previsited,Previsited,Same,Reward,,,,,,,,,,,,,,,,,,,,,,,,,,,,,,,,,,,,,,,,,,Three,,,,,,,,,,,,,,,,,,,,,,,,,,,,,,,,Spring,,2022-01-27,25,0.5
Unbalanced,Unbalanced_Colony07,2022-02-21,7Rep3,5,,L2,L2,L3,L3,L3,L2,L3,L3,L3,L3,L3,L2,L3,L3,L2,R2,R3,S0,R2,,,,,,,,,,,,,,,,,,,,,,,,,,,,,,,,,,,,,,,,,,Four,,,,,,,,,,,,,,,,,,,,,,,,,,,,,,,,Spring,,2022-01-27,25,0.5
Unbalanced,Unbalanced_Colony07,2022-02-21,7Rep3,6,7,1,3,5,8,7,2,5,6,8,1,3,8,1,3,6,8,1,3,8,5,2,6,2,5,7,3,5,1,7,8,4,,,,,,,,,,,,,,,,,,,,,,,,,,,,,8,One,32,0,8,24,5,10,5,1,1,4,5,0,6,11,9,0.1935483871,0.3548387097,0.2903225806,0.1612903226,0,6,8,20,6,26,0.32,0.2307692308,-0.269230769,0.2692307692,,,Spring,,2022-01-27,25,0.5
Unbalanced,Unbalanced_Colony07,2022-02-21,7Rep3,6,11.475374,10.736529,10.919233,11.253163,11.099017,11.45424,11.592526,9.996835,11.360171,10.171729,10.316948,10.180138,9.556488,11.324287,9.675619,10.543934,8.533546,9.542138,8.876967,11.590979,11.494366,11.658186,10.25935,10.131329,9.725473,11.28449,11.755675,4.424959,10.667955,10.373906,8.573813,9.986358,,,,,,,,,,,,,,,,,,,,,,,,,,,,,,Two,,,,,,,,,,,,,,,,,,,,,,,,,,,,,,4,28,Spring,,2022-01-27,25,0.5
Unbalanced,Unbalanced_Colony07,2022-02-21,7Rep3,6,Reward,Reward,Reward,Reward,Reward,Previsited,Reward,Previsited,Reward,Previsited,Previsited,Previsited,Previsited,Previsited,Previsited,Previsited,Previsited,Previsited,Previsited,Previsited,Previsited,Previsited,Previsited,Previsited,Previsited,Previsited,Previsited,Previsited,Previsited,Previsited,Previsited,Reward,,,,,,,,,,,,,,,,,,,,,,,,,,,,,,Three,,,,,,,,,,,,,,,,,,,,,,,,,,,,,,,,Spring,,2022-01-27,25,0.5
Unbalanced,Unbalanced_Colony07,2022-02-21,7Rep3,6,,L2,L2,L2,L3,R1,L3,L3,L1,L2,L1,L2,R3,L1,L2,L3,L2,L1,L2,R3,R3,R3,O4,O4,L3,L2,O4,L2,O4,R2,L1,O4,,,,,,,,,,,,,,,,,,,,,,,,,,,,,,Four,,,,,,,,,,,,,,,,,,,,,,,,,,,,,,,,Spring,,2022-01-27,25,0.5
Unbalanced,Unbalanced_Colony07,2022-02-21,7Rep3,7,7,7,2,4,6,8,2,5,7,2,8,3,2,5,1,,,,,,,,,,,,,,,,,,,,,,,,,,,,,,,,,,,,,,,,,,,,,,8,One,15,1,8,6,0,5,5,1,1,0,1,1,1,6,5,0.0714285714,0.4285714286,0.3571428571,0.0714285714,0.0714285714,2,4,10,2,12,0.3636363636,0.1666666667,-0.333333333,0.3333333333,,,Spring,,2022-01-27,25,0.5
Unbalanced,Unbalanced_Colony07,2022-02-21,7Rep3,7,4.411944,10.710571,10.939404,11.479857,11.648953,11.332203,10.079131,11.384921,9.14535,5.620013,10.494513,11.141892,7.104615,6.926965,10.366312,,,,,,,,,,,,,,,,,,,,,,,,,,,,,,,,,,,,,,,,,,,,,,,Two,,,,,,,,,,,,,,,,,,,,,,,,,,,,,,4,11,Spring,,2022-01-27,25,0.5
Unbalanced,Unbalanced_Colony07,2022-02-21,7Rep3,7,Reward,Same,Reward,Reward,Reward,Reward,Previsited,Reward,Previsited,Previsited,Previsited,Reward,Previsited,Previsited,Reward,,,,,,,,,,,,,,,,,,,,,,,,,,,,,,,,,,,,,,,,,,,,,,,Three,,,,,,,,,,,,,,,,,,,,,,,,,,,,,,,,Spring,,2022-01-27,25,0.5
Unbalanced,Unbalanced_Colony07,2022-02-21,7Rep3,7,,S0,L3,L2,L2,L2,L2,L3,L2,L3,R2,L3,R1,L3,O4,,,,,,,,,,,,,,,,,,,,,,,,,,,,,,,,,,,,,,,,,,,,,,,Four,,,,,,,,,,,,,,,,,,,,,,,,,,,,,,,,Spring,,2022-01-27,25,0.5
Unbalanced,Unbalanced_Colony07,2022-02-21,7Rep3,8,7,1,4,6,7,1,5,3,5,6,1,8,1,4,2,,,,,,,,,,,,,,,,,,,,,,,,,,,,,,,,,,,,,,,,,,,,,,8,One,15,0,8,7,3,4,3,1,2,0,1,0,4,6,3,0.2857142857,0.4285714286,0.2142857143,0.0714285714,0,5,5,10,3,13,0.4166666667,0.2307692308,-0.269230769,0.2692307692,,,Spring,,2022-01-27,25,0.5
Unbalanced,Unbalanced_Colony07,2022-02-21,7Rep3,8,10.836858,10.823467,11.355641,11.274812,10.583201,9.758248,11.15677,10.904424,8.108535,8.934204,5.076523,11.246423,10.472703,9.072507,9.97122,,,,,,,,,,,,,,,,,,,,,,,,,,,,,,,,,,,,,,,,,,,,,,,Two,,,,,,,,,,,,,,,,,,,,,,,,,,,,,,3,12,Spring,,2022-01-27,25,0.5
Unbalanced,Unbalanced_Colony07,2022-02-21,7Rep3,8,Reward,Reward,Reward,Reward,Previsited,Previsited,Reward,Reward,Previsited,Previsited,Previsited,Reward,Previsited,Previsited,Reward,,,,,,,,,,,,,,,,,,,,,,,,,,,,,,,,,,,,,,,,,,,,,,,Three,,,,,,,,,,,,,,,,,,,,,,,,,,,,,,,,Spring,,2022-01-27,25,0.5
Unbalanced,Unbalanced_Colony07,2022-02-21,7Rep3,8,,L2,L3,L2,L1,L2,O4,R2,L2,L1,L3,R1,L1,L3,R2,,,,,,,,,,,,,,,,,,,,,,,,,,,,,,,,,,,,,,,,,,,,,,,Four,,,,,,,,,,,,,,,,,,,,,,,,,,,,,,,,Spring,,2022-01-27,25,0.5
Unbalanced,Unbalanced_Colony07,2022-02-21,7Rep4,1,4,8,3,8,3,4,7,8,3,6,4,8,3,1,1,1,3,3,6,6,5,4,7,6,6,5,2,,,,,,,,,,,,,,,,,,,,,,,,,,,,,,,,,,8,One,27,5,8,14,2,1,8,4,2,2,2,5,6,3,10,0.2307692308,0.1153846154,0.3846153846,0.0769230769,0.1923076923,4,9,11,8,19,0.5,0.4210526316,-0.078947368,0.0789473684,,,Spring,,2022-01-27,25,0.5
Unbalanced,Unbalanced_Colony07,2022-02-21,7Rep4,1,11.067149,10.306343,11.449338,11.253631,9.790654,10.01684,11.632409,9.788126,10.990318,11.455721,11.584738,11.313679,9.456529,10.420719,7.463004,7.815013,4.399113,7.30106,7.919595,8.207171,11.561393,9.918907,8.814606,8.214933,8.185338,11.504367,10.058301,,,,,,,,,,,,,,,,,,,,,,,,,,,,,,,,,,,Two,,,,,,,,,,,,,,,,,,,,,,,,,,,,,,9,18,Spring,,2022-01-27,25,0.5
Unbalanced,Unbalanced_Colony07,2022-02-21,7Rep4,1,Reward,Reward,Reward,Previsited,Previsited,Previsited,Reward,Previsited,Previsited,Reward,Previsited,Previsited,Previsited,Reward,Same,Same,Previsited,Same,Previsited,Same,Reward,Previsited,Previsited,Previsited,Same,Previsited,Reward,,,,,,,,,,,,,,,,,,,,,,,,,,,,,,,,,,,Three,,,,,,,,,,,,,,,,,,,,,,,,,,,,,,,,Spring,,2022-01-27,25,0.5
Unbalanced,Unbalanced_Colony07,2022-02-21,7Rep4,1,,O4,L3,R3,L3,L1,L3,L1,L3,L3,R2,O4,L3,R2,S0,S0,L2,S0,L3,S0,R1,R1,L3,R1,S0,R1,R3,,,,,,,,,,,,,,,,,,,,,,,,,,,,,,,,,,,Four,,,,,,,,,,,,,,,,,,,,,,,,,,,,,,,,Spring,,2022-01-27,25,0.5
Unbalanced,Unbalanced_Colony07,2022-02-21,7Rep4,2,4,7,3,6,2,7,3,8,3,6,7,4,8,4,7,1,2,2,2,3,1,5,,,,,,,,,,,,,,,,,,,,,,,,,,,,,,,,,,,,,,,8,One,22,2,8,12,3,1,5,0,1,3,6,2,3,2,8,0.1428571429,0.0952380952,0.380952381,0.2857142857,0.0952380952,6,5,9,4,13,0.4166666667,0.3076923077,-0.192307692,0.1923076923,,,Spring,,2022-01-27,25,0.5
Unbalanced,Unbalanced_Colony07,2022-02-21,7Rep4,2,11.353787,10.608092,10.835941,11.002886,10.685956,9.521954,10.347284,11.581894,11.253163,8.411796,7.167984,10.146517,11.182267,10.407355,11.750716,11.689511,8.965132,11.452726,4.719341,7.569695,11.241361,9.71059,,,,,,,,,,,,,,,,,,,,,,,,,,,,,,,,,,,,,,,,Two,,,,,,,,,,,,,,,,,,,,,,,,,,,,,,5,17,Spring,,2022-01-27,25,0.5
Unbalanced,Unbalanced_Colony07,2022-02-21,7Rep4,2,Reward,Reward,Reward,Reward,Reward,Previsited,Previsited,Reward,Previsited,Previsited,Previsited,Previsited,Previsited,Previsited,Previsited,Reward,Previsited,Same,Same,Previsited,Previsited,Reward,,,,,,,,,,,,,,,,,,,,,,,,,,,,,,,,,,,,,,,,Three,,,,,,,,,,,,,,,,,,,,,,,,,,,,,,,,Spring,,2022-01-27,25,0.5
Unbalanced,Unbalanced_Colony07,2022-02-21,7Rep4,2,,L3,O4,L3,O4,R3,O4,R3,L3,L3,L1,R3,O4,O4,L3,L2,L1,S0,S0,L1,R2,O4,,,,,,,,,,,,,,,,,,,,,,,,,,,,,,,,,,,,,,,,Four,,,,,,,,,,,,,,,,,,,,,,,,,,,,,,,,Spring,,2022-01-27,25,0.5
Unbalanced,Unbalanced_Colony07,2022-02-21,7Rep4,3,2,7,6,7,2,5,8,4,1,1,2,3,,,,,,,,,,,,,,,,,,,,,,,,,,,,,,,,,,,,,,,,,,,,,,,,,8,One,12,1,8,3,3,0,3,1,0,2,1,1,4,0,5,0.3636363636,0,0.4545454545,0.0909090909,0.0909090909,4,3,6,3,9,0.375,0.3333333333,-0.166666667,0.1666666667,,,Spring,,2022-01-27,25,0.5
Unbalanced,Unbalanced_Colony07,2022-02-21,7Rep4,3,11.467761,10.286674,10.211645,11.313042,10.681997,11.156351,11.572398,10.62269,11.45715,4.613322,8.174877,11.099527,,,,,,,,,,,,,,,,,,,,,,,,,,,,,,,,,,,,,,,,,,,,,,,,,,Two,,,,,,,,,,,,,,,,,,,,,,,,,,,,,,2,10,Spring,,2022-01-27,25,0.5
Unbalanced,Unbalanced_Colony07,2022-02-21,7Rep4,3,Reward,Reward,Reward,Previsited,Previsited,Reward,Reward,Reward,Reward,Same,Previsited,Reward,,,,,,,,,,,,,,,,,,,,,,,,,,,,,,,,,,,,,,,,,,,,,,,,,,Three,,,,,,,,,,,,,,,,,,,,,,,,,,,,,,,,Spring,,2022-01-27,25,0.5
Unbalanced,Unbalanced_Colony07,2022-02-21,7Rep4,3,,R3,R1,L1,L3,L3,L3,O4,R3,S0,L1,L1,,,,,,,,,,,,,,,,,,,,,,,,,,,,,,,,,,,,,,,,,,,,,,,,,,Four,,,,,,,,,,,,,,,,,,,,,,,,,,,,,,,,Spring,,2022-01-27,25,0.5
Unbalanced,Unbalanced_Colony07,2022-02-21,7Rep4,4,8,5,2,6,3,6,4,8,3,4,8,5,8,2,5,8,3,5,2,3,7,5,2,2,5,8,4,7,4,3,7,6,3,8,6,3,2,4,7,8,3,6,2,5,5,8,3,5,7,1,,,,,,,,,,,8,One,50,2,8,40,3,6,15,3,3,10,7,2,6,9,25,0.1224489796,0.1836734694,0.5102040816,0.1428571429,0.0408163265,6,11,24,16,40,0.2820512821,0.4,-0.1,0.1,,,Spring,,2022-01-27,25,0.5
Unbalanced,Unbalanced_Colony07,2022-02-21,7Rep4,4,8.16753,10.335051,10.279394,10.87263,10.556018,11.019456,9.961656,11.389372,8.464281,10.109565,11.37149,7.931277,11.116776,11.153136,8.757121,9.711514,10.205745,8.055862,11.219405,11.11355,11.225744,7.893734,11.346986,11.378071,10.318063,8.879053,10.689147,9.491095,9.952905,10.640511,9.187031,10.581101,11.190474,11.121913,5.848448,9.806569,8.598921,8.858283,10.802123,10.80178,8.260201,7.249941,7.722679,9.955392,11.156753,10.78428,7.664914,4.948032,10.599489,10.122282,,,,,,,,,,,,Two,,,,,,,,,,,,,,,,,,,,,,,,,,,,,,15,35,Spring,,2022-01-27,25,0.5
Unbalanced,Unbalanced_Colony07,2022-02-21,7Rep4,4,Reward,Reward,Reward,Reward,Reward,Previsited,Reward,Previsited,Previsited,Previsited,Previsited,Previsited,Previsited,Previsited,Previsited,Previsited,Previsited,Previsited,Previsited,Previsited,Reward,Previsited,Previsited,Same,Previsited,Previsited,Previsited,Previsited,Previsited,Previsited,Previsited,Previsited,Previsited,Previsited,Previsited,Previsited,Previsited,Previsited,Previsited,Previsited,Previsited,Previsited,Previsited,Previsited,Same,Previsited,Previsited,Previsited,Previsited,Reward,,,,,,,,,,,,Three,,,,,,,,,,,,,,,,,,,,,,,,,,,,,,,,Spring,,2022-01-27,25,0.5
Unbalanced,Unbalanced_Colony07,2022-02-21,7Rep4,4,,R3,R3,O4,R3,L3,R2,O4,L3,L1,O4,R3,L3,L2,L3,L3,L3,L2,R3,L1,O4,R2,R3,S0,L3,L3,O4,L3,R3,R1,O4,R1,R3,R3,R2,R3,R1,L2,L3,L1,L3,L3,O4,L3,S0,L3,L3,L2,L2,L2,,,,,,,,,,,,Four,,,,,,,,,,,,,,,,,,,,,,,,,,,,,,,,Spring,,2022-01-27,25,0.5
Unbalanced,Unbalanced_Colony07,2022-02-21,7Rep4,5,7,1,4,1,6,3,7,4,6,8,2,2,2,5,,,,,,,,,,,,,,,,,,,,,,,,,,,,,,,,,,,,,,,,,,,,,,,8,One,14,2,8,4,0,4,2,0,0,4,1,2,0,4,6,0,0.3076923077,0.4615384615,0.0769230769,0.1538461538,4,2,6,4,10,0.2222222222,0.4,-0.1,0.1,,,Spring,,2022-01-27,25,0.5
Unbalanced,Unbalanced_Colony07,2022-02-21,7Rep4,5,11.040221,11.010802,10.744151,10.05423,10.583293,10.89006,10.506375,10.150666,10.859714,11.510719,11.211931,9.313884,10.951069,10.043503,,,,,,,,,,,,,,,,,,,,,,,,,,,,,,,,,,,,,,,,,,,,,,,,Two,,,,,,,,,,,,,,,,,,,,,,,,,,,,,,0,14,Spring,,2022-01-27,25,0.5
Unbalanced,Unbalanced_Colony07,2022-02-21,7Rep4,5,Reward,Reward,Reward,Previsited,Reward,Reward,Previsited,Previsited,Previsited,Reward,Reward,Same,Same,Reward,,,,,,,,,,,,,,,,,,,,,,,,,,,,,,,,,,,,,,,,,,,,,,,,Three,,,,,,,,,,,,,,,,,,,,,,,,,,,,,,,,Spring,,2022-01-27,25,0.5
Unbalanced,Unbalanced_Colony07,2022-02-21,7Rep4,5,,L2,L3,R3,R3,R3,O4,R3,L2,L2,L2,S0,S0,L3,,,,,,,,,,,,,,,,,,,,,,,,,,,,,,,,,,,,,,,,,,,,,,,,Four,,,,,,,,,,,,,,,,,,,,,,,,,,,,,,,,Spring,,2022-01-27,25,0.5
Unbalanced,Unbalanced_Colony07,2022-02-21,7Rep4,6,6,1,3,8,3,7,2,5,7,4,7,4,6,,,,,,,,,,,,,,,,,,,,,,,,,,,,,,,,,,,,,,,,,,,,,,,,8,One,13,0,8,5,0,3,5,0,0,3,1,0,0,3,8,0,0.25,0.6666666667,0.0833333333,0,5,6,8,3,11,0.6,0.2727272727,-0.227272727,0.2272727273,,,Spring,,2022-01-27,25,0.5
Unbalanced,Unbalanced_Colony07,2022-02-21,7Rep4,6,4.443246,10.537055,11.099456,11.629862,8.229632,11.463477,10.527134,10.489237,10.7659,10.210328,9.717292,10.991116,10.092119,,,,,,,,,,,,,,,,,,,,,,,,,,,,,,,,,,,,,,,,,,,,,,,,,Two,,,,,,,,,,,,,,,,,,,,,,,,,,,,,,2,11,Spring,,2022-01-27,25,0.5
Unbalanced,Unbalanced_Colony07,2022-02-21,7Rep4,6,Reward,Reward,Reward,Reward,Previsited,Reward,Reward,Reward,Previsited,Reward,Previsited,Previsited,Previsited,,,,,,,,,,,,,,,,,,,,,,,,,,,,,,,,,,,,,,,,,,,,,,,,,Three,,,,,,,,,,,,,,,,,,,,,,,,,,,,,,,,Spring,,2022-01-27,25,0.5
Unbalanced,Unbalanced_Colony07,2022-02-21,7Rep4,6,,L3,L2,R3,L3,O4,L3,L3,L2,R3,L3,R3,L2,,,,,,,,,,,,,,,,,,,,,,,,,,,,,,,,,,,,,,,,,,,,,,,,,Four,,,,,,,,,,,,,,,,,,,,,,,,,,,,,,,,Spring,,2022-01-27,25,0.5
Unbalanced,Unbalanced_Colony07,2022-02-21,7Rep4,7,8,4,1,6,1,4,6,4,8,6,8,2,4,8,2,4,6,3,7,8,4,5,,,,,,,,,,,,,,,,,,,,,,,,,,,,,,,,,,,,,,,8,One,22,0,8,14,2,7,2,0,2,3,5,0,2,9,5,0.0952380952,0.4285714286,0.2380952381,0.2380952381,0,5,5,11,5,16,0.3333333333,0.3125,-0.1875,0.1875,,,Spring,,2022-01-27,25,0.5
Unbalanced,Unbalanced_Colony07,2022-02-21,7Rep4,7,6.941695,10.623791,11.22597,10.175408,9.662798,9.323924,10.109275,9.852596,11.464293,10.072109,9.400523,10.858206,8.239574,11.452981,9.739893,11.133071,9.399776,10.935127,10.220422,8.137188,5.374171,10.023765,,,,,,,,,,,,,,,,,,,,,,,,,,,,,,,,,,,,,,,,Two,,,,,,,,,,,,,,,,,,,,,,,,,,,,,,4,18,Spring,,2022-01-27,25,0.5
Unbalanced,Unbalanced_Colony07,2022-02-21,7Rep4,7,Reward,Reward,Reward,Reward,Previsited,Previsited,Previsited,Previsited,Previsited,Previsited,Previsited,Reward,Previsited,Previsited,Previsited,Previsited,Previsited,Reward,Reward,Previsited,Previsited,Reward,,,,,,,,,,,,,,,,,,,,,,,,,,,,,,,,,,,,,,,,Three,,,,,,,,,,,,,,,,,,,,,,,,,,,,,,,,Spring,,2022-01-27,25,0.5
Unbalanced,Unbalanced_Colony07,2022-02-21,7Rep4,7,,O4,R3,R3,L3,L3,L2,R2,O4,R2,L2,L2,L2,O4,L2,L2,L2,R3,O4,L1,O4,L1,,,,,,,,,,,,,,,,,,,,,,,,,,,,,,,,,,,,,,,,Four,,,,,,,,,,,,,,,,,,,,,,,,,,,,,,,,Spring,,2022-01-27,25,0.5
Unbalanced,Unbalanced_Colony07,2022-02-21,7Rep4,8,6,1,4,6,4,5,2,4,6,1,6,8,2,4,7,2,4,7,1,4,3,,,,,,,,,,,,,,,,,,,,,,,,,,,,,,,,,,,,,,,,8,One,21,0,8,13,1,8,7,1,1,2,0,0,2,9,9,0.1,0.45,0.45,0,0,4,7,16,4,20,0.3684210526,0.2,-0.3,0.3,,,Spring,,2022-01-27,25,0.5
Unbalanced,Unbalanced_Colony07,2022-02-21,7Rep4,8,11.088633,11.067747,10.625479,7.783622,7.847644,10.626304,10.289137,11.117355,6.191448,10.12051,7.621841,11.239714,10.671773,8.891426,10.774225,10.230468,10.062893,9.612153,5.898098,8.072154,9.903861,,,,,,,,,,,,,,,,,,,,,,,,,,,,,,,,,,,,,,,,,Two,,,,,,,,,,,,,,,,,,,,,,,,,,,,,,7,14,Spring,,2022-01-27,25,0.5
Unbalanced,Unbalanced_Colony07,2022-02-21,7Rep4,8,Reward,Reward,Reward,Previsited,Previsited,Reward,Reward,Previsited,Previsited,Previsited,Previsited,Reward,Previsited,Previsited,Reward,Previsited,Previsited,Previsited,Previsited,Previsited,Reward,,,,,,,,,,,,,,,,,,,,,,,,,,,,,,,,,,,,,,,,,Three,,,,,,,,,,,,,,,,,,,,,,,,,,,,,,,,Spring,,2022-01-27,25,0.5
Unbalanced,Unbalanced_Colony07,2022-02-21,7Rep4,8,,L3,L3,L2,R2,L1,R3,L2,L2,L3,R3,L2,L2,L2,L3,L3,L2,L3,L2,L3,R1,,,,,,,,,,,,,,,,,,,,,,,,,,,,,,,,,,,,,,,,,Four,,,,,,,,,,,,,,,,,,,,,,,,,,,,,,,,Spring,,2022-01-27,25,0.5
Unbalanced,Unbalanced_Colony07,2022-02-23,7Rep5,1,5,5,3,8,6,4,5,2,3,2,1,8,2,2,7,6,5,1,6,3,2,5,3,8,2,6,7,7,8,1,,,,,,,,,,,,,,,,,,,,,,,,,,,,,,,8,One,30,3,8,19,5,2,1,6,4,6,2,3,11,6,7,0.3793103448,0.2068965517,0.2413793103,0.0689655172,0.1034482759,2,9,8,16,24,0.3913043478,0.6666666667,0.1666666667,0.1666666667,,,Spring,,2022-01-27,27,2.5
Unbalanced,Unbalanced_Colony07,2022-02-23,7Rep5,1,9.965255,9.537479,11.505553,11.178885,10.638038,10.627258,9.477839,10.312167,7.306184,8.561892,7.653513,6.328273,9.123392,11.743747,10.210958,6.691919,8.390915,5.11268,9.98138,11.386086,11.635492,9.303833,9.831661,8.719221,9.710369,10.247944,10.036999,11.574217,7.135714,10.825844,,,,,,,,,,,,,,,,,,,,,,,,,,,,,,,,Two,,,,,,,,,,,,,,,,,,,,,,,,,,,,,,9,21,Spring,,2022-01-27,27,2.5
Unbalanced,Unbalanced_Colony07,2022-02-23,7Rep5,1,Reward,Same,Reward,Reward,Reward,Reward,Previsited,Reward,Previsited,Previsited,Reward,Previsited,Previsited,Same,Reward,Previsited,Previsited,Previsited,Previsited,Previsited,Previsited,Previsited,Previsited,Previsited,Previsited,Previsited,Previsited,Same,Previsited,Previsited,,,,,,,,,,,,,,,,,,,,,,,,,,,,,,,,Three,,,,,,,,,,,,,,,,,,,,,,,,,,,,,,,,Spring,,2022-01-27,27,2.5
Unbalanced,Unbalanced_Colony07,2022-02-23,7Rep5,1,,S0,R2,R3,R2,R2,L1,R3,L1,R1,R1,R1,L2,S0,R3,R1,R1,O4,R3,R3,R1,L3,R2,R3,L2,O4,L1,S0,L1,L1,,,,,,,,,,,,,,,,,,,,,,,,,,,,,,,,Four,,,,,,,,,,,,,,,,,,,,,,,,,,,,,,,,Spring,,2022-01-27,27,2.5
Unbalanced,Unbalanced_Colony07,2022-02-23,7Rep5,2,6,5,2,5,2,3,8,7,5,2,8,1,3,2,3,6,3,6,2,7,1,8,4,,,,,,,,,,,,,,,,,,,,,,,,,,,,,,,,,,,,,,8,One,23,0,8,15,3,2,3,4,2,6,2,0,7,4,9,0.3181818182,0.1818181818,0.4090909091,0.0909090909,0,4,12,8,12,20,0.6315789474,0.6,0.1,0.1,,,Spring,,2022-01-27,27,2.5
Unbalanced,Unbalanced_Colony07,2022-02-23,7Rep5,2,10.864398,11.297058,10.873616,9.015607,9.57727,11.085627,10.564564,11.671872,11.254272,9.755891,9.694639,10.280968,11.077025,8.868509,11.440465,10.327127,11.43213,10.761717,11.777343,9.679003,9.800684,11.74134,9.666106,,,,,,,,,,,,,,,,,,,,,,,,,,,,,,,,,,,,,,,Two,,,,,,,,,,,,,,,,,,,,,,,,,,,,,,1,22,Spring,,2022-01-27,27,2.5
Unbalanced,Unbalanced_Colony07,2022-02-23,7Rep5,2,Reward,Reward,Reward,Previsited,Previsited,Reward,Reward,Reward,Previsited,Previsited,Previsited,Reward,Previsited,Previsited,Previsited,Previsited,Previsited,Previsited,Previsited,Previsited,Previsited,Previsited,Reward,,,,,,,,,,,,,,,,,,,,,,,,,,,,,,,,,,,,,,,Three,,,,,,,,,,,,,,,,,,,,,,,,,,,,,,,,Spring,,2022-01-27,27,2.5
Unbalanced,Unbalanced_Colony07,2022-02-23,7Rep5,2,,R1,R3,L3,R3,L1,R3,R1,R2,R3,R2,L1,L2,R1,L1,L3,R3,L3,O4,R3,L2,R1,O4,,,,,,,,,,,,,,,,,,,,,,,,,,,,,,,,,,,,,,,Four,,,,,,,,,,,,,,,,,,,,,,,,,,,,,,,,Spring,,2022-01-27,27,2.5
Unbalanced,Unbalanced_Colony07,2022-02-23,7Rep5,3,1,4,2,8,5,3,5,1,7,6,,,,,,,,,,,,,,,,,,,,,,,,,,,,,,,,,,,,,,,,,,,,,,,,,,,8,One,10,0,8,2,0,1,1,1,4,1,1,0,1,5,2,0.1111111111,0.5555555556,0.2222222222,0.1111111111,0,7,3,2,6,8,0.4285714286,0.75,0.25,0.25,,,Spring,,2022-01-27,27,2.5
Unbalanced,Unbalanced_Colony07,2022-02-23,7Rep5,3,10.13931,11.540603,11.294211,10.472108,11.48052,11.282192,9.912754,9.617282,10.251272,10.035251,,,,,,,,,,,,,,,,,,,,,,,,,,,,,,,,,,,,,,,,,,,,,,,,,,,,Two,,,,,,,,,,,,,,,,,,,,,,,,,,,,,,0,10,Spring,,2022-01-27,27,2.5
Unbalanced,Unbalanced_Colony07,2022-02-23,7Rep5,3,Reward,Reward,Reward,Reward,Reward,Reward,Previsited,Previsited,Reward,Reward,,,,,,,,,,,,,,,,,,,,,,,,,,,,,,,,,,,,,,,,,,,,,,,,,,,,Three,,,,,,,,,,,,,,,,,,,,,,,,,,,,,,,,Spring,,2022-01-27,27,2.5
Unbalanced,Unbalanced_Colony07,2022-02-23,7Rep5,3,,L3,R2,R2,R3,R2,L2,O4,R2,R1,,,,,,,,,,,,,,,,,,,,,,,,,,,,,,,,,,,,,,,,,,,,,,,,,,,,Four,,,,,,,,,,,,,,,,,,,,,,,,,,,,,,,,Spring,,2022-01-27,27,2.5
Unbalanced,Unbalanced_Colony07,2022-02-23,7Rep5,4,2,8,7,2,6,5,3,8,6,4,7,1,,,,,,,,,,,,,,,,,,,,,,,,,,,,,,,,,,,,,,,,,,,,,,,,,8,One,12,0,8,4,0,1,2,2,4,1,1,0,2,5,3,0.1818181818,0.4545454545,0.2727272727,0.0909090909,0,4,3,3,7,10,0.3333333333,0.7,0.2,0.2,,,Spring,,2022-01-27,27,2.5
Unbalanced,Unbalanced_Colony07,2022-02-23,7Rep5,4,10.704218,11.594409,11.598779,9.769508,11.70992,11.059819,11.050121,9.642584,8.677809,10.618322,10.084932,10.011059,,,,,,,,,,,,,,,,,,,,,,,,,,,,,,,,,,,,,,,,,,,,,,,,,,Two,,,,,,,,,,,,,,,,,,,,,,,,,,,,,,1,11,Spring,,2022-01-27,27,2.5
Unbalanced,Unbalanced_Colony07,2022-02-23,7Rep5,4,Reward,Reward,Reward,Previsited,Reward,Reward,Reward,Previsited,Previsited,Reward,Previsited,Reward,,,,,,,,,,,,,,,,,,,,,,,,,,,,,,,,,,,,,,,,,,,,,,,,,,Three,,,,,,,,,,,,,,,,,,,,,,,,,,,,,,,,Spring,,2022-01-27,27,2.5
Unbalanced,Unbalanced_Colony07,2022-02-23,7Rep5,4,,R2,R1,L3,O4,R1,R2,R3,R2,R2,L3,L2,,,,,,,,,,,,,,,,,,,,,,,,,,,,,,,,,,,,,,,,,,,,,,,,,,Four,,,,,,,,,,,,,,,,,,,,,,,,,,,,,,,,Spring,,2022-01-27,27,2.5
Unbalanced,Unbalanced_Colony07,2022-02-23,7Rep5,5,1,7,5,3,2,8,3,1,4,6,,,,,,,,,,,,,,,,,,,,,,,,,,,,,,,,,,,,,,,,,,,,,,,,,,,8,One,10,0,8,2,0,1,2,1,5,0,0,0,1,6,2,0.1111111111,0.6666666667,0.2222222222,0,0,7,3,3,6,9,0.375,0.6666666667,0.1666666667,0.1666666667,,,Spring,,2022-01-27,27,2.5
Unbalanced,Unbalanced_Colony07,2022-02-23,7Rep5,5,10.261991,10.862424,10.918644,11.386342,11.078503,9.938637,8.849124,10.137484,11.385332,10.147478,,,,,,,,,,,,,,,,,,,,,,,,,,,,,,,,,,,,,,,,,,,,,,,,,,,,Two,,,,,,,,,,,,,,,,,,,,,,,,,,,,,,1,9,Spring,,2022-01-27,27,2.5
Unbalanced,Unbalanced_Colony07,2022-02-23,7Rep5,5,Reward,Reward,Reward,Reward,Reward,Reward,Previsited,Previsited,Reward,Reward,,,,,,,,,,,,,,,,,,,,,,,,,,,,,,,,,,,,,,,,,,,,,,,,,,,,Three,,,,,,,,,,,,,,,,,,,,,,,,,,,,,,,,Spring,,2022-01-27,27,2.5
Unbalanced,Unbalanced_Colony07,2022-02-23,7Rep5,5,,R2,R2,R2,R1,R2,L3,R2,L3,L2,,,,,,,,,,,,,,,,,,,,,,,,,,,,,,,,,,,,,,,,,,,,,,,,,,,,Four,,,,,,,,,,,,,,,,,,,,,,,,,,,,,,,,Spring,,2022-01-27,27,2.5
Unbalanced,Unbalanced_Colony07,2022-02-23,7Rep5,6,1,8,7,6,4,3,1,8,4,2,7,6,3,6,4,2,5,,,,,,,,,,,,,,,,,,,,,,,,,,,,,,,,,,,,,,,,,,,,8,One,17,0,8,9,0,0,2,6,5,2,1,0,6,5,4,0.375,0.3125,0.25,0.0625,0,7,3,2,13,15,0.2142857143,0.8666666667,0.3666666667,0.3666666667,,,Spring,,2022-01-27,27,2.5
Unbalanced,Unbalanced_Colony07,2022-02-23,7Rep5,6,4.812389,5.833096,10.955073,11.551037,10.871482,10.840095,10.799939,10.908499,8.302146,10.287261,9.729381,10.129944,10.200548,9.796625,11.460773,11.062727,9.972471,,,,,,,,,,,,,,,,,,,,,,,,,,,,,,,,,,,,,,,,,,,,,Two,,,,,,,,,,,,,,,,,,,,,,,,,,,,,,3,14,Spring,,2022-01-27,27,2.5
Unbalanced,Unbalanced_Colony07,2022-02-23,7Rep5,6,Reward,Reward,Reward,Reward,Reward,Reward,Previsited,Previsited,Previsited,Reward,Previsited,Previsited,Previsited,Previsited,Previsited,Previsited,Reward,,,,,,,,,,,,,,,,,,,,,,,,,,,,,,,,,,,,,,,,,,,,,Three,,,,,,,,,,,,,,,,,,,,,,,,,,,,,,,,Spring,,2022-01-27,27,2.5
Unbalanced,Unbalanced_Colony07,2022-02-23,7Rep5,6,,R1,R1,R1,R2,R1,R2,R1,O4,R2,R3,R1,R3,L3,R2,R2,L3,,,,,,,,,,,,,,,,,,,,,,,,,,,,,,,,,,,,,,,,,,,,,Four,,,,,,,,,,,,,,,,,,,,,,,,,,,,,,,,Spring,,2022-01-27,27,2.5
Unbalanced,Unbalanced_Colony07,2022-02-23,7Rep5,7,8,7,6,4,3,1,8,5,4,3,6,4,2,8,1,1,3,4,5,7,,,,,,,,,,,,,,,,,,,,,,,,,,,,,,,,,,,,,,,,,8,One,20,1,8,11,3,2,1,6,5,1,0,1,9,7,2,0.4736842105,0.3684210526,0.1052631579,0,0.0526315789,7,3,6,12,18,0.1764705882,0.6666666667,0.1666666667,0.1666666667,,,Spring,,2022-01-27,27,2.5
Unbalanced,Unbalanced_Colony07,2022-02-23,7Rep5,7,5.734824,6.490974,10.918804,11.213027,11.179373,10.486263,10.545487,10.486263,7.745564,9.51749,7.285558,8.391496,10.307913,9.938696,10.98819,11.4207,11.448521,8.293595,11.644485,10.142597,,,,,,,,,,,,,,,,,,,,,,,,,,,,,,,,,,,,,,,,,,Two,,,,,,,,,,,,,,,,,,,,,,,,,,,,,,6,14,Spring,,2022-01-27,27,2.5
Unbalanced,Unbalanced_Colony07,2022-02-23,7Rep5,7,Reward,Reward,Reward,Reward,Reward,Reward,Previsited,Reward,Previsited,Previsited,Previsited,Previsited,Reward,Previsited,Previsited,Same,Previsited,Previsited,Previsited,Previsited,,,,,,,,,,,,,,,,,,,,,,,,,,,,,,,,,,,,,,,,,,Three,,,,,,,,,,,,,,,,,,,,,,,,,,,,,,,,Spring,,2022-01-27,27,2.5
Unbalanced,Unbalanced_Colony07,2022-02-23,7Rep5,7,,R1,R1,R2,R1,R2,R1,R3,R1,R1,L3,R2,R2,R2,L1,S0,L2,L1,L1,L2,,,,,,,,,,,,,,,,,,,,,,,,,,,,,,,,,,,,,,,,,,Four,,,,,,,,,,,,,,,,,,,,,,,,,,,,,,,,Spring,,2022-01-27,27,2.5
Unbalanced,Unbalanced_Colony07,2022-02-23,7Rep5,8,7,3,1,8,6,4,3,6,4,2,2,8,6,4,7,3,7,4,5,,,,,,,,,,,,,,,,,,,,,,,,,,,,,,,,,,,,,,,,,,8,One,19,1,8,10,1,0,2,2,8,1,3,1,3,8,3,0.1666666667,0.4444444444,0.1666666667,0.1666666667,0.0555555556,7,5,3,11,14,0.3846153846,0.7857142857,0.2857142857,0.2857142857,,,Spring,,2022-01-27,27,2.5
Unbalanced,Unbalanced_Colony07,2022-02-23,7Rep5,8,4.361734,10.60539,10.786467,10.169717,10.505058,11.544454,5.06853,9.548019,9.290583,11.374987,11.419164,9.166299,9.391685,9.270903,10.62856,5.082702,9.533615,11.274812,9.897561,,,,,,,,,,,,,,,,,,,,,,,,,,,,,,,,,,,,,,,,,,,Two,,,,,,,,,,,,,,,,,,,,,,,,,,,,,,3,16,Spring,,2022-01-27,27,2.5
Unbalanced,Unbalanced_Colony07,2022-02-23,7Rep5,8,Reward,Reward,Reward,Reward,Reward,Reward,Previsited,Previsited,Previsited,Reward,Same,Previsited,Previsited,Previsited,Previsited,Previsited,Previsited,Previsited,Reward,,,,,,,,,,,,,,,,,,,,,,,,,,,,,,,,,,,,,,,,,,,Three,,,,,,,,,,,,,,,,,,,,,,,,,,,,,,,,Spring,,2022-01-27,27,2.5
Unbalanced,Unbalanced_Colony07,2022-02-23,7Rep5,8,,O4,R2,R1,R2,R2,R1,L3,R2,R2,S0,R2,R2,R2,L3,O4,O4,R3,L1,,,,,,,,,,,,,,,,,,,,,,,,,,,,,,,,,,,,,,,,,,,Four,,,,,,,,,,,,,,,,,,,,,,,,,,,,,,,,Spring,,2022-01-27,27,2.5
Unbalanced,Unbalanced_Colony07,2022-02-24,7Rep6,1,7,7,5,8,5,3,8,5,3,8,1,2,2,3,8,5,2,8,6,5,5,1,8,6,2,7,4,,,,,,,,,,,,,,,,,,,,,,,,,,,,,,,,,,8,One,27,3,8,16,3,0,1,2,6,9,2,3,5,6,10,0.1923076923,0.2307692308,0.3846153846,0.0769230769,0.1153846154,2,4,4,17,21,0.2,0.8095238095,0.3095238095,0.3095238095,,,Spring,,2022-01-27,28,3.5
Unbalanced,Unbalanced_Colony07,2022-02-24,7Rep6,1,11.693179,11.476716,11.39158,11.293952,11.47286,10.751696,11.695779,11.454564,11.520198,11.275037,11.59118,11.505146,11.585663,11.502859,11.313955,11.141367,10.994237,11.255848,11.4621,5.340624,4.366424,11.778038,9.566273,10.383992,11.069861,10.108215,9.957643,,,,,,,,,,,,,,,,,,,,,,,,,,,,,,,,,,,Two,,,,,,,,,,,,,,,,,,,,,,,,,,,,,,2,25,Spring,,2022-01-27,28,3.5
Unbalanced,Unbalanced_Colony07,2022-02-24,7Rep6,1,Reward,Same,Reward,Reward,Previsited,Reward,Previsited,Previsited,Previsited,Previsited,Reward,Reward,Same,Previsited,Previsited,Previsited,Previsited,Previsited,Reward,Previsited,Same,Previsited,Previsited,Previsited,Previsited,Previsited,Reward,,,,,,,,,,,,,,,,,,,,,,,,,,,,,,,,,,,Three,,,,,,,,,,,,,,,,,,,,,,,,,,,,,,,,Spring,,2022-01-27,28,3.5
Unbalanced,Unbalanced_Colony07,2022-02-24,7Rep6,1,,S0,R2,L3,R3,R2,R3,R3,R2,R3,L1,L1,S0,L1,R3,R3,R3,R2,R2,R1,S0,O4,R1,R2,O4,R3,R3,,,,,,,,,,,,,,,,,,,,,,,,,,,,,,,,,,,Four,,,,,,,,,,,,,,,,,,,,,,,,,,,,,,,,Spring,,2022-01-27,28,3.5
Unbalanced,Unbalanced_Colony07,2022-02-24,7Rep6,2,7,3,7,5,3,8,6,1,5,1,7,4,4,8,1,6,1,6,2,,,,,,,,,,,,,,,,,,,,,,,,,,,,,,,,,,,,,,,,,,8,One,19,1,8,10,1,0,2,0,4,4,6,1,1,4,6,0.0555555556,0.2222222222,0.3333333333,0.3333333333,0.0555555556,3,6,3,8,11,0.6,0.7272727273,0.2272727273,0.2272727273,,,Spring,,2022-01-27,28,3.5
Unbalanced,Unbalanced_Colony07,2022-02-24,7Rep6,2,6.270626,10.892315,11.943092,11.771466,10.029228,11.696246,10.751859,11.156351,11.544454,10.977807,10.823612,11.563838,10.550606,10.256671,11.389697,10.170043,11.308871,10.315852,9.819441,,,,,,,,,,,,,,,,,,,,,,,,,,,,,,,,,,,,,,,,,,,Two,,,,,,,,,,,,,,,,,,,,,,,,,,,,,,1,18,Spring,,2022-01-27,28,3.5
Unbalanced,Unbalanced_Colony07,2022-02-24,7Rep6,2,Reward,Reward,Previsited,Reward,Previsited,Reward,Reward,Reward,Previsited,Previsited,Previsited,Reward,Same,Previsited,Previsited,Previsited,Previsited,Previsited,Reward,,,,,,,,,,,,,,,,,,,,,,,,,,,,,,,,,,,,,,,,,,,Three,,,,,,,,,,,,,,,,,,,,,,,,,,,,,,,,Spring,,2022-01-27,28,3.5
Unbalanced,Unbalanced_Colony07,2022-02-24,7Rep6,2,,O4,O4,R2,R2,R3,R2,L3,O4,O4,R2,R3,S0,O4,L1,R3,L3,R3,O4,,,,,,,,,,,,,,,,,,,,,,,,,,,,,,,,,,,,,,,,,,,Four,,,,,,,,,,,,,,,,,,,,,,,,,,,,,,,,Spring,,2022-01-27,28,3.5
Unbalanced,Unbalanced_Colony07,2022-02-24,7Rep6,3,7,1,2,7,3,4,8,3,6,5,,,,,,,,,,,,,,,,,,,,,,,,,,,,,,,,,,,,,,,,,,,,,,,,,,,8,One,10,0,8,2,2,1,2,1,0,1,2,0,3,1,3,0.3333333333,0.1111111111,0.3333333333,0.2222222222,0,4,3,5,2,7,0.5,0.2857142857,-0.214285714,0.2142857143,,,Spring,,2022-01-27,28,3.5
Unbalanced,Unbalanced_Colony07,2022-02-24,7Rep6,3,10.321935,11.303199,11.380606,11.459515,11.378688,11.570107,11.668665,9.624555,11.729978,11.573661,,,,,,,,,,,,,,,,,,,,,,,,,,,,,,,,,,,,,,,,,,,,,,,,,,,,Two,,,,,,,,,,,,,,,,,,,,,,,,,,,,,,0,10,Spring,,2022-01-27,28,3.5
Unbalanced,Unbalanced_Colony07,2022-02-24,7Rep6,3,Reward,Reward,Reward,Previsited,Reward,Reward,Reward,Previsited,Reward,Reward,,,,,,,,,,,,,,,,,,,,,,,,,,,,,,,,,,,,,,,,,,,,,,,,,,,,Three,,,,,,,,,,,,,,,,,,,,,,,,,,,,,,,,Spring,,2022-01-27,28,3.5
Unbalanced,Unbalanced_Colony07,2022-02-24,7Rep6,3,,L2,L1,R3,O4,L1,O4,L3,L3,R1,,,,,,,,,,,,,,,,,,,,,,,,,,,,,,,,,,,,,,,,,,,,,,,,,,,,Four,,,,,,,,,,,,,,,,,,,,,,,,,,,,,,,,Spring,,2022-01-27,28,3.5
Unbalanced,Unbalanced_Colony07,2022-02-24,7Rep6,4,4,2,8,5,2,8,6,3,8,6,4,1,7,,,,,,,,,,,,,,,,,,,,,,,,,,,,,,,,,,,,,,,,,,,,,,,,8,One,13,0,8,5,0,0,0,0,7,5,0,0,0,7,5,0,0.5833333333,0.4166666667,0,0,5,0,0,12,12,0,1,0.5,0.5,,,Spring,,2022-01-27,28,3.5
Unbalanced,Unbalanced_Colony07,2022-02-24,7Rep6,4,11.007969,9.972295,10.884098,11.509093,10.788346,11.235325,10.905496,10.988474,9.457868,10.991116,11.363054,11.52189,10.373061,,,,,,,,,,,,,,,,,,,,,,,,,,,,,,,,,,,,,,,,,,,,,,,,,Two,,,,,,,,,,,,,,,,,,,,,,,,,,,,,,0,13,Spring,,2022-01-27,28,3.5
Unbalanced,Unbalanced_Colony07,2022-02-24,7Rep6,4,Reward,Reward,Reward,Reward,Previsited,Previsited,Reward,Reward,Previsited,Previsited,Previsited,Reward,Reward,,,,,,,,,,,,,,,,,,,,,,,,,,,,,,,,,,,,,,,,,,,,,,,,,Three,,,,,,,,,,,,,,,,,,,,,,,,,,,,,,,,Spring,,2022-01-27,28,3.5
Unbalanced,Unbalanced_Colony07,2022-02-24,7Rep6,4,,R2,R2,R3,R3,R2,R2,R3,R3,R2,R2,R3,R2,,,,,,,,,,,,,,,,,,,,,,,,,,,,,,,,,,,,,,,,,,,,,,,,,Four,,,,,,,,,,,,,,,,,,,,,,,,,,,,,,,,Spring,,2022-01-27,28,3.5
Unbalanced,Unbalanced_Colony07,2022-02-24,7Rep6,5,7,5,2,7,1,8,4,2,7,4,1,6,3,,,,,,,,,,,,,,,,,,,,,,,,,,,,,,,,,,,,,,,,,,,,,,,,8,One,13,0,8,5,0,1,0,1,2,7,1,0,1,3,7,0.0833333333,0.25,0.5833333333,0.0833333333,0,4,2,1,10,11,0.2,0.9090909091,0.4090909091,0.4090909091,,,Spring,,2022-01-27,28,3.5
Unbalanced,Unbalanced_Colony07,2022-02-24,7Rep6,5,11.357014,11.297058,11.275642,11.242193,11.215582,11.345491,11.15546,10.386394,10.316249,10.253725,10.890203,10.768815,10.362532,,,,,,,,,,,,,,,,,,,,,,,,,,,,,,,,,,,,,,,,,,,,,,,,,Two,,,,,,,,,,,,,,,,,,,,,,,,,,,,,,0,13,Spring,,2022-01-27,28,3.5
Unbalanced,Unbalanced_Colony07,2022-02-24,7Rep6,5,Reward,Reward,Reward,Previsited,Reward,Reward,Reward,Previsited,Previsited,Previsited,Previsited,Reward,Reward,,,,,,,,,,,,,,,,,,,,,,,,,,,,,,,,,,,,,,,,,,,,,,,,,Three,,,,,,,,,,,,,,,,,,,,,,,,,,,,,,,,Spring,,2022-01-27,28,3.5
Unbalanced,Unbalanced_Colony07,2022-02-24,7Rep6,5,,R2,R3,R3,L2,R1,O4,R2,R3,R3,R3,R3,R3,,,,,,,,,,,,,,,,,,,,,,,,,,,,,,,,,,,,,,,,,,,,,,,,,Four,,,,,,,,,,,,,,,,,,,,,,,,,,,,,,,,Spring,,2022-01-27,28,3.5
Unbalanced,Unbalanced_Colony07,2022-02-24,7Rep6,6,7,5,8,4,2,7,5,3,8,5,2,7,1,6,,,,,,,,,,,,,,,,,,,,,,,,,,,,,,,,,,,,,,,,,,,,,,,8,One,14,0,8,6,0,1,1,0,4,6,1,0,0,5,7,0,0.3846153846,0.5384615385,0.0769230769,0,6,4,2,10,12,0.3636363636,0.8333333333,0.3333333333,0.3333333333,,,Spring,,2022-01-27,28,3.5
Unbalanced,Unbalanced_Colony07,2022-02-24,7Rep6,6,10.350505,10.213954,10.076752,11.140458,11.458052,10.861796,10.1213,10.618891,10.881465,9.131528,10.26558,10.773068,11.630666,10.073038,,,,,,,,,,,,,,,,,,,,,,,,,,,,,,,,,,,,,,,,,,,,,,,,Two,,,,,,,,,,,,,,,,,,,,,,,,,,,,,,0,14,Spring,,2022-01-27,28,3.5
Unbalanced,Unbalanced_Colony07,2022-02-24,7Rep6,6,Reward,Reward,Reward,Reward,Reward,Previsited,Previsited,Reward,Previsited,Previsited,Previsited,Previsited,Reward,Reward,,,,,,,,,,,,,,,,,,,,,,,,,,,,,,,,,,,,,,,,,,,,,,,,Three,,,,,,,,,,,,,,,,,,,,,,,,,,,,,,,,Spring,,2022-01-27,28,3.5
Unbalanced,Unbalanced_Colony07,2022-02-24,7Rep6,6,,R2,L3,O4,R2,R3,R2,R2,R3,R3,R3,R3,L2,R3,,,,,,,,,,,,,,,,,,,,,,,,,,,,,,,,,,,,,,,,,,,,,,,,Four,,,,,,,,,,,,,,,,,,,,,,,,,,,,,,,,Spring,,2022-01-27,28,3.5
Unbalanced,Unbalanced_Colony07,2022-02-24,7Rep6,7,4,3,2,8,6,4,2,8,6,4,2,8,6,3,1,7,5,,,,,,,,,,,,,,,,,,,,,,,,,,,,,,,,,,,,,,,,,,,,8,One,17,0,8,9,0,0,0,2,13,1,0,0,2,13,1,0.125,0.8125,0.0625,0,0,6,0,0,16,16,0,1,0.5,0.5,,,Spring,,2022-01-27,28,3.5
Unbalanced,Unbalanced_Colony07,2022-02-24,7Rep6,7,11.493077,11.06352,11.542579,11.513987,11.452317,10.44499,10.268751,10.761988,11.240407,10.07683,9.384024,10.321519,11.176879,10.527357,11.340955,11.672006,10.016528,,,,,,,,,,,,,,,,,,,,,,,,,,,,,,,,,,,,,,,,,,,,,Two,,,,,,,,,,,,,,,,,,,,,,,,,,,,,,0,17,Spring,,2022-01-27,28,3.5
Unbalanced,Unbalanced_Colony07,2022-02-24,7Rep6,7,Reward,Reward,Reward,Reward,Reward,Previsited,Previsited,Previsited,Previsited,Previsited,Previsited,Previsited,Previsited,Previsited,Reward,Reward,Reward,,,,,,,,,,,,,,,,,,,,,,,,,,,,,,,,,,,,,,,,,,,,,Three,,,,,,,,,,,,,,,,,,,,,,,,,,,,,,,,Spring,,2022-01-27,28,3.5
Unbalanced,Unbalanced_Colony07,2022-02-24,7Rep6,7,,R1,R1,R2,R2,R2,R2,R2,R2,R2,R2,R2,R2,R3,R2,R2,R2,,,,,,,,,,,,,,,,,,,,,,,,,,,,,,,,,,,,,,,,,,,,,Four,,,,,,,,,,,,,,,,,,,,,,,,,,,,,,,,Spring,,2022-01-27,28,3.5
Unbalanced,Unbalanced_Colony07,2022-02-24,7Rep6,8,7,5,1,7,4,3,1,6,4,2,8,,,,,,,,,,,,,,,,,,,,,,,,,,,,,,,,,,,,,,,,,,,,,,,,,,8,One,11,0,8,3,0,0,0,1,6,2,1,0,1,6,2,0.1,0.6,0.2,0.1,0,4,0,0,9,9,0,1,0.5,0.5,,,Spring,,2022-01-27,28,3.5
Unbalanced,Unbalanced_Colony07,2022-02-24,7Rep6,8,11.546631,10.694471,10.985298,10.322086,10.749085,10.751714,11.100159,11.906821,10.365466,10.18257,10.525394,,,,,,,,,,,,,,,,,,,,,,,,,,,,,,,,,,,,,,,,,,,,,,,,,,,Two,,,,,,,,,,,,,,,,,,,,,,,,,,,,,,0,11,Spring,,2022-01-27,28,3.5
Unbalanced,Unbalanced_Colony07,2022-02-24,7Rep6,8,Reward,Reward,Reward,Previsited,Reward,Reward,Previsited,Reward,Previsited,Reward,Reward,,,,,,,,,,,,,,,,,,,,,,,,,,,,,,,,,,,,,,,,,,,,,,,,,,,Three,,,,,,,,,,,,,,,,,,,,,,,,,,,,,,,,Spring,,2022-01-27,28,3.5
Unbalanced,Unbalanced_Colony07,2022-02-24,7Rep6,8,,R2,O4,R2,R3,R1,R2,R3,R2,R2,R2,,,,,,,,,,,,,,,,,,,,,,,,,,,,,,,,,,,,,,,,,,,,,,,,,,,Four,,,,,,,,,,,,,,,,,,,,,,,,,,,,,,,,Spring,,2022-01-27,28,3.5
Unbalanced,Unbalanced_Colony08,2022-04-12,8Rep1,1,7,3,6,1,5,3,2,7,1,3,2,4,7,4,5,6,5,4,7,3,1,6,8,,,,,,,,,,,,,,,,,,,,,,,,,,,,,,,,,,,,,,8,One,23,0,8,15,2,4,4,4,2,3,3,0,6,6,7,0.2727272727,0.2727272727,0.3181818182,0.1363636364,0,6,10,10,9,19,0.5555555556,0.4736842105,-0.026315789,0.0263157895,,,Spring,,2022-03-10,33,-3.333333333
Unbalanced,Unbalanced_Colony08,2022-04-12,8Rep1,1,11.811488,11.211358,11.577096,11.771002,9.931005,11.298024,11.463392,9.815073,9.627006,10.47248,9.895119,10.264574,10.198408,9.893326,9.940677,9.498486,9.699624,11.362299,6.268791,11.378893,11.379373,9.363041,10.563844,,,,,,,,,,,,,,,,,,,,,,,,,,,,,,,,,,,,,,,Two,,,,,,,,,,,,,,,,,,,,,,,,,,,,,,1,22,Spring,,2022-03-10,33,-3.333333333
Unbalanced,Unbalanced_Colony08,2022-04-12,8Rep1,1,Reward,Reward,Reward,Reward,Reward,Previsited,Reward,Previsited,Previsited,Previsited,Previsited,Reward,Previsited,Previsited,Previsited,Previsited,Previsited,Previsited,Previsited,Previsited,Previsited,Previsited,Reward,,,,,,,,,,,,,,,,,,,,,,,,,,,,,,,,,,,,,,,Three,,,,,,,,,,,,,,,,,,,,,,,,,,,,,,,,Spring,,2022-03-10,33,-3.333333333
Unbalanced,Unbalanced_Colony08,2022-04-12,8Rep1,1,,O4,L3,L3,O4,R2,R1,R3,L2,L2,R1,L2,L3,R3,L1,L1,R1,R1,L3,O4,R2,R3,L2,,,,,,,,,,,,,,,,,,,,,,,,,,,,,,,,,,,,,,,Four,,,,,,,,,,,,,,,,,,,,,,,,,,,,,,,,Spring,,2022-03-10,33,-3.333333333
Unbalanced,Unbalanced_Colony08,2022-04-12,8Rep1,2,6,2,7,5,3,7,7,2,5,4,4,3,2,1,3,8,7,3,6,3,4,5,2,6,3,7,1,8,,,,,,,,,,,,,,,,,,,,,,,,,,,,,,,,,8,One,28,2,8,18,2,2,3,6,2,5,5,2,8,4,8,0.2962962963,0.1481481481,0.2962962963,0.1851851852,0.0740740741,6,10,7,13,20,0.5263157895,0.65,0.15,0.15,,,Spring,,2022-03-10,33,-3.333333333
Unbalanced,Unbalanced_Colony08,2022-04-12,8Rep1,2,10.267897,7.266994,9.072507,10.075592,11.618173,4.350144,11.142207,11.65638,11.57361,10.67747,10.941097,11.582231,11.7337,11.214973,10.402128,4.738878,11.547644,11.571101,11.696246,11.470617,10.288493,10.108215,9.788126,11.748476,11.41481,9.746615,10.974682,10.013317,,,,,,,,,,,,,,,,,,,,,,,,,,,,,,,,,,Two,,,,,,,,,,,,,,,,,,,,,,,,,,,,,,3,25,Spring,,2022-03-10,33,-3.333333333
Unbalanced,Unbalanced_Colony08,2022-04-12,8Rep1,2,Reward,Reward,Reward,Reward,Reward,Previsited,Same,Previsited,Previsited,Reward,Same,Previsited,Previsited,Reward,Previsited,Reward,Previsited,Previsited,Previsited,Previsited,Previsited,Previsited,Previsited,Previsited,Previsited,Previsited,Previsited,Previsited,,,,,,,,,,,,,,,,,,,,,,,,,,,,,,,,,,Three,,,,,,,,,,,,,,,,,,,,,,,,,,,,,,,,Spring,,2022-03-10,33,-3.333333333
Unbalanced,Unbalanced_Colony08,2022-04-12,8Rep1,2,,O4,R3,R2,R2,O4,S0,L3,L3,R1,S0,R1,R1,R1,L2,R3,R1,O4,L3,R3,L1,L1,R3,O4,R3,O4,L2,R1,,,,,,,,,,,,,,,,,,,,,,,,,,,,,,,,,,Four,,,,,,,,,,,,,,,,,,,,,,,,,,,,,,,,Spring,,2022-03-10,33,-3.333333333
Unbalanced,Unbalanced_Colony08,2022-04-12,8Rep1,3,6,4,7,8,1,7,3,8,3,7,8,2,1,7,5,,,,,,,,,,,,,,,,,,,,,,,,,,,,,,,,,,,,,,,,,,,,,,8,One,15,0,8,7,3,1,2,1,4,1,2,0,4,5,3,0.2857142857,0.3571428571,0.2142857143,0.1428571429,0,6,4,6,6,12,0.3636363636,0.5,0,0,,,Spring,,2022-03-10,33,-3.333333333
Unbalanced,Unbalanced_Colony08,2022-04-12,8Rep1,3,10.998899,11.196622,11.840234,10.95856,11.796196,11.130532,11.222219,10.802502,10.073347,9.015607,11.906346,11.353598,11.893504,11.511142,9.536007,,,,,,,,,,,,,,,,,,,,,,,,,,,,,,,,,,,,,,,,,,,,,,,Two,,,,,,,,,,,,,,,,,,,,,,,,,,,,,,0,15,Spring,,2022-03-10,33,-3.333333333
Unbalanced,Unbalanced_Colony08,2022-04-12,8Rep1,3,Reward,Reward,Reward,Reward,Reward,Previsited,Reward,Previsited,Previsited,Previsited,Previsited,Reward,Previsited,Previsited,Reward,,,,,,,,,,,,,,,,,,,,,,,,,,,,,,,,,,,,,,,,,,,,,,,Three,,,,,,,,,,,,,,,,,,,,,,,,,,,,,,,,Spring,,2022-03-10,33,-3.333333333
Unbalanced,Unbalanced_Colony08,2022-04-12,8Rep1,3,,R2,L3,L1,L1,R2,O4,R3,L3,O4,L1,L2,R1,R2,R2,,,,,,,,,,,,,,,,,,,,,,,,,,,,,,,,,,,,,,,,,,,,,,,Four,,,,,,,,,,,,,,,,,,,,,,,,,,,,,,,,Spring,,2022-03-10,33,-3.333333333
Unbalanced,Unbalanced_Colony08,2022-04-12,8Rep1,4,7,5,3,1,3,7,6,5,4,3,2,2,1,8,,,,,,,,,,,,,,,,,,,,,,,,,,,,,,,,,,,,,,,,,,,,,,,8,One,14,1,8,5,0,1,0,7,3,0,1,1,7,4,0,0.5384615385,0.3076923077,0,0.0769230769,0.0769230769,5,2,1,10,11,0.2,0.9090909091,0.4090909091,0.4090909091,,,Spring,,2022-03-10,33,-3.333333333
Unbalanced,Unbalanced_Colony08,2022-04-12,8Rep1,4,11.757266,10.985298,9.846421,11.156002,6.94206,9.185355,11.633766,9.458425,11.581742,6.837606,11.51546,10.16126,11.494858,10.185728,,,,,,,,,,,,,,,,,,,,,,,,,,,,,,,,,,,,,,,,,,,,,,,,Two,,,,,,,,,,,,,,,,,,,,,,,,,,,,,,2,12,Spring,,2022-03-10,33,-3.333333333
Unbalanced,Unbalanced_Colony08,2022-04-12,8Rep1,4,Reward,Reward,Reward,Reward,Previsited,Previsited,Reward,Previsited,Reward,Previsited,Reward,Same,Previsited,Reward,,,,,,,,,,,,,,,,,,,,,,,,,,,,,,,,,,,,,,,,,,,,,,,,Three,,,,,,,,,,,,,,,,,,,,,,,,,,,,,,,,Spring,,2022-03-10,33,-3.333333333
Unbalanced,Unbalanced_Colony08,2022-04-12,8Rep1,4,,R2,R2,R2,L2,O4,R1,R1,R1,R1,R1,S0,R1,R1,,,,,,,,,,,,,,,,,,,,,,,,,,,,,,,,,,,,,,,,,,,,,,,,Four,,,,,,,,,,,,,,,,,,,,,,,,,,,,,,,,Spring,,2022-03-10,33,-3.333333333
Unbalanced,Unbalanced_Colony08,2022-04-12,8Rep1,5,2,7,6,5,2,7,6,4,5,3,6,3,2,8,3,8,1,,,,,,,,,,,,,,,,,,,,,,,,,,,,,,,,,,,,,,,,,,,,8,One,17,0,8,9,2,0,2,4,3,5,0,0,6,3,7,0.375,0.1875,0.4375,0,0,5,7,4,12,16,0.4666666667,0.75,0.25,0.25,,,Spring,,2022-03-10,33,-3.333333333
Unbalanced,Unbalanced_Colony08,2022-04-12,8Rep1,5,10.549626,11.540282,9.388758,10.417726,5.006269,7.478503,11.380469,10.391648,11.216937,11.55183,9.864498,9.750934,10.781225,11.396011,11.65531,9.761843,10.123592,,,,,,,,,,,,,,,,,,,,,,,,,,,,,,,,,,,,,,,,,,,,,Two,,,,,,,,,,,,,,,,,,,,,,,,,,,,,,2,15,Spring,,2022-03-10,33,-3.333333333
Unbalanced,Unbalanced_Colony08,2022-04-12,8Rep1,5,Reward,Reward,Reward,Reward,Previsited,Previsited,Previsited,Reward,Previsited,Reward,Previsited,Previsited,Previsited,Reward,Previsited,Previsited,Reward,,,,,,,,,,,,,,,,,,,,,,,,,,,,,,,,,,,,,,,,,,,,,Three,,,,,,,,,,,,,,,,,,,,,,,,,,,,,,,,Spring,,2022-03-10,33,-3.333333333
Unbalanced,Unbalanced_Colony08,2022-04-12,8Rep1,5,,R3,R1,R1,R3,R3,R1,R2,L1,R2,L3,R3,R1,R2,L3,R3,L1,,,,,,,,,,,,,,,,,,,,,,,,,,,,,,,,,,,,,,,,,,,,,Four,,,,,,,,,,,,,,,,,,,,,,,,,,,,,,,,Spring,,2022-03-10,33,-3.333333333
Unbalanced,Unbalanced_Colony08,2022-04-12,8Rep1,6,4,1,5,6,1,3,4,1,3,8,3,1,2,3,6,5,4,4,3,8,2,3,1,7,,,,,,,,,,,,,,,,,,,,,,,,,,,,,,,,,,,,,8,One,24,1,8,15,5,3,3,3,3,4,1,1,8,6,7,0.347826087,0.2608695652,0.3043478261,0.0434782609,0.0434782609,5,10,11,10,21,0.5,0.4761904762,-0.023809524,0.0238095238,,,Spring,,2022-03-10,33,-3.333333333
Unbalanced,Unbalanced_Colony08,2022-04-12,8Rep1,6,10.330693,11.076198,11.129902,11.492687,8.57895,11.545754,6.213667,10.500325,8.047728,10.655705,8.79796,9.020254,11.029675,8.359518,9.228376,6.851817,4.35216,6.203495,10.923088,10.270934,11.650693,9.552326,9.155426,10.01754,,,,,,,,,,,,,,,,,,,,,,,,,,,,,,,,,,,,,,Two,,,,,,,,,,,,,,,,,,,,,,,,,,,,,,8,16,Spring,,2022-03-10,33,-3.333333333
Unbalanced,Unbalanced_Colony08,2022-04-12,8Rep1,6,Reward,Reward,Reward,Reward,Previsited,Reward,Previsited,Previsited,Previsited,Reward,Previsited,Previsited,Reward,Previsited,Previsited,Previsited,Previsited,Same,Previsited,Previsited,Previsited,Previsited,Previsited,Reward,,,,,,,,,,,,,,,,,,,,,,,,,,,,,,,,,,,,,,Three,,,,,,,,,,,,,,,,,,,,,,,,,,,,,,,,Spring,,2022-03-10,33,-3.333333333
Unbalanced,Unbalanced_Colony08,2022-04-12,8Rep1,6,,R3,O4,L1,L3,L2,L1,R3,L2,R3,L3,R2,L1,L1,L3,R1,R1,S0,R1,R3,L2,L1,R2,R2,,,,,,,,,,,,,,,,,,,,,,,,,,,,,,,,,,,,,,Four,,,,,,,,,,,,,,,,,,,,,,,,,,,,,,,,Spring,,2022-03-10,33,-3.333333333
Unbalanced,Unbalanced_Colony08,2022-04-12,8Rep1,7,5,1,6,3,4,2,3,5,6,8,1,2,4,2,7,,,,,,,,,,,,,,,,,,,,,,,,,,,,,,,,,,,,,,,,,,,,,,8,One,15,0,8,7,5,3,0,0,2,3,1,0,5,5,3,0.3571428571,0.3571428571,0.2142857143,0.0714285714,0,7,4,8,5,13,0.3333333333,0.3846153846,-0.115384615,0.1153846154,,,Spring,,2022-03-10,33,-3.333333333
Unbalanced,Unbalanced_Colony08,2022-04-12,8Rep1,7,11.020446,10.459312,10.624452,10.153047,11.155792,10.612593,10.397949,11.191589,10.741103,11.106602,11.566787,11.761924,10.062893,9.65305,10.345174,,,,,,,,,,,,,,,,,,,,,,,,,,,,,,,,,,,,,,,,,,,,,,,Two,,,,,,,,,,,,,,,,,,,,,,,,,,,,,,0,15,Spring,,2022-03-10,33,-3.333333333
Unbalanced,Unbalanced_Colony08,2022-04-12,8Rep1,7,Reward,Reward,Reward,Reward,Reward,Reward,Previsited,Previsited,Previsited,Reward,Previsited,Previsited,Previsited,Previsited,Reward,,,,,,,,,,,,,,,,,,,,,,,,,,,,,,,,,,,,,,,,,,,,,,,Three,,,,,,,,,,,,,,,,,,,,,,,,,,,,,,,,Spring,,2022-03-10,33,-3.333333333
Unbalanced,Unbalanced_Colony08,2022-04-12,8Rep1,7,,O4,R3,R3,L1,R2,L1,L2,L1,L2,L1,L1,L2,R2,R3,,,,,,,,,,,,,,,,,,,,,,,,,,,,,,,,,,,,,,,,,,,,,,,Four,,,,,,,,,,,,,,,,,,,,,,,,,,,,,,,,Spring,,2022-03-10,33,-3.333333333
Unbalanced,Unbalanced_Colony08,2022-04-12,8Rep1,8,1,8,8,6,4,5,6,3,5,8,5,7,2,1,,,,,,,,,,,,,,,,,,,,,,,,,,,,,,,,,,,,,,,,,,,,,,,8,One,14,1,8,5,2,2,2,2,2,2,0,1,4,4,4,0.3076923077,0.3076923077,0.3076923077,0,0.0769230769,3,6,6,6,12,0.5454545455,0.5,0,0,,,Spring,,2022-03-10,33,-3.333333333
Unbalanced,Unbalanced_Colony08,2022-04-12,8Rep1,8,5.119157,5.847615,10.476239,10.170809,10.704673,11.342604,7.930614,10.163198,7.706786,11.360086,10.249161,11.574352,9.951377,9.967113,,,,,,,,,,,,,,,,,,,,,,,,,,,,,,,,,,,,,,,,,,,,,,,,Two,,,,,,,,,,,,,,,,,,,,,,,,,,,,,,4,10,Spring,,2022-03-10,33,-3.333333333
Unbalanced,Unbalanced_Colony08,2022-04-12,8Rep1,8,Reward,Reward,Same,Reward,Reward,Reward,Previsited,Reward,Previsited,Previsited,Previsited,Reward,Reward,Previsited,,,,,,,,,,,,,,,,,,,,,,,,,,,,,,,,,,,,,,,,,,,,,,,,Three,,,,,,,,,,,,,,,,,,,,,,,,,,,,,,,,Spring,,2022-03-10,33,-3.333333333
Unbalanced,Unbalanced_Colony08,2022-04-12,8Rep1,8,,R1,S0,R2,R2,L1,L1,R3,L2,L3,R3,L2,L3,R1,,,,,,,,,,,,,,,,,,,,,,,,,,,,,,,,,,,,,,,,,,,,,,,,Four,,,,,,,,,,,,,,,,,,,,,,,,,,,,,,,,Spring,,2022-03-10,33,-3.333333333
Unbalanced,Unbalanced_Colony08,2022-04-13,8Rep2,1,1,8,1,1,2,3,5,5,3,4,5,6,7,8,5,3,6,2,3,7,2,4,6,2,3,5,6,3,5,6,2,5,1,,,,,,,,,,,,,,,,,,,,,,,,,,,,8,One,33,2,8,23,12,5,3,1,2,2,5,2,13,7,5,0.40625,0.21875,0.15625,0.15625,0.0625,3,7,20,5,25,0.2916666667,0.2,-0.3,0.3,,,Spring,,2022-03-10,34,-2.333333333
Unbalanced,Unbalanced_Colony08,2022-04-13,8Rep2,1,6.163618,6.624908,4.345705,5.213071,11.255848,10.359823,11.395412,7.999017,11.398422,11.534183,8.307427,11.629744,11.350971,11.096558,6.227611,8.758813,10.624103,11.314782,11.436443,11.257216,7.503067,10.97818,9.880215,11.590171,11.425478,11.586336,10.151223,9.00834,4.470842,10.594633,11.473013,5.734042,9.837865,,,,,,,,,,,,,,,,,,,,,,,,,,,,,Two,,,,,,,,,,,,,,,,,,,,,,,,,,,,,,11,22,Spring,,2022-03-10,34,-2.333333333
Unbalanced,Unbalanced_Colony08,2022-04-13,8Rep2,1,Reward,Reward,Previsited,Same,Reward,Reward,Reward,Same,Previsited,Reward,Previsited,Reward,Reward,Previsited,Previsited,Previsited,Previsited,Previsited,Previsited,Previsited,Previsited,Previsited,Previsited,Previsited,Previsited,Previsited,Previsited,Previsited,Previsited,Previsited,Previsited,Previsited,Previsited,,,,,,,,,,,,,,,,,,,,,,,,,,,,,Three,,,,,,,,,,,,,,,,,,,,,,,,,,,,,,,,Spring,,2022-03-10,34,-2.333333333
Unbalanced,Unbalanced_Colony08,2022-04-13,8Rep2,1,,R1,L1,S0,L1,L1,L2,S0,R2,L1,L1,L1,L1,L1,R3,R2,L3,O4,L1,O4,L3,L2,L2,O4,L1,L2,L1,R3,L2,L1,O4,L3,O4,,,,,,,,,,,,,,,,,,,,,,,,,,,,,Four,,,,,,,,,,,,,,,,,,,,,,,,,,,,,,,,Spring,,2022-03-10,34,-2.333333333
Unbalanced,Unbalanced_Colony08,2022-04-13,8Rep2,2,1,3,1,2,7,8,7,1,5,8,3,6,3,7,8,8,5,8,4,,,,,,,,,,,,,,,,,,,,,,,,,,,,,,,,,,,,,,,,,,8,One,19,1,8,10,3,2,4,1,1,3,3,1,4,3,7,0.2222222222,0.1666666667,0.3888888889,0.1666666667,0.0555555556,3,10,9,5,14,0.7692307692,0.3571428571,-0.142857143,0.1428571429,,,Spring,,2022-03-10,34,-2.333333333
Unbalanced,Unbalanced_Colony08,2022-04-13,8Rep2,2,11.594594,11.34025,4.609433,11.281104,11.588405,11.81053,10.000558,11.481301,11.700328,11.789551,10.960552,11.649338,10.052679,10.205917,11.45327,9.634495,10.061052,8.480593,9.932261,,,,,,,,,,,,,,,,,,,,,,,,,,,,,,,,,,,,,,,,,,,Two,,,,,,,,,,,,,,,,,,,,,,,,,,,,,,2,17,Spring,,2022-03-10,34,-2.333333333
Unbalanced,Unbalanced_Colony08,2022-04-13,8Rep2,2,Reward,Reward,Previsited,Reward,Reward,Reward,Previsited,Previsited,Reward,Previsited,Previsited,Reward,Previsited,Previsited,Previsited,Same,Previsited,Previsited,Reward,,,,,,,,,,,,,,,,,,,,,,,,,,,,,,,,,,,,,,,,,,,Three,,,,,,,,,,,,,,,,,,,,,,,,,,,,,,,,Spring,,2022-03-10,34,-2.333333333
Unbalanced,Unbalanced_Colony08,2022-04-13,8Rep2,2,,L2,R2,L1,R3,L1,R1,L2,O4,L3,L3,L3,R3,O4,L1,S0,R3,L3,O4,,,,,,,,,,,,,,,,,,,,,,,,,,,,,,,,,,,,,,,,,,,Four,,,,,,,,,,,,,,,,,,,,,,,,,,,,,,,,Spring,,2022-03-10,34,-2.333333333
Unbalanced,Unbalanced_Colony08,2022-04-13,8Rep2,3,2,7,3,8,6,2,7,2,7,4,5,3,6,7,4,6,3,6,2,5,6,2,4,2,5,3,5,8,1,,,,,,,,,,,,,,,,,,,,,,,,,,,,,,,,8,One,29,0,8,21,4,3,6,0,4,7,4,0,4,7,13,0.1428571429,0.25,0.4642857143,0.1428571429,0,6,13,13,11,24,0.5652173913,0.4583333333,-0.041666667,0.0416666667,,,Spring,,2022-03-10,34,-2.333333333
Unbalanced,Unbalanced_Colony08,2022-04-13,8Rep2,3,11.257839,11.449338,11.043681,10.623075,10.292433,9.606635,8.949464,6.682037,11.145566,11.254601,10.932988,10.504093,11.945916,8.315682,11.11076,11.076814,10.626304,9.963534,10.74328,11.327093,8.694124,10.447602,9.855919,5.381021,10.251595,10.736529,11.378893,10.860432,10.177381,,,,,,,,,,,,,,,,,,,,,,,,,,,,,,,,,Two,,,,,,,,,,,,,,,,,,,,,,,,,,,,,,5,24,Spring,,2022-03-10,34,-2.333333333
Unbalanced,Unbalanced_Colony08,2022-04-13,8Rep2,3,Reward,Reward,Reward,Reward,Reward,Previsited,Previsited,Previsited,Previsited,Reward,Reward,Previsited,Previsited,Previsited,Previsited,Previsited,Previsited,Previsited,Previsited,Previsited,Previsited,Previsited,Previsited,Previsited,Previsited,Previsited,Previsited,Previsited,Reward,,,,,,,,,,,,,,,,,,,,,,,,,,,,,,,,,Three,,,,,,,,,,,,,,,,,,,,,,,,,,,,,,,,Spring,,2022-03-10,34,-2.333333333
Unbalanced,Unbalanced_Colony08,2022-04-13,8Rep2,3,,R3,O4,R3,R2,O4,R3,L3,R3,R3,L1,R2,L3,L1,R3,L2,R3,L3,O4,L3,L1,O4,L2,R2,L3,R2,L2,L3,L1,,,,,,,,,,,,,,,,,,,,,,,,,,,,,,,,,Four,,,,,,,,,,,,,,,,,,,,,,,,,,,,,,,,Spring,,2022-03-10,34,-2.333333333
Unbalanced,Unbalanced_Colony08,2022-04-13,8Rep2,4,1,8,6,8,2,4,7,8,4,5,3,5,1,,,,,,,,,,,,,,,,,,,,,,,,,,,,,,,,,,,,,,,,,,,,,,,,8,One,13,0,8,5,2,4,1,1,2,0,2,0,3,6,1,0.25,0.5,0.0833333333,0.1666666667,0,4,3,7,3,10,0.3333333333,0.3,-0.2,0.2,,,Spring,,2022-03-10,34,-2.333333333
Unbalanced,Unbalanced_Colony08,2022-04-13,8Rep2,4,4.517382,6.134867,11.577096,10.995071,10.822657,9.635567,9.476481,11.100984,9.815946,11.422748,11.141472,10.22963,10.023687,,,,,,,,,,,,,,,,,,,,,,,,,,,,,,,,,,,,,,,,,,,,,,,,,Two,,,,,,,,,,,,,,,,,,,,,,,,,,,,,,2,11,Spring,,2022-03-10,34,-2.333333333
Unbalanced,Unbalanced_Colony08,2022-04-13,8Rep2,4,Reward,Reward,Reward,Previsited,Reward,Reward,Reward,Previsited,Previsited,Reward,Reward,Previsited,Previsited,,,,,,,,,,,,,,,,,,,,,,,,,,,,,,,,,,,,,,,,,,,,,,,,,Three,,,,,,,,,,,,,,,,,,,,,,,,,,,,,,,,Spring,,2022-03-10,34,-2.333333333
Unbalanced,Unbalanced_Colony08,2022-04-13,8Rep2,4,,R1,R2,L2,L2,L2,L3,L1,O4,L1,R2,L2,O4,,,,,,,,,,,,,,,,,,,,,,,,,,,,,,,,,,,,,,,,,,,,,,,,,Four,,,,,,,,,,,,,,,,,,,,,,,,,,,,,,,,Spring,,2022-03-10,34,-2.333333333
Unbalanced,Unbalanced_Colony08,2022-04-13,8Rep2,5,3,5,6,8,1,2,3,4,6,7,,,,,,,,,,,,,,,,,,,,,,,,,,,,,,,,,,,,,,,,,,,,,,,,,,,8,One,10,0,8,2,6,3,0,0,0,0,0,0,6,3,0,0.6666666667,0.3333333333,0,0,0,7,0,9,0,9,0,0,-0.5,0.5,,,Spring,,2022-03-10,34,-2.333333333
Unbalanced,Unbalanced_Colony08,2022-04-13,8Rep2,5,11.39483,9.675861,10.663934,11.422799,11.001858,10.842846,11.323874,11.353186,10.296125,9.997888,,,,,,,,,,,,,,,,,,,,,,,,,,,,,,,,,,,,,,,,,,,,,,,,,,,,Two,,,,,,,,,,,,,,,,,,,,,,,,,,,,,,0,10,Spring,,2022-03-10,34,-2.333333333
Unbalanced,Unbalanced_Colony08,2022-04-13,8Rep2,5,Reward,Reward,Reward,Reward,Reward,Reward,Previsited,Reward,Previsited,Reward,,,,,,,,,,,,,,,,,,,,,,,,,,,,,,,,,,,,,,,,,,,,,,,,,,,,Three,,,,,,,,,,,,,,,,,,,,,,,,,,,,,,,,Spring,,2022-03-10,34,-2.333333333
Unbalanced,Unbalanced_Colony08,2022-04-13,8Rep2,5,,L2,L1,L2,L1,L1,L1,L1,L2,L1,,,,,,,,,,,,,,,,,,,,,,,,,,,,,,,,,,,,,,,,,,,,,,,,,,,,Four,,,,,,,,,,,,,,,,,,,,,,,,,,,,,,,,Spring,,2022-03-10,34,-2.333333333
Unbalanced,Unbalanced_Colony08,2022-04-13,8Rep2,6,2,3,4,5,6,7,8,1,,,,,,,,,,,,,,,,,,,,,,,,,,,,,,,,,,,,,,,,,,,,,,,,,,,,,8,One,8,0,8,0,7,0,0,0,0,0,0,0,7,0,0,1,0,0,0,0,8,0,7,0,7,0,0,-0.5,0.5,,,Spring,,2022-03-10,34,-2.333333333
Unbalanced,Unbalanced_Colony08,2022-04-13,8Rep2,6,10.880444,10.205707,11.274622,11.05929,10.07536,10.976067,11.018146,10.507452,,,,,,,,,,,,,,,,,,,,,,,,,,,,,,,,,,,,,,,,,,,,,,,,,,,,,,Two,,,,,,,,,,,,,,,,,,,,,,,,,,,,,,0,8,Spring,,2022-03-10,34,-2.333333333
Unbalanced,Unbalanced_Colony08,2022-04-13,8Rep2,6,Reward,Reward,Reward,Reward,Reward,Reward,Reward,Reward,,,,,,,,,,,,,,,,,,,,,,,,,,,,,,,,,,,,,,,,,,,,,,,,,,,,,,Three,,,,,,,,,,,,,,,,,,,,,,,,,,,,,,,,Spring,,2022-03-10,34,-2.333333333
Unbalanced,Unbalanced_Colony08,2022-04-13,8Rep2,6,,L1,L1,L1,L1,L1,L1,L1,,,,,,,,,,,,,,,,,,,,,,,,,,,,,,,,,,,,,,,,,,,,,,,,,,,,,,Four,,,,,,,,,,,,,,,,,,,,,,,,,,,,,,,,Spring,,2022-03-10,34,-2.333333333
Unbalanced,Unbalanced_Colony08,2022-04-13,8Rep2,7,7,5,3,6,5,8,7,1,4,5,3,5,6,7,4,5,2,,,,,,,,,,,,,,,,,,,,,,,,,,,,,,,,,,,,,,,,,,,,8,One,17,0,8,9,4,2,3,2,3,2,0,0,6,5,5,0.375,0.3125,0.3125,0,0,5,10,9,7,16,0.6666666667,0.4375,-0.0625,0.0625,,,Spring,,2022-03-10,34,-2.333333333
Unbalanced,Unbalanced_Colony08,2022-04-13,8Rep2,7,11.624614,10.094456,10.860988,10.881877,9.583496,11.715911,11.733717,11.420871,10.899489,8.237752,10.834754,10.880802,10.609507,10.059928,10.931418,8.170203,9.787389,,,,,,,,,,,,,,,,,,,,,,,,,,,,,,,,,,,,,,,,,,,,,Two,,,,,,,,,,,,,,,,,,,,,,,,,,,,,,2,15,Spring,,2022-03-10,34,-2.333333333
Unbalanced,Unbalanced_Colony08,2022-04-13,8Rep2,7,Reward,Reward,Reward,Reward,Previsited,Reward,Previsited,Reward,Reward,Previsited,Previsited,Previsited,Previsited,Previsited,Previsited,Previsited,Reward,,,,,,,,,,,,,,,,,,,,,,,,,,,,,,,,,,,,,,,,,,,,,Three,,,,,,,,,,,,,,,,,,,,,,,,,,,,,,,,Spring,,2022-03-10,34,-2.333333333
Unbalanced,Unbalanced_Colony08,2022-04-13,8Rep2,7,,R2,R2,L3,R1,L3,R1,L2,L3,L1,R2,L2,L1,L1,R3,L1,R3,,,,,,,,,,,,,,,,,,,,,,,,,,,,,,,,,,,,,,,,,,,,,Four,,,,,,,,,,,,,,,,,,,,,,,,,,,,,,,,Spring,,2022-03-10,34,-2.333333333
Unbalanced,Unbalanced_Colony08,2022-04-13,8Rep2,8,5,6,8,1,4,3,2,4,7,,,,,,,,,,,,,,,,,,,,,,,,,,,,,,,,,,,,,,,,,,,,,,,,,,,,8,One,9,0,8,1,2,2,2,2,0,0,0,0,4,2,2,0.5,0.25,0.25,0,0,8,2,6,2,8,0.2857142857,0.25,-0.25,0.25,,,Spring,,2022-03-10,34,-2.333333333
Unbalanced,Unbalanced_Colony08,2022-04-13,8Rep2,8,11.366913,10.390485,10.532336,10.612593,9.932261,10.013959,10.462834,11.138935,10.274748,,,,,,,,,,,,,,,,,,,,,,,,,,,,,,,,,,,,,,,,,,,,,,,,,,,,,Two,,,,,,,,,,,,,,,,,,,,,,,,,,,,,,0,9,Spring,,2022-03-10,34,-2.333333333
Unbalanced,Unbalanced_Colony08,2022-04-13,8Rep2,8,Reward,Reward,Reward,Reward,Reward,Reward,Reward,Previsited,Reward,,,,,,,,,,,,,,,,,,,,,,,,,,,,,,,,,,,,,,,,,,,,,,,,,,,,,Three,,,,,,,,,,,,,,,,,,,,,,,,,,,,,,,,Spring,,2022-03-10,34,-2.333333333
Unbalanced,Unbalanced_Colony08,2022-04-13,8Rep2,8,,L1,L2,L1,L3,R1,R1,L2,L3,,,,,,,,,,,,,,,,,,,,,,,,,,,,,,,,,,,,,,,,,,,,,,,,,,,,,Four,,,,,,,,,,,,,,,,,,,,,,,,,,,,,,,,Spring,,2022-03-10,34,-2.333333333
Unbalanced,Unbalanced_Colony08,2022-04-14,8Rep3,1,8,4,4,6,6,5,5,5,3,2,3,8,7,5,5,4,4,6,7,2,1,,,,,,,,,,,,,,,,,,,,,,,,,,,,,,,,,,,,,,,,8,One,21,6,8,7,2,2,1,5,2,1,1,6,7,4,2,0.35,0.2,0.1,0.05,0.3,3,5,5,8,13,0.4166666667,0.6153846154,0.1153846154,0.1153846154,,,Spring,,2022-03-10,35,-1.333333333
Unbalanced,Unbalanced_Colony08,2022-04-14,8Rep3,1,7.123849,10.563014,11.248295,4.367495,10.622635,11.407021,5.073796,10.199115,10.669416,10.326051,11.31411,10.285916,11.944006,11.252245,4.351085,11.116303,11.150689,11.635023,10.419073,9.778303,10.254219,,,,,,,,,,,,,,,,,,,,,,,,,,,,,,,,,,,,,,,,,Two,,,,,,,,,,,,,,,,,,,,,,,,,,,,,,4,17,Spring,,2022-03-10,35,-1.333333333
Unbalanced,Unbalanced_Colony08,2022-04-14,8Rep3,1,Reward,Reward,Same,Reward,Same,Reward,Same,Same,Reward,Reward,Previsited,Previsited,Reward,Previsited,Same,Previsited,Same,Previsited,Previsited,Previsited,Reward,,,,,,,,,,,,,,,,,,,,,,,,,,,,,,,,,,,,,,,,,Three,,,,,,,,,,,,,,,,,,,,,,,,,,,,,,,,Spring,,2022-03-10,35,-1.333333333
Unbalanced,Unbalanced_Colony08,2022-04-14,8Rep3,1,,O4,S0,L2,S0,R1,S0,S0,R2,R1,L1,R3,R1,R2,S0,R1,S0,L2,L1,L3,R1,,,,,,,,,,,,,,,,,,,,,,,,,,,,,,,,,,,,,,,,,Four,,,,,,,,,,,,,,,,,,,,,,,,,,,,,,,,Spring,,2022-03-10,35,-1.333333333
Unbalanced,Unbalanced_Colony08,2022-04-14,8Rep3,2,1,8,7,4,5,6,7,4,5,4,5,6,1,4,7,8,4,5,6,2,3,,,,,,,,,,,,,,,,,,,,,,,,,,,,,,,,,,,,,,,,8,One,21,0,8,13,10,0,3,3,0,2,2,0,13,0,5,0.65,0,0.25,0.1,0,7,5,13,5,18,0.2941176471,0.2777777778,-0.222222222,0.2222222222,,,Spring,,2022-03-10,35,-1.333333333
Unbalanced,Unbalanced_Colony08,2022-04-14,8Rep3,2,11.61767,10.159745,11.704592,10.920946,10.951585,11.31926,11.486223,11.181117,9.591608,9.930691,8.934815,9.673282,11.492534,10.172247,9.945382,10.880175,10.597447,10.267688,10.812512,10.843853,9.676889,,,,,,,,,,,,,,,,,,,,,,,,,,,,,,,,,,,,,,,,,Two,,,,,,,,,,,,,,,,,,,,,,,,,,,,,,1,20,Spring,,2022-03-10,35,-1.333333333
Unbalanced,Unbalanced_Colony08,2022-04-14,8Rep3,2,Reward,Reward,Reward,Reward,Reward,Reward,Previsited,Previsited,Previsited,Previsited,Previsited,Previsited,Previsited,Previsited,Previsited,Previsited,Previsited,Previsited,Previsited,Reward,Reward,,,,,,,,,,,,,,,,,,,,,,,,,,,,,,,,,,,,,,,,,Three,,,,,,,,,,,,,,,,,,,,,,,,,,,,,,,,Spring,,2022-03-10,35,-1.333333333
Unbalanced,Unbalanced_Colony08,2022-04-14,8Rep3,2,,R1,R1,R3,L1,L1,L1,R3,L1,R1,L1,L1,L3,L3,L3,L1,O4,L1,L1,O4,L1,,,,,,,,,,,,,,,,,,,,,,,,,,,,,,,,,,,,,,,,,Four,,,,,,,,,,,,,,,,,,,,,,,,,,,,,,,,Spring,,2022-03-10,35,-1.333333333
Unbalanced,Unbalanced_Colony08,2022-04-14,8Rep3,3,3,4,8,7,7,8,2,3,5,4,5,1,2,1,2,4,5,6,,,,,,,,,,,,,,,,,,,,,,,,,,,,,,,,,,,,,,,,,,,8,One,18,1,8,9,8,3,0,3,0,0,2,1,11,3,0,0.6470588235,0.1764705882,0,0.1176470588,0.0588235294,5,6,11,3,14,0.4615384615,0.2142857143,-0.285714286,0.2857142857,,,Spring,,2022-03-10,35,-1.333333333
Unbalanced,Unbalanced_Colony08,2022-04-14,8Rep3,3,11.276403,11.291035,10.084932,10.71552,9.727517,10.053978,10.326523,9.535762,11.239141,10.248401,10.486319,10.695874,11.112146,11.197318,9.905456,10.366613,10.744351,10.082689,,,,,,,,,,,,,,,,,,,,,,,,,,,,,,,,,,,,,,,,,,,,Two,,,,,,,,,,,,,,,,,,,,,,,,,,,,,,0,18,Spring,,2022-03-10,35,-1.333333333
Unbalanced,Unbalanced_Colony08,2022-04-14,8Rep3,3,Reward,Reward,Reward,Reward,Same,Previsited,Reward,Previsited,Reward,Previsited,Previsited,Reward,Previsited,Previsited,Previsited,Previsited,Previsited,Reward,,,,,,,,,,,,,,,,,,,,,,,,,,,,,,,,,,,,,,,,,,,,Three,,,,,,,,,,,,,,,,,,,,,,,,,,,,,,,,Spring,,2022-03-10,35,-1.333333333
Unbalanced,Unbalanced_Colony08,2022-04-14,8Rep3,3,,L1,O4,R1,S0,L1,L2,L1,L2,R1,L1,O4,L1,R1,L1,L2,L1,L1,,,,,,,,,,,,,,,,,,,,,,,,,,,,,,,,,,,,,,,,,,,,Four,,,,,,,,,,,,,,,,,,,,,,,,,,,,,,,,Spring,,2022-03-10,35,-1.333333333
Unbalanced,Unbalanced_Colony08,2022-04-14,8Rep3,4,2,2,6,3,4,5,3,4,6,8,4,6,8,3,4,1,8,7,,,,,,,,,,,,,,,,,,,,,,,,,,,,,,,,,,,,,,,,,,,8,One,18,1,8,9,4,4,1,2,1,2,2,1,6,5,3,0.3529411765,0.2941176471,0.1764705882,0.1176470588,0.0588235294,2,4,9,5,14,0.3076923077,0.3571428571,-0.142857143,0.1428571429,,,Spring,,2022-03-10,35,-1.333333333
Unbalanced,Unbalanced_Colony08,2022-04-14,8Rep3,4,10.139176,11.336261,9.902306,11.699928,11.340456,10.919233,9.679003,10.529301,9.442089,9.775591,5.787336,9.602495,9.758348,11.560483,11.00464,11.815761,9.736991,10.690533,,,,,,,,,,,,,,,,,,,,,,,,,,,,,,,,,,,,,,,,,,,,Two,,,,,,,,,,,,,,,,,,,,,,,,,,,,,,1,17,Spring,,2022-03-10,35,-1.333333333
Unbalanced,Unbalanced_Colony08,2022-04-14,8Rep3,4,Reward,Same,Reward,Reward,Reward,Reward,Previsited,Previsited,Previsited,Reward,Previsited,Previsited,Previsited,Previsited,Previsited,Reward,Previsited,Reward,,,,,,,,,,,,,,,,,,,,,,,,,,,,,,,,,,,,,,,,,,,,Three,,,,,,,,,,,,,,,,,,,,,,,,,,,,,,,,Spring,,2022-03-10,35,-1.333333333
Unbalanced,Unbalanced_Colony08,2022-04-14,8Rep3,4,,S0,O4,R3,L1,L1,R2,L1,L2,L2,O4,L2,L2,L3,L1,R3,R1,R1,,,,,,,,,,,,,,,,,,,,,,,,,,,,,,,,,,,,,,,,,,,,Four,,,,,,,,,,,,,,,,,,,,,,,,,,,,,,,,Spring,,2022-03-10,35,-1.333333333
Unbalanced,Unbalanced_Colony08,2022-04-14,8Rep3,5,7,8,4,3,6,4,1,8,1,2,3,5,,,,,,,,,,,,,,,,,,,,,,,,,,,,,,,,,,,,,,,,,,,,,,,,,8,One,12,0,8,4,4,1,1,2,1,1,1,0,6,2,2,0.5454545455,0.1818181818,0.1818181818,0.0909090909,0,6,4,6,4,10,0.4444444444,0.4,-0.1,0.1,,,Spring,,2022-03-10,35,-1.333333333
Unbalanced,Unbalanced_Colony08,2022-04-14,8Rep3,5,11.881304,11.891012,9.441428,9.958074,9.972295,9.24979,10.951461,11.728317,10.248305,10.999183,8.879119,9.871629,,,,,,,,,,,,,,,,,,,,,,,,,,,,,,,,,,,,,,,,,,,,,,,,,,Two,,,,,,,,,,,,,,,,,,,,,,,,,,,,,,1,11,Spring,,2022-03-10,35,-1.333333333
Unbalanced,Unbalanced_Colony08,2022-04-14,8Rep3,5,Reward,Reward,Reward,Reward,Reward,Previsited,Reward,Previsited,Previsited,Reward,Previsited,Reward,,,,,,,,,,,,,,,,,,,,,,,,,,,,,,,,,,,,,,,,,,,,,,,,,,Three,,,,,,,,,,,,,,,,,,,,,,,,,,,,,,,,Spring,,2022-03-10,35,-1.333333333
Unbalanced,Unbalanced_Colony08,2022-04-14,8Rep3,5,,L1,O4,R1,L3,R2,R3,R1,L1,L1,L1,L2,,,,,,,,,,,,,,,,,,,,,,,,,,,,,,,,,,,,,,,,,,,,,,,,,,Four,,,,,,,,,,,,,,,,,,,,,,,,,,,,,,,,Spring,,2022-03-10,35,-1.333333333
Unbalanced,Unbalanced_Colony08,2022-04-14,8Rep3,6,1,6,6,5,6,1,6,2,4,7,4,5,7,8,2,4,5,7,3,,,,,,,,,,,,,,,,,,,,,,,,,,,,,,,,,,,,,,,,,,8,One,19,1,8,10,4,5,2,1,0,3,2,1,5,5,5,0.2777777778,0.2777777778,0.2777777778,0.1111111111,0.0555555556,3,5,11,4,15,0.3571428571,0.2666666667,-0.233333333,0.2333333333,,,Spring,,2022-03-10,35,-1.333333333
Unbalanced,Unbalanced_Colony08,2022-04-14,8Rep3,6,10.200548,9.556732,10.019953,10.514628,10.446109,11.640868,9.738612,11.556081,10.545062,11.651764,9.457765,9.343973,9.959777,10.632319,11.541431,10.90083,9.783086,10.161817,9.629334,,,,,,,,,,,,,,,,,,,,,,,,,,,,,,,,,,,,,,,,,,,Two,,,,,,,,,,,,,,,,,,,,,,,,,,,,,,0,19,Spring,,2022-03-10,35,-1.333333333
Unbalanced,Unbalanced_Colony08,2022-04-14,8Rep3,6,Reward,Reward,Same,Reward,Previsited,Previsited,Previsited,Reward,Reward,Reward,Previsited,Previsited,Previsited,Reward,Previsited,Previsited,Previsited,Previsited,Reward,,,,,,,,,,,,,,,,,,,,,,,,,,,,,,,,,,,,,,,,,,,Three,,,,,,,,,,,,,,,,,,,,,,,,,,,,,,,,Spring,,2022-03-10,35,-1.333333333
Unbalanced,Unbalanced_Colony08,2022-04-14,8Rep3,6,,R3,S0,R1,L1,L3,R3,O4,L2,L3,R3,L1,L2,L1,L2,L2,L1,L2,O4,,,,,,,,,,,,,,,,,,,,,,,,,,,,,,,,,,,,,,,,,,,Four,,,,,,,,,,,,,,,,,,,,,,,,,,,,,,,,Spring,,2022-03-10,35,-1.333333333
Unbalanced,Unbalanced_Colony08,2022-04-14,8Rep3,7,1,1,6,1,5,7,8,1,5,7,8,1,1,7,5,8,4,5,5,4,3,4,1,8,3,5,6,6,4,7,8,3,7,6,2,,,,,,,,,,,,,,,,,,,,,,,,,,8,One,35,4,8,23,8,3,5,4,3,2,5,4,12,6,7,0.3529411765,0.1764705882,0.2058823529,0.1470588235,0.1176470588,2,10,16,9,25,0.4166666667,0.36,-0.14,0.14,,,Spring,,2022-03-10,35,-1.333333333
Unbalanced,Unbalanced_Colony08,2022-04-14,8Rep3,7,10.94815,9.465017,11.038384,9.592259,9.912714,9.633382,10.57784,10.906801,5.525854,9.961734,10.227514,10.736529,11.388979,9.984719,10.160282,10.705474,9.971063,10.119778,4.472107,9.319805,10.821738,10.553487,9.679185,10.526857,9.518985,10.289913,11.417337,11.179931,11.209184,8.813743,10.328542,11.366398,6.241306,11.816685,11.339854,,,,,,,,,,,,,,,,,,,,,,,,,,,Two,,,,,,,,,,,,,,,,,,,,,,,,,,,,,,4,31,Spring,,2022-03-10,35,-1.333333333
Unbalanced,Unbalanced_Colony08,2022-04-14,8Rep3,7,Reward,Same,Reward,Previsited,Reward,Reward,Reward,Previsited,Previsited,Previsited,Previsited,Previsited,Same,Previsited,Previsited,Previsited,Reward,Previsited,Same,Previsited,Reward,Previsited,Previsited,Previsited,Previsited,Previsited,Previsited,Same,Previsited,Previsited,Previsited,Previsited,Previsited,Previsited,Reward,,,,,,,,,,,,,,,,,,,,,,,,,,,Three,,,,,,,,,,,,,,,,,,,,,,,,,,,,,,,,Spring,,2022-03-10,35,-1.333333333
Unbalanced,Unbalanced_Colony08,2022-04-14,8Rep3,7,,S0,R3,L3,O4,L2,L1,L1,O4,L2,L1,L1,S0,R2,R2,L3,O4,L1,S0,R1,R1,L1,R3,R1,L3,L2,L1,S0,R2,L3,L1,L3,O4,R1,O4,,,,,,,,,,,,,,,,,,,,,,,,,,,Four,,,,,,,,,,,,,,,,,,,,,,,,,,,,,,,,Spring,,2022-03-10,35,-1.333333333
Unbalanced,Unbalanced_Colony08,2022-04-14,8Rep3,8,2,6,6,6,6,6,2,1,7,4,8,7,3,8,1,5,5,3,1,3,2,8,1,8,1,2,1,6,,,,,,,,,,,,,,,,,,,,,,,,,,,,,,,,,8,One,28,5,8,15,4,1,0,5,4,3,5,5,9,5,3,0.3333333333,0.1851851852,0.1111111111,0.1851851852,0.1851851852,3,8,5,12,17,0.5,0.7058823529,0.2058823529,0.2058823529,,,Spring,,2022-03-10,35,-1.333333333
Unbalanced,Unbalanced_Colony08,2022-04-14,8Rep3,8,11.133527,4.424386,4.389709,4.367182,4.608798,4.405224,11.782191,4.693248,10.763492,11.148731,11.435352,9.734929,11.4207,11.630012,11.033174,10.862101,9.93493,7.854745,10.515296,11.482845,10.131329,10.22963,10.175983,10.610223,11.562338,11.694179,9.993149,9.52093,,,,,,,,,,,,,,,,,,,,,,,,,,,,,,,,,,Two,,,,,,,,,,,,,,,,,,,,,,,,,,,,,,7,21,Spring,,2022-03-10,35,-1.333333333
Unbalanced,Unbalanced_Colony08,2022-04-14,8Rep3,8,Reward,Reward,Same,Same,Same,Same,Previsited,Reward,Reward,Reward,Reward,Previsited,Reward,Previsited,Previsited,Reward,Same,Previsited,Previsited,Previsited,Previsited,Previsited,Previsited,Previsited,Previsited,Previsited,Previsited,Previsited,,,,,,,,,,,,,,,,,,,,,,,,,,,,,,,,,,Three,,,,,,,,,,,,,,,,,,,,,,,,,,,,,,,,Spring,,2022-03-10,35,-1.333333333
Unbalanced,Unbalanced_Colony08,2022-04-14,8Rep3,8,,O4,S0,S0,S0,S0,O4,R1,R2,R3,O4,R1,O4,R3,L1,O4,S0,R2,R2,L2,R1,R2,L1,R1,L1,L1,R1,R3,,,,,,,,,,,,,,,,,,,,,,,,,,,,,,,,,,Four,,,,,,,,,,,,,,,,,,,,,,,,,,,,,,,,Spring,,2022-03-10,35,-1.333333333
Unbalanced,Unbalanced_Colony08,2022-04-17,8Rep4,1,5,4,7,1,3,6,7,8,1,1,3,7,5,7,1,2,,,,,,,,,,,,,,,,,,,,,,,,,,,,,,,,,,,,,,,,,,,,,8,One,16,1,8,7,4,5,2,1,1,0,1,1,5,6,2,0.3333333333,0.4,0.1333333333,0.0666666667,0.0666666667,7,3,11,2,13,0.25,0.1538461538,-0.346153846,0.3461538462,,,Spring,,2022-03-10,38,1.6666666667
Unbalanced,Unbalanced_Colony08,2022-04-17,8Rep4,1,11.457201,11.281104,11.281086,9.930691,11.32291,10.244862,10.186034,10.261478,4.358023,11.386907,11.150287,9.932261,11.690245,11.606507,10.989254,9.73619,,,,,,,,,,,,,,,,,,,,,,,,,,,,,,,,,,,,,,,,,,,,,,Two,,,,,,,,,,,,,,,,,,,,,,,,,,,,,,1,15,Spring,,2022-03-10,38,1.6666666667
Unbalanced,Unbalanced_Colony08,2022-04-17,8Rep4,1,Reward,Reward,Reward,Reward,Reward,Reward,Previsited,Reward,Previsited,Same,Previsited,Previsited,Previsited,Previsited,Previsited,Reward,,,,,,,,,,,,,,,,,,,,,,,,,,,,,,,,,,,,,,,,,,,,,,Three,,,,,,,,,,,,,,,,,,,,,,,,,,,,,,,,Spring,,2022-03-10,38,1.6666666667
Unbalanced,Unbalanced_Colony08,2022-04-17,8Rep4,1,,R1,L3,L2,L2,L3,L1,L1,L1,S0,L2,O4,R2,L2,L2,L1,,,,,,,,,,,,,,,,,,,,,,,,,,,,,,,,,,,,,,,,,,,,,,Four,,,,,,,,,,,,,,,,,,,,,,,,,,,,,,,,Spring,,2022-03-10,38,1.6666666667
Unbalanced,Unbalanced_Colony08,2022-04-17,8Rep4,2,2,1,4,5,6,8,1,8,3,4,6,7,,,,,,,,,,,,,,,,,,,,,,,,,,,,,,,,,,,,,,,,,,,,,,,,,8,One,12,0,8,4,5,2,2,2,0,0,0,0,7,2,2,0.6363636364,0.1818181818,0.1818181818,0,0,7,3,9,2,11,0.3,0.1818181818,-0.318181818,0.3181818182,,,Spring,,2022-03-10,38,1.6666666667
Unbalanced,Unbalanced_Colony08,2022-04-17,8Rep4,2,9.80124,10.186092,10.618322,11.178187,10.123303,9.931927,9.853684,10.208285,10.671188,11.445422,11.630197,10.161817,,,,,,,,,,,,,,,,,,,,,,,,,,,,,,,,,,,,,,,,,,,,,,,,,,Two,,,,,,,,,,,,,,,,,,,,,,,,,,,,,,0,12,Spring,,2022-03-10,38,1.6666666667
Unbalanced,Unbalanced_Colony08,2022-04-17,8Rep4,2,Reward,Reward,Reward,Reward,Reward,Reward,Previsited,Previsited,Reward,Previsited,Previsited,Reward,,,,,,,,,,,,,,,,,,,,,,,,,,,,,,,,,,,,,,,,,,,,,,,,,,Three,,,,,,,,,,,,,,,,,,,,,,,,,,,,,,,,Spring,,2022-03-10,38,1.6666666667
Unbalanced,Unbalanced_Colony08,2022-04-17,8Rep4,2,,R1,L3,L1,L1,L2,L1,R1,L3,L1,L2,L1,,,,,,,,,,,,,,,,,,,,,,,,,,,,,,,,,,,,,,,,,,,,,,,,,,Four,,,,,,,,,,,,,,,,,,,,,,,,,,,,,,,,Spring,,2022-03-10,38,1.6666666667
Unbalanced,Unbalanced_Colony08,2022-04-17,8Rep4,3,7,7,6,7,2,4,5,6,7,6,8,7,1,2,6,7,5,1,5,6,1,2,1,3,,,,,,,,,,,,,,,,,,,,,,,,,,,,,,,,,,,,,8,One,24,1,8,15,8,4,2,4,1,0,3,1,12,5,2,0.5217391304,0.2173913043,0.0869565217,0.1304347826,0.0434782609,2,9,14,5,19,0.5,0.2631578947,-0.236842105,0.2368421053,,,Spring,,2022-03-10,38,1.6666666667
Unbalanced,Unbalanced_Colony08,2022-04-17,8Rep4,3,4.539078,7.42283,11.156159,11.001858,10.919429,11.230588,10.527171,11.076814,9.652383,11.099456,9.639935,9.885422,9.829302,11.511955,10.583146,10.856644,10.2994,10.208056,11.21824,10.127769,9.605722,9.948106,9.6913,10.931989,,,,,,,,,,,,,,,,,,,,,,,,,,,,,,,,,,,,,,Two,,,,,,,,,,,,,,,,,,,,,,,,,,,,,,2,22,Spring,,2022-03-10,38,1.6666666667
Unbalanced,Unbalanced_Colony08,2022-04-17,8Rep4,3,Reward,Same,Reward,Previsited,Reward,Reward,Reward,Previsited,Previsited,Previsited,Reward,Previsited,Reward,Previsited,Previsited,Previsited,Previsited,Previsited,Previsited,Previsited,Previsited,Previsited,Previsited,Reward,,,,,,,,,,,,,,,,,,,,,,,,,,,,,,,,,,,,,,Three,,,,,,,,,,,,,,,,,,,,,,,,,,,,,,,,Spring,,2022-03-10,38,1.6666666667
Unbalanced,Unbalanced_Colony08,2022-04-17,8Rep4,3,,S0,R1,L1,L3,L2,L1,L1,L1,R1,L2,R1,L2,L1,O4,L1,R2,O4,O4,L1,L3,L1,R1,L2,,,,,,,,,,,,,,,,,,,,,,,,,,,,,,,,,,,,,,Four,,,,,,,,,,,,,,,,,,,,,,,,,,,,,,,,Spring,,2022-03-10,38,1.6666666667
Unbalanced,Unbalanced_Colony08,2022-04-17,8Rep4,4,5,3,4,6,8,4,6,7,8,2,4,6,7,1,,,,,,,,,,,,,,,,,,,,,,,,,,,,,,,,,,,,,,,,,,,,,,,8,One,14,0,8,6,4,7,0,0,1,0,1,0,4,8,0,0.3076923077,0.6153846154,0,0.0769230769,0,6,1,11,1,12,0.0909090909,0.0833333333,-0.416666667,0.4166666667,,,Spring,,2022-03-10,38,1.6666666667
Unbalanced,Unbalanced_Colony08,2022-04-17,8Rep4,4,10.054676,10.919001,9.834694,10.617055,11.235551,11.633883,9.559853,11.574217,10.179526,11.395121,9.500127,11.634068,10.283148,10.329165,,,,,,,,,,,,,,,,,,,,,,,,,,,,,,,,,,,,,,,,,,,,,,,,Two,,,,,,,,,,,,,,,,,,,,,,,,,,,,,,0,14,Spring,,2022-03-10,38,1.6666666667
Unbalanced,Unbalanced_Colony08,2022-04-17,8Rep4,4,Reward,Reward,Reward,Reward,Reward,Previsited,Previsited,Reward,Previsited,Reward,Previsited,Previsited,Previsited,Reward,,,,,,,,,,,,,,,,,,,,,,,,,,,,,,,,,,,,,,,,,,,,,,,,Three,,,,,,,,,,,,,,,,,,,,,,,,,,,,,,,,Spring,,2022-03-10,38,1.6666666667
Unbalanced,Unbalanced_Colony08,2022-04-17,8Rep4,4,,R2,L1,L2,L2,O4,L2,L1,L1,L2,L2,L2,L1,L2,,,,,,,,,,,,,,,,,,,,,,,,,,,,,,,,,,,,,,,,,,,,,,,,Four,,,,,,,,,,,,,,,,,,,,,,,,,,,,,,,,Spring,,2022-03-10,38,1.6666666667
Unbalanced,Unbalanced_Colony08,2022-04-17,8Rep4,5,1,5,4,3,2,4,3,4,3,7,5,2,3,1,4,6,3,5,4,3,2,1,1,8,,,,,,,,,,,,,,,,,,,,,,,,,,,,,,,,,,,,,8,One,24,1,8,15,2,3,1,10,2,2,2,1,12,5,3,0.5217391304,0.2173913043,0.1304347826,0.0869565217,0.0434782609,6,10,6,14,20,0.5263157895,0.7,0.2,0.2,,,Spring,,2022-03-10,38,1.6666666667
Unbalanced,Unbalanced_Colony08,2022-04-17,8Rep4,5,5.52991,9.92042,10.38615,10.610811,10.247545,9.916646,5.76993,9.687458,9.742295,11.630063,9.824442,11.452164,9.793282,11.533473,10.761481,10.947295,9.892518,9.549428,9.851211,7.656976,10.440006,4.84742,4.353906,10.051962,,,,,,,,,,,,,,,,,,,,,,,,,,,,,,,,,,,,,,Two,,,,,,,,,,,,,,,,,,,,,,,,,,,,,,5,19,Spring,,2022-03-10,38,1.6666666667
Unbalanced,Unbalanced_Colony08,2022-04-17,8Rep4,5,Reward,Reward,Reward,Reward,Reward,Previsited,Previsited,Previsited,Previsited,Reward,Previsited,Previsited,Previsited,Previsited,Previsited,Reward,Previsited,Previsited,Previsited,Previsited,Previsited,Previsited,Same,Reward,,,,,,,,,,,,,,,,,,,,,,,,,,,,,,,,,,,,,,Three,,,,,,,,,,,,,,,,,,,,,,,,,,,,,,,,Spring,,2022-03-10,38,1.6666666667
Unbalanced,Unbalanced_Colony08,2022-04-17,8Rep4,5,,O4,R1,R1,R1,L2,R1,L1,R1,O4,R2,R3,L1,R2,L3,L2,R3,L2,R1,R1,R1,R1,S0,R1,,,,,,,,,,,,,,,,,,,,,,,,,,,,,,,,,,,,,,Four,,,,,,,,,,,,,,,,,,,,,,,,,,,,,,,,Spring,,2022-03-10,38,1.6666666667
Unbalanced,Unbalanced_Colony08,2022-04-17,8Rep4,6,4,7,6,5,8,2,3,5,3,2,7,2,2,3,8,8,6,3,8,2,4,8,5,7,5,2,4,6,8,1,,,,,,,,,,,,,,,,,,,,,,,,,,,,,,,8,One,30,2,8,20,3,8,3,3,3,6,1,2,6,11,9,0.2068965517,0.3793103448,0.3103448276,0.0344827586,0.0689655172,8,10,14,12,26,0.4,0.4615384615,-0.038461538,0.0384615385,,,Spring,,2022-03-10,38,1.6666666667
Unbalanced,Unbalanced_Colony08,2022-04-17,8Rep4,6,10.130559,11.190474,10.80178,10.112052,11.275296,9.9911,11.394317,11.295332,10.403477,9.715988,11.365266,9.544916,9.794317,9.281766,9.971063,10.724412,11.342604,11.265178,10.521986,9.558058,9.333599,11.136608,9.731725,11.266874,9.603043,9.858292,9.2422,10.507285,11.216694,10.307175,,,,,,,,,,,,,,,,,,,,,,,,,,,,,,,,Two,,,,,,,,,,,,,,,,,,,,,,,,,,,,,,0,30,Spring,,2022-03-10,38,1.6666666667
Unbalanced,Unbalanced_Colony08,2022-04-17,8Rep4,6,Reward,Reward,Reward,Reward,Reward,Reward,Reward,Previsited,Previsited,Previsited,Previsited,Previsited,Same,Previsited,Previsited,Same,Previsited,Previsited,Previsited,Previsited,Previsited,Previsited,Previsited,Previsited,Previsited,Previsited,Previsited,Previsited,Previsited,Reward,,,,,,,,,,,,,,,,,,,,,,,,,,,,,,,,Three,,,,,,,,,,,,,,,,,,,,,,,,,,,,,,,,Spring,,2022-03-10,38,1.6666666667
Unbalanced,Unbalanced_Colony08,2022-04-17,8Rep4,6,,L3,R1,R1,L3,L2,L1,L2,R2,R1,R3,L3,S0,L1,R3,S0,R2,R3,R3,L2,L2,O4,R3,L2,R2,R3,L2,L2,L2,L1,,,,,,,,,,,,,,,,,,,,,,,,,,,,,,,,Four,,,,,,,,,,,,,,,,,,,,,,,,,,,,,,,,Spring,,2022-03-10,38,1.6666666667
Unbalanced,Unbalanced_Colony08,2022-04-17,8Rep4,7,5,6,2,8,1,2,4,1,8,8,3,4,4,1,2,3,1,3,2,7,5,,,,,,,,,,,,,,,,,,,,,,,,,,,,,,,,,,,,,,,,8,One,21,2,8,11,6,2,1,2,3,3,1,2,8,5,4,0.4,0.25,0.2,0.05,0.1,6,9,9,8,17,0.5625,0.4705882353,-0.029411765,0.0294117647,,,Spring,,2022-03-10,38,1.6666666667
Unbalanced,Unbalanced_Colony08,2022-04-17,8Rep4,7,5.437525,11.511396,11.324494,11.479857,11.378431,9.067005,10.491114,10.780104,10.134561,10.346493,11.395549,9.359043,8.051215,10.102505,11.255069,11.3767,10.278143,9.153787,8.267631,11.51898,10.006462,,,,,,,,,,,,,,,,,,,,,,,,,,,,,,,,,,,,,,,,,Two,,,,,,,,,,,,,,,,,,,,,,,,,,,,,,3,18,Spring,,2022-03-10,38,1.6666666667
Unbalanced,Unbalanced_Colony08,2022-04-17,8Rep4,7,Reward,Reward,Reward,Reward,Reward,Previsited,Reward,Previsited,Previsited,Same,Reward,Previsited,Same,Previsited,Previsited,Previsited,Previsited,Previsited,Previsited,Reward,Previsited,,,,,,,,,,,,,,,,,,,,,,,,,,,,,,,,,,,,,,,,,Three,,,,,,,,,,,,,,,,,,,,,,,,,,,,,,,,Spring,,2022-03-10,38,1.6666666667
Unbalanced,Unbalanced_Colony08,2022-04-17,8Rep4,7,,L1,O4,R2,L1,L1,L2,R3,R1,S0,L3,L1,S0,R3,L1,L1,R2,L2,R1,R3,R2,,,,,,,,,,,,,,,,,,,,,,,,,,,,,,,,,,,,,,,,,Four,,,,,,,,,,,,,,,,,,,,,,,,,,,,,,,,Spring,,2022-03-10,38,1.6666666667
Unbalanced,Unbalanced_Colony08,2022-04-17,8Rep4,8,4,8,1,8,7,2,1,6,3,6,7,6,5,,,,,,,,,,,,,,,,,,,,,,,,,,,,,,,,,,,,,,,,,,,,,,,,8,One,13,0,8,5,2,0,2,5,0,2,1,0,7,0,4,0.5833333333,0,0.3333333333,0.0833333333,0,4,5,4,7,11,0.5,0.6363636364,0.1363636364,0.1363636364,,,Spring,,2022-03-10,38,1.6666666667
Unbalanced,Unbalanced_Colony08,2022-04-17,8Rep4,8,10.872468,10.16918,11.628269,10.422272,11.766381,11.147122,10.443291,11.260696,10.981944,10.689895,6.674565,10.074721,10.290879,,,,,,,,,,,,,,,,,,,,,,,,,,,,,,,,,,,,,,,,,,,,,,,,,Two,,,,,,,,,,,,,,,,,,,,,,,,,,,,,,1,12,Spring,,2022-03-10,38,1.6666666667
Unbalanced,Unbalanced_Colony08,2022-04-17,8Rep4,8,Reward,Reward,Reward,Previsited,Reward,Reward,Previsited,Reward,Reward,Previsited,Previsited,Previsited,Reward,,,,,,,,,,,,,,,,,,,,,,,,,,,,,,,,,,,,,,,,,,,,,,,,,Three,,,,,,,,,,,,,,,,,,,,,,,,,,,,,,,,Spring,,2022-03-10,38,1.6666666667
Unbalanced,Unbalanced_Colony08,2022-04-17,8Rep4,8,,O4,L1,R1,R1,L3,R1,R3,R3,L3,L1,R1,R1,,,,,,,,,,,,,,,,,,,,,,,,,,,,,,,,,,,,,,,,,,,,,,,,,Four,,,,,,,,,,,,,,,,,,,,,,,,,,,,,,,,Spring,,2022-03-10,38,1.6666666667
Unbalanced,Unbalanced_Colony08,2022-04-17,8Rep5,1,3,1,7,3,1,3,2,4,3,8,8,2,3,2,7,3,6,3,7,2,7,3,6,5,,,,,,,,,,,,,,,,,,,,,,,,,,,,,,,,,,,,,8,One,24,1,8,15,1,3,3,4,3,4,4,1,5,6,7,0.2173913043,0.2608695652,0.3043478261,0.1739130435,0.0434782609,4,12,7,11,18,0.7058823529,0.6111111111,0.1111111111,0.1111111111,,,Spring,,2022-03-10,38,1.6666666667
Unbalanced,Unbalanced_Colony08,2022-04-17,8Rep5,1,11.36813,11.257216,11.64666,9.685043,11.586336,9.777924,11.353186,11.452045,9.71061,10.185862,9.14211,11.514935,11.46975,11.38636,10.17876,5.223493,10.126595,11.131233,9.295617,11.534284,5.356951,11.414144,9.808934,9.909469,,,,,,,,,,,,,,,,,,,,,,,,,,,,,,,,,,,,,,Two,,,,,,,,,,,,,,,,,,,,,,,,,,,,,,2,22,Spring,,2022-03-10,38,1.6666666667
Unbalanced,Unbalanced_Colony08,2022-04-17,8Rep5,1,Reward,Reward,Reward,Previsited,Previsited,Previsited,Reward,Reward,Previsited,Reward,Same,Previsited,Previsited,Previsited,Previsited,Previsited,Reward,Previsited,Previsited,Previsited,Previsited,Previsited,Previsited,Reward,,,,,,,,,,,,,,,,,,,,,,,,,,,,,,,,,,,,,,Three,,,,,,,,,,,,,,,,,,,,,,,,,,,,,,,,Spring,,2022-03-10,38,1.6666666667
Unbalanced,Unbalanced_Colony08,2022-04-17,8Rep5,1,,R2,R2,O4,R2,L2,R1,L2,R1,R3,S0,L2,L1,R1,R3,O4,L3,R3,O4,L3,R3,O4,L3,R1,,,,,,,,,,,,,,,,,,,,,,,,,,,,,,,,,,,,,,Four,,,,,,,,,,,,,,,,,,,,,,,,,,,,,,,,Spring,,2022-03-10,38,1.6666666667
Unbalanced,Unbalanced_Colony08,2022-04-17,8Rep5,2,4,3,2,1,6,3,8,2,1,3,2,8,3,4,2,5,2,5,4,7,8,8,1,,,,,,,,,,,,,,,,,,,,,,,,,,,,,,,,,,,,,,8,One,23,1,8,14,3,2,4,6,2,4,0,1,9,4,8,0.4090909091,0.1818181818,0.3636363636,0,0.0454545455,6,11,9,12,21,0.55,0.5714285714,0.0714285714,0.0714285714,,,Spring,,2022-03-10,38,1.6666666667
Unbalanced,Unbalanced_Colony08,2022-04-17,8Rep5,2,11.3982,10.250873,11.29409,11.379373,11.412471,11.631873,11.592526,11.322652,7.687438,6.688335,11.495197,10.879584,11.789154,5.313657,11.512497,11.535484,11.336794,11.486308,11.042357,9.877315,6.914036,9.360647,11.951919,,,,,,,,,,,,,,,,,,,,,,,,,,,,,,,,,,,,,,,Two,,,,,,,,,,,,,,,,,,,,,,,,,,,,,,4,19,Spring,,2022-03-10,38,1.6666666667
Unbalanced,Unbalanced_Colony08,2022-04-17,8Rep5,2,Reward,Reward,Reward,Reward,Reward,Previsited,Reward,Previsited,Previsited,Previsited,Previsited,Previsited,Previsited,Previsited,Previsited,Reward,Previsited,Previsited,Previsited,Reward,Previsited,Same,Previsited,,,,,,,,,,,,,,,,,,,,,,,,,,,,,,,,,,,,,,,Three,,,,,,,,,,,,,,,,,,,,,,,,,,,,,,,,Spring,,2022-03-10,38,1.6666666667
Unbalanced,Unbalanced_Colony08,2022-04-17,8Rep5,2,,R1,R1,R1,R3,R3,R3,L2,R1,L2,R1,R2,L3,L1,R2,L3,R3,L3,R1,L3,L1,S0,L1,,,,,,,,,,,,,,,,,,,,,,,,,,,,,,,,,,,,,,,Four,,,,,,,,,,,,,,,,,,,,,,,,,,,,,,,,Spring,,2022-03-10,38,1.6666666667
Unbalanced,Unbalanced_Colony08,2022-04-17,8Rep5,3,5,5,4,2,5,4,3,2,4,3,1,3,6,5,2,6,4,3,5,8,8,8,8,5,1,2,3,4,6,1,3,7,,,,,,,,,,,,,,,,,,,,,,,,,,,,,8,One,32,4,8,20,3,5,4,7,3,2,3,4,10,8,6,0.3225806452,0.2580645161,0.1935483871,0.0967741935,0.1290322581,2,9,12,12,24,0.3913043478,0.5,0,0,,,Spring,,2022-03-10,38,1.6666666667
Unbalanced,Unbalanced_Colony08,2022-04-17,8Rep5,3,11.198885,4.469098,11.013917,11.926057,9.820255,10.783177,11.409088,11.334524,8.98494,11.257216,11.767607,11.281259,11.494705,9.848123,9.684238,11.572785,7.395284,11.389167,11.283747,11.571724,4.432705,9.188749,10.958436,7.748985,7.609171,11.912582,7.329944,4.883676,8.949224,8.125825,11.439391,10.410838,,,,,,,,,,,,,,,,,,,,,,,,,,,,,,Two,,,,,,,,,,,,,,,,,,,,,,,,,,,,,,10,22,Spring,,2022-03-10,38,1.6666666667
Unbalanced,Unbalanced_Colony08,2022-04-17,8Rep5,3,Reward,Same,Reward,Reward,Previsited,Previsited,Reward,Previsited,Previsited,Previsited,Reward,Previsited,Reward,Previsited,Previsited,Previsited,Previsited,Previsited,Previsited,Reward,Same,Same,Same,Previsited,Previsited,Previsited,Previsited,Previsited,Previsited,Previsited,Previsited,Reward,,,,,,,,,,,,,,,,,,,,,,,,,,,,,,Three,,,,,,,,,,,,,,,,,,,,,,,,,,,,,,,,Spring,,2022-03-10,38,1.6666666667
Unbalanced,Unbalanced_Colony08,2022-04-17,8Rep5,3,,S0,R1,R2,L3,R1,R1,R1,L2,R1,R2,L2,L3,R1,R3,O4,R2,R1,L2,L3,S0,S0,S0,R3,O4,L1,L1,L1,L2,L3,L2,O4,,,,,,,,,,,,,,,,,,,,,,,,,,,,,,Four,,,,,,,,,,,,,,,,,,,,,,,,,,,,,,,,Spring,,2022-03-10,38,1.6666666667
Unbalanced,Unbalanced_Colony08,2022-04-17,8Rep5,4,3,2,1,8,5,4,2,8,5,3,2,7,6,,,,,,,,,,,,,,,,,,,,,,,,,,,,,,,,,,,,,,,,,,,,,,,,8,One,13,0,8,5,0,0,0,6,3,3,0,0,6,3,3,0.5,0.25,0.25,0,0,7,0,0,12,12,0,1,0.5,0.5,,,Spring,,2022-03-10,38,1.6666666667
Unbalanced,Unbalanced_Colony08,2022-04-17,8Rep5,4,10.261991,10.406943,9.950672,11.553045,11.239766,11.434602,10.269738,9.720862,9.670481,11.378756,8.72492,10.559692,9.765357,,,,,,,,,,,,,,,,,,,,,,,,,,,,,,,,,,,,,,,,,,,,,,,,,Two,,,,,,,,,,,,,,,,,,,,,,,,,,,,,,1,12,Spring,,2022-03-10,38,1.6666666667
Unbalanced,Unbalanced_Colony08,2022-04-17,8Rep5,4,Reward,Reward,Reward,Reward,Reward,Reward,Previsited,Previsited,Previsited,Previsited,Previsited,Reward,Reward,,,,,,,,,,,,,,,,,,,,,,,,,,,,,,,,,,,,,,,,,,,,,,,,,Three,,,,,,,,,,,,,,,,,,,,,,,,,,,,,,,,Spring,,2022-03-10,38,1.6666666667
Unbalanced,Unbalanced_Colony08,2022-04-17,8Rep5,4,,R1,R1,R1,R3,R1,R2,R2,R3,R2,R1,R3,R1,,,,,,,,,,,,,,,,,,,,,,,,,,,,,,,,,,,,,,,,,,,,,,,,,Four,,,,,,,,,,,,,,,,,,,,,,,,,,,,,,,,Spring,,2022-03-10,38,1.6666666667
Unbalanced,Unbalanced_Colony08,2022-04-17,8Rep5,5,6,4,3,1,7,6,3,6,2,1,3,4,1,7,4,1,5,8,3,8,6,4,7,5,2,8,,,,,,,,,,,,,,,,,,,,,,,,,,,,,,,,,,,8,One,26,0,8,18,1,1,4,3,8,6,2,0,4,9,10,0.16,0.36,0.4,0.08,0,6,8,6,17,23,0.3636363636,0.7391304348,0.2391304348,0.2391304348,,,Spring,,2022-03-10,38,1.6666666667
Unbalanced,Unbalanced_Colony08,2022-04-17,8Rep5,5,10.2278,9.612964,9.683835,9.959777,11.219491,9.595916,9.722106,11.206975,11.17939,10.648093,10.712664,10.054986,11.819538,11.705425,11.274449,8.719221,9.661567,10.764904,9.430521,9.690657,10.347718,10.327127,10.333976,11.15144,11.396011,10.041465,,,,,,,,,,,,,,,,,,,,,,,,,,,,,,,,,,,,Two,,,,,,,,,,,,,,,,,,,,,,,,,,,,,,1,25,Spring,,2022-03-10,38,1.6666666667
Unbalanced,Unbalanced_Colony08,2022-04-17,8Rep5,5,Reward,Reward,Reward,Reward,Reward,Previsited,Previsited,Previsited,Reward,Previsited,Previsited,Previsited,Previsited,Previsited,Previsited,Previsited,Reward,Reward,Previsited,Previsited,Previsited,Previsited,Previsited,Previsited,Previsited,Previsited,,,,,,,,,,,,,,,,,,,,,,,,,,,,,,,,,,,,Three,,,,,,,,,,,,,,,,,,,,,,,,,,,,,,,,Spring,,2022-03-10,38,1.6666666667
Unbalanced,Unbalanced_Colony08,2022-04-17,8Rep5,5,,R2,R1,R2,R2,R1,R3,L3,O4,R1,L2,L1,R3,R2,R3,R3,O4,L3,L3,R3,R2,R2,L3,R2,R3,R2,,,,,,,,,,,,,,,,,,,,,,,,,,,,,,,,,,,,Four,,,,,,,,,,,,,,,,,,,,,,,,,,,,,,,,Spring,,2022-03-10,38,1.6666666667
Unbalanced,Unbalanced_Colony08,2022-04-17,8Rep5,6,2,5,3,7,6,5,3,8,7,2,1,4,,,,,,,,,,,,,,,,,,,,,,,,,,,,,,,,,,,,,,,,,,,,,,,,,8,One,12,0,8,4,0,0,3,4,2,1,1,0,4,2,4,0.3636363636,0.1818181818,0.3636363636,0.0909090909,0,6,4,3,7,10,0.4444444444,0.7,0.2,0.2,,,Spring,,2022-03-10,38,1.6666666667
Unbalanced,Unbalanced_Colony08,2022-04-17,8Rep5,6,8.370261,10.324484,8.949377,9.833327,10.605666,9.693352,9.847193,11.002301,8.321142,11.412556,11.101423,9.926136,,,,,,,,,,,,,,,,,,,,,,,,,,,,,,,,,,,,,,,,,,,,,,,,,,Two,,,,,,,,,,,,,,,,,,,,,,,,,,,,,,3,9,Spring,,2022-03-10,38,1.6666666667
Unbalanced,Unbalanced_Colony08,2022-04-17,8Rep5,6,Reward,Reward,Reward,Reward,Reward,Previsited,Previsited,Reward,Previsited,Previsited,Reward,Reward,,,,,,,,,,,,,,,,,,,,,,,,,,,,,,,,,,,,,,,,,,,,,,,,,,Three,,,,,,,,,,,,,,,,,,,,,,,,,,,,,,,,Spring,,2022-03-10,38,1.6666666667
Unbalanced,Unbalanced_Colony08,2022-04-17,8Rep5,6,,L3,R2,O4,R1,R1,R2,R3,R1,L3,R1,L3,,,,,,,,,,,,,,,,,,,,,,,,,,,,,,,,,,,,,,,,,,,,,,,,,,Four,,,,,,,,,,,,,,,,,,,,,,,,,,,,,,,,Spring,,2022-03-10,38,1.6666666667
Unbalanced,Unbalanced_Colony08,2022-04-17,8Rep5,7,1,4,1,6,4,1,5,2,5,3,7,6,2,1,4,8,,,,,,,,,,,,,,,,,,,,,,,,,,,,,,,,,,,,,,,,,,,,,8,One,16,0,8,8,0,0,3,2,2,4,4,0,2,2,7,0.1333333333,0.1333333333,0.4666666667,0.2666666667,0,3,4,3,8,11,0.4,0.7272727273,0.2272727273,0.2272727273,,,Spring,,2022-03-10,38,1.6666666667
Unbalanced,Unbalanced_Colony08,2022-04-17,8Rep5,7,5.977965,11.177211,10.497856,10.32371,10.276398,11.688844,11.32353,11.080702,9.66544,11.462525,10.944107,8.281506,7.919595,5.691425,11.353443,10.072554,,,,,,,,,,,,,,,,,,,,,,,,,,,,,,,,,,,,,,,,,,,,,,Two,,,,,,,,,,,,,,,,,,,,,,,,,,,,,,4,12,Spring,,2022-03-10,38,1.6666666667
Unbalanced,Unbalanced_Colony08,2022-04-17,8Rep5,7,Reward,Reward,Previsited,Reward,Previsited,Previsited,Reward,Reward,Previsited,Reward,Reward,Previsited,Previsited,Previsited,Previsited,Reward,,,,,,,,,,,,,,,,,,,,,,,,,,,,,,,,,,,,,,,,,,,,,,Three,,,,,,,,,,,,,,,,,,,,,,,,,,,,,,,,Spring,,2022-03-10,38,1.6666666667
Unbalanced,Unbalanced_Colony08,2022-04-17,8Rep5,7,,L3,R3,R3,R2,R3,O4,R3,L3,R2,O4,R1,O4,R1,L3,O4,,,,,,,,,,,,,,,,,,,,,,,,,,,,,,,,,,,,,,,,,,,,,,Four,,,,,,,,,,,,,,,,,,,,,,,,,,,,,,,,Spring,,2022-03-10,38,1.6666666667
Unbalanced,Unbalanced_Colony08,2022-04-17,8Rep5,8,2,2,1,7,5,3,8,6,3,2,1,2,6,8,1,2,8,1,2,3,2,6,3,7,3,8,1,2,3,8,3,6,4,,,,,,,,,,,,,,,,,,,,,,,,,,,,8,One,33,1,8,24,9,1,2,4,6,5,4,1,13,7,7,0.40625,0.21875,0.21875,0.125,0.03125,2,8,12,15,27,0.3076923077,0.5555555556,0.0555555556,0.0555555556,,,Spring,,2022-03-10,38,1.6666666667
Unbalanced,Unbalanced_Colony08,2022-04-17,8Rep5,8,4.36803,4.78065,10.250873,11.434738,10.359842,10.472108,10.543805,9.633867,9.896478,10.490426,11.61673,6.240431,6.389092,10.070715,10.207521,11.780785,10.563844,10.136099,4.762553,11.770257,10.071335,5.910116,11.204279,11.1278,10.844572,10.16918,8.712064,9.161535,11.278892,11.303061,5.492028,9.133321,11.067096,,,,,,,,,,,,,,,,,,,,,,,,,,,,,Two,,,,,,,,,,,,,,,,,,,,,,,,,,,,,,8,25,Spring,,2022-03-10,38,1.6666666667
Unbalanced,Unbalanced_Colony08,2022-04-17,8Rep5,8,Reward,Same,Reward,Reward,Reward,Reward,Reward,Reward,Previsited,Previsited,Previsited,Previsited,Previsited,Previsited,Previsited,Previsited,Previsited,Previsited,Previsited,Previsited,Previsited,Previsited,Previsited,Previsited,Previsited,Previsited,Previsited,Previsited,Previsited,Previsited,Previsited,Previsited,Reward,,,,,,,,,,,,,,,,,,,,,,,,,,,,,Three,,,,,,,,,,,,,,,,,,,,,,,,,,,,,,,,Spring,,2022-03-10,38,1.6666666667
Unbalanced,Unbalanced_Colony08,2022-04-17,8Rep5,8,,S0,R1,R2,R2,R2,R3,R2,R3,R1,R1,L1,O4,L2,L1,L1,R2,L1,L1,L1,R1,O4,R3,O4,O4,R3,L1,L1,L1,R3,L3,L3,R2,,,,,,,,,,,,,,,,,,,,,,,,,,,,,Four,,,,,,,,,,,,,,,,,,,,,,,,,,,,,,,,Spring,,2022-03-10,38,1.6666666667
Unbalanced,Unbalanced_Colony08,2022-04-19,8Rep6,1,4,8,5,5,1,1,1,2,7,7,3,8,4,5,4,4,8,5,4,1,6,7,2,3,,,,,,,,,,,,,,,,,,,,,,,,,,,,,,,,,,,,,8,One,24,5,8,11,4,0,1,2,0,6,5,5,6,0,7,0.2608695652,0,0.3043478261,0.2173913043,0.2173913043,4,5,5,8,13,0.4166666667,0.6153846154,0.1153846154,0.1153846154,,,Spring,,2022-03-10,40,3.6666666667
Unbalanced,Unbalanced_Colony08,2022-04-19,8Rep6,1,10.149975,10.506004,10.876143,10.807553,4.402878,4.370529,11.864623,11.696246,9.707719,9.557711,11.365266,10.267232,11.360034,10.485222,4.635788,9.46065,11.375381,5.828015,6.366537,11.674577,9.89238,9.830888,11.855337,11.43242,,,,,,,,,,,,,,,,,,,,,,,,,,,,,,,,,,,,,,Two,,,,,,,,,,,,,,,,,,,,,,,,,,,,,,5,19,Spring,,2022-03-10,40,3.6666666667
Unbalanced,Unbalanced_Colony08,2022-04-19,8Rep6,1,Reward,Reward,Reward,Same,Reward,Same,Same,Reward,Reward,Same,Reward,Previsited,Previsited,Previsited,Previsited,Same,Previsited,Previsited,Previsited,Previsited,Reward,Previsited,Previsited,Previsited,,,,,,,,,,,,,,,,,,,,,,,,,,,,,,,,,,,,,,Three,,,,,,,,,,,,,,,,,,,,,,,,,,,,,,,,Spring,,2022-03-10,40,3.6666666667
Unbalanced,Unbalanced_Colony08,2022-04-19,8Rep6,1,,O4,R3,S0,O4,S0,S0,L1,R3,S0,O4,R3,O4,L1,R1,S0,O4,R3,R1,R3,R3,L1,L3,L1,,,,,,,,,,,,,,,,,,,,,,,,,,,,,,,,,,,,,,Four,,,,,,,,,,,,,,,,,,,,,,,,,,,,,,,,Spring,,2022-03-10,40,3.6666666667
Unbalanced,Unbalanced_Colony08,2022-04-19,8Rep6,2,1,7,4,7,2,3,6,2,7,3,6,1,2,7,3,8,2,7,3,5,,,,,,,,,,,,,,,,,,,,,,,,,,,,,,,,,,,,,,,,,8,One,20,0,8,12,2,2,5,0,1,5,4,0,2,3,10,0.1052631579,0.1578947368,0.5263157895,0.2105263158,0,4,7,9,6,15,0.5,0.4,-0.1,0.1,,,Spring,,2022-03-10,40,3.6666666667
Unbalanced,Unbalanced_Colony08,2022-04-19,8Rep6,2,7.60425,11.561393,10.95872,8.268267,11.597771,11.311077,11.416245,11.146912,9.326496,11.490584,9.993149,11.730643,11.060454,7.251527,10.71552,11.751313,7.626443,7.51327,11.449713,11.408046,,,,,,,,,,,,,,,,,,,,,,,,,,,,,,,,,,,,,,,,,,Two,,,,,,,,,,,,,,,,,,,,,,,,,,,,,,5,15,Spring,,2022-03-10,40,3.6666666667
Unbalanced,Unbalanced_Colony08,2022-04-19,8Rep6,2,Reward,Reward,Reward,Previsited,Reward,Reward,Reward,Previsited,Previsited,Previsited,Previsited,Previsited,Previsited,Previsited,Previsited,Reward,Previsited,Previsited,Previsited,Reward,,,,,,,,,,,,,,,,,,,,,,,,,,,,,,,,,,,,,,,,,,Three,,,,,,,,,,,,,,,,,,,,,,,,,,,,,,,,Spring,,2022-03-10,40,3.6666666667
Unbalanced,Unbalanced_Colony08,2022-04-19,8Rep6,2,,R2,R3,L3,L3,L1,L3,O4,R3,O4,L3,L3,L1,R3,O4,R3,L2,R3,O4,L2,,,,,,,,,,,,,,,,,,,,,,,,,,,,,,,,,,,,,,,,,,Four,,,,,,,,,,,,,,,,,,,,,,,,,,,,,,,,Spring,,2022-03-10,40,3.6666666667
Unbalanced,Unbalanced_Colony08,2022-04-19,8Rep6,3,8,7,2,5,4,1,4,8,6,1,3,2,2,6,2,6,3,6,8,7,6,1,6,3,8,6,,,,,,,,,,,,,,,,,,,,,,,,,,,,,,,,,,,8,One,26,1,8,17,0,2,6,5,2,5,4,1,5,4,11,0.2,0.16,0.44,0.16,0.04,7,10,8,12,20,0.5263157895,0.6,0.1,0.1,,,Spring,,2022-03-10,40,3.6666666667
Unbalanced,Unbalanced_Colony08,2022-04-19,8Rep6,3,11.812065,10.383673,11.407636,10.881662,9.704345,11.393872,9.620747,10.03123,7.957311,7.253166,4.415831,11.377865,11.710969,6.090606,11.50374,6.654061,10.60721,8.000698,9.43926,11.029958,6.618697,11.645154,5.700152,6.156593,11.755243,9.676506,,,,,,,,,,,,,,,,,,,,,,,,,,,,,,,,,,,,Two,,,,,,,,,,,,,,,,,,,,,,,,,,,,,,9,17,Spring,,2022-03-10,40,3.6666666667
Unbalanced,Unbalanced_Colony08,2022-04-19,8Rep6,3,Reward,Reward,Reward,Reward,Reward,Reward,Previsited,Previsited,Reward,Previsited,Reward,Previsited,Same,Previsited,Previsited,Previsited,Previsited,Previsited,Previsited,Previsited,Previsited,Previsited,Previsited,Previsited,Previsited,Previsited,,,,,,,,,,,,,,,,,,,,,,,,,,,,,,,,,,,,Three,,,,,,,,,,,,,,,,,,,,,,,,,,,,,,,,Spring,,2022-03-10,40,3.6666666667
Unbalanced,Unbalanced_Colony08,2022-04-19,8Rep6,3,,R1,L3,L3,R1,R3,L3,O4,R2,L3,L2,R1,S0,O4,O4,O4,R3,L3,L2,R1,R1,L3,R3,R3,R3,R2,,,,,,,,,,,,,,,,,,,,,,,,,,,,,,,,,,,,Four,,,,,,,,,,,,,,,,,,,,,,,,,,,,,,,,Spring,,2022-03-10,40,3.6666666667
Unbalanced,Unbalanced_Colony08,2022-04-19,8Rep6,4,7,4,1,6,1,4,5,8,7,3,7,5,2,,,,,,,,,,,,,,,,,,,,,,,,,,,,,,,,,,,,,,,,,,,,,,,,8,One,13,0,8,5,1,0,3,1,1,4,2,0,2,1,7,0.1666666667,0.0833333333,0.5833333333,0.1666666667,0,5,2,4,6,10,0.2222222222,0.6,0.1,0.1,,,Spring,,2022-03-10,40,3.6666666667
Unbalanced,Unbalanced_Colony08,2022-04-19,8Rep6,4,10.248743,10.46533,9.960012,10.964695,10.221948,9.357981,11.339579,11.793519,10.081645,11.07435,9.774096,11.421793,11.581742,,,,,,,,,,,,,,,,,,,,,,,,,,,,,,,,,,,,,,,,,,,,,,,,,Two,,,,,,,,,,,,,,,,,,,,,,,,,,,,,,0,13,Spring,,2022-03-10,40,3.6666666667
Unbalanced,Unbalanced_Colony08,2022-04-19,8Rep6,4,Reward,Reward,Reward,Reward,Previsited,Previsited,Reward,Reward,Previsited,Reward,Previsited,Previsited,Reward,,,,,,,,,,,,,,,,,,,,,,,,,,,,,,,,,,,,,,,,,,,,,,,,,Three,,,,,,,,,,,,,,,,,,,,,,,,,,,,,,,,Spring,,2022-03-10,40,3.6666666667
Unbalanced,Unbalanced_Colony08,2022-04-19,8Rep6,4,,R3,R3,R3,L3,L3,L1,L3,R1,O4,O4,R2,R3,,,,,,,,,,,,,,,,,,,,,,,,,,,,,,,,,,,,,,,,,,,,,,,,,Four,,,,,,,,,,,,,,,,,,,,,,,,,,,,,,,,Spring,,2022-03-10,40,3.6666666667
Unbalanced,Unbalanced_Colony08,2022-04-19,8Rep6,5,6,2,1,8,4,2,6,3,3,4,8,4,1,4,1,4,8,4,6,1,5,7,,,,,,,,,,,,,,,,,,,,,,,,,,,,,,,,,,,,,,,8,One,22,1,8,13,1,2,3,2,1,3,8,1,3,3,6,0.1428571429,0.1428571429,0.2857142857,0.380952381,0.0476190476,6,5,6,6,12,0.4545454545,0.5,0,0,,,Spring,,2022-03-10,40,3.6666666667
Unbalanced,Unbalanced_Colony08,2022-04-19,8Rep6,5,11.138935,9.76847,9.978567,9.759626,11.234701,11.042357,11.614364,11.051991,10.68134,10.290444,9.774574,9.281682,11.450155,9.184315,9.79153,9.908623,11.590121,9.379453,11.296575,11.058127,10.237268,10.308215,,,,,,,,,,,,,,,,,,,,,,,,,,,,,,,,,,,,,,,,Two,,,,,,,,,,,,,,,,,,,,,,,,,,,,,,0,22,Spring,,2022-03-10,40,3.6666666667
Unbalanced,Unbalanced_Colony08,2022-04-19,8Rep6,5,Reward,Reward,Reward,Reward,Reward,Previsited,Previsited,Reward,Same,Previsited,Previsited,Previsited,Previsited,Previsited,Previsited,Previsited,Previsited,Previsited,Previsited,Previsited,Reward,Reward,,,,,,,,,,,,,,,,,,,,,,,,,,,,,,,,,,,,,,,,Three,,,,,,,,,,,,,,,,,,,,,,,,,,,,,,,,Spring,,2022-03-10,40,3.6666666667
Unbalanced,Unbalanced_Colony08,2022-04-19,8Rep6,5,,O4,R1,R1,O4,R2,O4,R3,S0,L1,O4,O4,R3,L3,R3,L3,O4,O4,L2,L3,O4,L2,,,,,,,,,,,,,,,,,,,,,,,,,,,,,,,,,,,,,,,,Four,,,,,,,,,,,,,,,,,,,,,,,,,,,,,,,,Spring,,2022-03-10,40,3.6666666667
Unbalanced,Unbalanced_Colony08,2022-04-19,8Rep6,6,8,6,2,5,6,2,6,2,6,2,7,2,1,5,2,6,1,4,3,3,2,2,5,2,5,5,5,7,1,5,4,1,5,4,8,,,,,,,,,,,,,,,,,,,,,,,,,,8,One,35,4,8,23,1,2,6,5,1,4,11,4,6,3,10,0.1764705882,0.0882352941,0.2941176471,0.3235294118,0.1176470588,5,10,9,10,19,0.5555555556,0.5263157895,0.0263157895,0.0263157895,,,Spring,,2022-03-10,40,3.6666666667
Unbalanced,Unbalanced_Colony08,2022-04-19,8Rep6,6,5.217108,10.670951,10.296049,10.333259,11.42,9.461165,9.814358,11.297972,9.835229,9.895926,11.580968,11.444298,9.651656,11.007881,9.438062,10.296125,11.424693,11.297317,10.599103,9.405166,4.583352,8.155708,7.727423,9.813265,4.360482,4.634652,4.877086,9.810941,9.845134,10.820676,11.384493,11.602929,7.631655,10.89117,10.307572,,,,,,,,,,,,,,,,,,,,,,,,,,,Two,,,,,,,,,,,,,,,,,,,,,,,,,,,,,,8,27,Spring,,2022-03-10,40,3.6666666667
Unbalanced,Unbalanced_Colony08,2022-04-19,8Rep6,6,Reward,Reward,Reward,Reward,Previsited,Previsited,Previsited,Previsited,Previsited,Previsited,Reward,Previsited,Reward,Previsited,Previsited,Previsited,Previsited,Reward,Reward,Same,Previsited,Same,Previsited,Previsited,Previsited,Same,Same,Previsited,Previsited,Previsited,Previsited,Previsited,Previsited,Previsited,Previsited,,,,,,,,,,,,,,,,,,,,,,,,,,,Three,,,,,,,,,,,,,,,,,,,,,,,,,,,,,,,,Spring,,2022-03-10,40,3.6666666667
Unbalanced,Unbalanced_Colony08,2022-04-19,8Rep6,6,,R2,O4,L3,L1,O4,O4,O4,O4,O4,R3,L3,R1,O4,R3,O4,L3,L3,R1,S0,R1,S0,L3,R3,L3,S0,S0,L2,L2,O4,R1,R3,O4,R1,O4,,,,,,,,,,,,,,,,,,,,,,,,,,,Four,,,,,,,,,,,,,,,,,,,,,,,,,,,,,,,,Spring,,2022-03-10,40,3.6666666667
Unbalanced,Unbalanced_Colony08,2022-04-19,8Rep6,7,2,2,6,8,4,1,4,6,2,6,2,7,8,3,8,3,5,6,3,2,6,2,7,4,6,2,8,4,6,8,3,1,7,,,,,,,,,,,,,,,,,,,,,,,,,,,,8,One,33,1,8,24,2,6,4,1,3,6,9,1,3,9,10,0.09375,0.28125,0.3125,0.28125,0.03125,2,11,12,10,22,0.5238095238,0.4545454545,-0.045454545,0.0454545455,,,Spring,,2022-03-10,40,3.6666666667
Unbalanced,Unbalanced_Colony08,2022-04-19,8Rep6,7,9.839252,9.972001,9.838796,9.511037,10.577766,9.773138,10.504446,9.894035,9.909784,11.156159,9.913402,10.208667,10.427059,11.101353,9.529709,11.468169,10.918269,9.85307,11.267064,11.273273,7.550873,9.88418,6.939588,8.966698,5.994377,9.755851,10.682015,9.642685,7.93823,9.393844,11.657049,11.183296,9.633523,,,,,,,,,,,,,,,,,,,,,,,,,,,,,Two,,,,,,,,,,,,,,,,,,,,,,,,,,,,,,5,28,Spring,,2022-03-10,40,3.6666666667
Unbalanced,Unbalanced_Colony08,2022-04-19,8Rep6,7,Reward,Same,Reward,Reward,Reward,Reward,Previsited,Previsited,Previsited,Previsited,Previsited,Reward,Previsited,Reward,Previsited,Previsited,Reward,Previsited,Previsited,Previsited,Previsited,Previsited,Previsited,Previsited,Previsited,Previsited,Previsited,Previsited,Previsited,Previsited,Previsited,Previsited,Previsited,,,,,,,,,,,,,,,,,,,,,,,,,,,,,Three,,,,,,,,,,,,,,,,,,,,,,,,,,,,,,,,Spring,,2022-03-10,40,3.6666666667
Unbalanced,Unbalanced_Colony08,2022-04-19,8Rep6,7,,S0,O4,L2,O4,R3,L3,L2,O4,O4,O4,R3,L1,L3,R3,L3,L2,L1,R3,R1,O4,O4,R3,R3,L2,O4,R2,O4,L2,L2,L3,R2,R2,,,,,,,,,,,,,,,,,,,,,,,,,,,,,Four,,,,,,,,,,,,,,,,,,,,,,,,,,,,,,,,Spring,,2022-03-10,40,3.6666666667
Unbalanced,Unbalanced_Colony08,2022-04-19,8Rep6,8,2,1,7,4,3,7,3,2,7,3,4,6,1,8,7,1,8,6,5,,,,,,,,,,,,,,,,,,,,,,,,,,,,,,,,,,,,,,,,,,8,One,19,0,8,11,1,2,1,7,2,2,3,0,8,4,3,0.4444444444,0.2222222222,0.1666666667,0.1666666667,0,6,4,4,11,15,0.2857142857,0.7333333333,0.2333333333,0.2333333333,,,Spring,,2022-03-10,40,3.6666666667
Unbalanced,Unbalanced_Colony08,2022-04-19,8Rep6,8,8.425203,8.206648,11.351177,10.90049,10.500325,10.207235,9.981751,11.298921,9.606574,9.249685,6.577929,10.146306,10.517446,10.631293,9.100994,5.308959,6.003962,9.908623,10.166477,,,,,,,,,,,,,,,,,,,,,,,,,,,,,,,,,,,,,,,,,,,Two,,,,,,,,,,,,,,,,,,,,,,,,,,,,,,5,14,Spring,,2022-03-10,40,3.6666666667
Unbalanced,Unbalanced_Colony08,2022-04-19,8Rep6,8,Reward,Reward,Reward,Reward,Reward,Previsited,Previsited,Previsited,Previsited,Previsited,Previsited,Reward,Previsited,Reward,Previsited,Previsited,Previsited,Previsited,Reward,,,,,,,,,,,,,,,,,,,,,,,,,,,,,,,,,,,,,,,,,,,Three,,,,,,,,,,,,,,,,,,,,,,,,,,,,,,,,Spring,,2022-03-10,40,3.6666666667
Unbalanced,Unbalanced_Colony08,2022-04-19,8Rep6,8,,R1,R2,R3,R1,O4,O4,R1,R3,O4,L1,L2,L3,R1,R1,L2,R1,R2,R1,,,,,,,,,,,,,,,,,,,,,,,,,,,,,,,,,,,,,,,,,,,Four,,,,,,,,,,,,,,,,,,,,,,,,,,,,,,,,Spring,,2022-03-10,40,3.6666666667
Unbalanced,Unbalanced_Colony09,2022-05-10,9Rep1,1,8,7,3,6,4,1,3,8,7,6,1,3,1,8,7,5,4,7,5,1,8,7,6,5,8,5,3,8,6,2,,,,,,,,,,,,,,,,,,,,,,,,,,,,,,,8,One,30,0,8,22,0,2,4,10,6,4,3,0,10,8,8,0.3448275862,0.275862069,0.275862069,0.1034482759,0,7,10,6,20,26,0.4,0.7692307692,0.2692307692,0.2692307692,,,Spring,,2022-04-18,22,-1.166666667
Unbalanced,Unbalanced_Colony09,2022-05-10,9Rep1,1,6.306458,10.895178,10.960054,11.393274,11.177926,10.338955,9.243044,11.383415,11.464718,11.065528,9.792386,11.16957,10.092776,9.99231,9.894882,11.344529,9.578613,11.742087,11.078925,9.914189,11.748078,9.829302,9.862147,11.424693,11.649489,11.533101,11.161469,9.764419,10.312828,9.695925,,,,,,,,,,,,,,,,,,,,,,,,,,,,,,,,Two,,,,,,,,,,,,,,,,,,,,,,,,,,,,,,1,29,Spring,,2022-04-18,22,-1.166666667
Unbalanced,Unbalanced_Colony09,2022-05-10,9Rep1,1,Reward,Reward,Reward,Reward,Reward,Reward,Previsited,Previsited,Previsited,Previsited,Previsited,Previsited,Previsited,Previsited,Previsited,Reward,Previsited,Previsited,Previsited,Previsited,Previsited,Previsited,Previsited,Previsited,Previsited,Previsited,Previsited,Previsited,Previsited,Reward,,,,,,,,,,,,,,,,,,,,,,,,,,,,,,,,Three,,,,,,,,,,,,,,,,,,,,,,,,,,,,,,,,Spring,,2022-04-18,22,-1.166666667
Unbalanced,Unbalanced_Colony09,2022-05-10,9Rep1,1,,R1,O4,L3,R2,R3,L2,R3,R1,R1,L3,L2,R2,R1,R1,R2,R1,L3,R2,O4,R1,R1,R1,R1,L3,R3,R2,R3,R2,O4,,,,,,,,,,,,,,,,,,,,,,,,,,,,,,,,Four,,,,,,,,,,,,,,,,,,,,,,,,,,,,,,,,Spring,,2022-04-18,22,-1.166666667
Unbalanced,Unbalanced_Colony09,2022-05-10,9Rep1,2,3,3,6,5,3,1,8,7,3,8,7,5,4,2,,,,,,,,,,,,,,,,,,,,,,,,,,,,,,,,,,,,,,,,,,,,,,,8,One,14,1,8,5,0,0,1,5,4,1,1,1,5,4,2,0.3846153846,0.3076923077,0.1538461538,0.0769230769,0.0769230769,2,1,1,10,11,0.1,0.9090909091,0.4090909091,0.4090909091,,,Spring,,2022-04-18,22,-1.166666667
Unbalanced,Unbalanced_Colony09,2022-05-10,9Rep1,2,4.406639,10.933415,10.368644,9.886723,9.799251,11.60911,11.959093,10.058882,9.56026,9.867739,11.767607,10.455342,11.312714,9.774574,,,,,,,,,,,,,,,,,,,,,,,,,,,,,,,,,,,,,,,,,,,,,,,,Two,,,,,,,,,,,,,,,,,,,,,,,,,,,,,,1,13,Spring,,2022-04-18,22,-1.166666667
Unbalanced,Unbalanced_Colony09,2022-05-10,9Rep1,2,Reward,Same,Reward,Reward,Previsited,Reward,Reward,Reward,Previsited,Previsited,Previsited,Previsited,Reward,Reward,,,,,,,,,,,,,,,,,,,,,,,,,,,,,,,,,,,,,,,,,,,,,,,,Three,,,,,,,,,,,,,,,,,,,,,,,,,,,,,,,,Spring,,2022-04-18,22,-1.166666667
Unbalanced,Unbalanced_Colony09,2022-05-10,9Rep1,2,,S0,L3,R1,R2,R2,R1,R1,O4,R3,R1,R2,R1,R2,,,,,,,,,,,,,,,,,,,,,,,,,,,,,,,,,,,,,,,,,,,,,,,,Four,,,,,,,,,,,,,,,,,,,,,,,,,,,,,,,,Spring,,2022-04-18,22,-1.166666667
Unbalanced,Unbalanced_Colony09,2022-05-10,9Rep1,3,6,8,7,1,6,4,3,8,6,4,7,4,1,5,5,3,8,3,8,7,6,5,3,6,4,8,2,,,,,,,,,,,,,,,,,,,,,,,,,,,,,,,,,,8,One,27,1,8,18,0,3,3,5,6,6,2,1,5,9,9,0.1923076923,0.3461538462,0.3461538462,0.0769230769,0.0384615385,5,10,6,17,23,0.4545454545,0.7391304348,0.2391304348,0.2391304348,,,Spring,,2022-04-18,22,-1.166666667
Unbalanced,Unbalanced_Colony09,2022-05-10,9Rep1,3,10.959841,10.119451,10.883596,10.182206,9.604017,11.194706,11.588944,11.690178,11.118758,11.353598,9.703542,11.254515,11.801053,10.291675,11.173949,11.393188,10.999183,11.584738,9.941931,11.397567,10.90083,10.265941,10.465051,10.426685,10.821216,9.562299,9.930691,,,,,,,,,,,,,,,,,,,,,,,,,,,,,,,,,,,Two,,,,,,,,,,,,,,,,,,,,,,,,,,,,,,0,27,Spring,,2022-04-18,22,-1.166666667
Unbalanced,Unbalanced_Colony09,2022-05-10,9Rep1,3,Reward,Reward,Reward,Reward,Previsited,Reward,Reward,Previsited,Previsited,Previsited,Previsited,Previsited,Previsited,Reward,Same,Previsited,Previsited,Previsited,Previsited,Previsited,Previsited,Previsited,Previsited,Previsited,Previsited,Previsited,Reward,,,,,,,,,,,,,,,,,,,,,,,,,,,,,,,,,,,Three,,,,,,,,,,,,,,,,,,,,,,,,,,,,,,,,Spring,,2022-04-18,22,-1.166666667
Unbalanced,Unbalanced_Colony09,2022-05-10,9Rep1,3,,L2,R1,L2,R3,R2,R1,R3,R2,R2,L3,R3,R3,O4,S0,R2,R3,L3,R3,R1,R1,R1,R2,L3,R2,O4,L2,,,,,,,,,,,,,,,,,,,,,,,,,,,,,,,,,,,Four,,,,,,,,,,,,,,,,,,,,,,,,,,,,,,,,Spring,,2022-04-18,22,-1.166666667
Unbalanced,Unbalanced_Colony09,2022-05-10,9Rep1,4,7,1,8,7,5,3,2,6,4,3,1,4,8,6,3,1,7,6,1,4,7,6,3,6,4,2,1,6,8,1,5,,,,,,,,,,,,,,,,,,,,,,,,,,,,,,8,One,31,0,8,23,1,2,5,7,9,3,3,0,8,11,8,0.2666666667,0.3666666667,0.2666666667,0.1,0,4,8,8,19,27,0.3076923077,0.7037037037,0.2037037037,0.2037037037,,,Spring,,2022-04-18,22,-1.166666667
Unbalanced,Unbalanced_Colony09,2022-05-10,9Rep1,4,9.132403,10.820225,11.454342,10.770027,4.726893,11.507535,11.707506,11.333441,11.298921,11.350764,11.386907,9.520378,9.853545,11.272167,10.198351,10.175006,10.617,9.378891,9.998979,11.084501,11.246354,10.168797,10.208056,9.931554,10.538479,11.733119,11.755675,9.853288,11.672356,11.449713,9.510278,,,,,,,,,,,,,,,,,,,,,,,,,,,,,,,Two,,,,,,,,,,,,,,,,,,,,,,,,,,,,,,1,30,Spring,,2022-04-18,22,-1.166666667
Unbalanced,Unbalanced_Colony09,2022-05-10,9Rep1,4,Reward,Reward,Reward,Previsited,Reward,Reward,Reward,Reward,Reward,Previsited,Previsited,Previsited,Previsited,Previsited,Previsited,Previsited,Previsited,Previsited,Previsited,Previsited,Previsited,Previsited,Previsited,Previsited,Previsited,Previsited,Previsited,Previsited,Previsited,Previsited,Previsited,,,,,,,,,,,,,,,,,,,,,,,,,,,,,,,Three,,,,,,,,,,,,,,,,,,,,,,,,,,,,,,,,Spring,,2022-04-18,22,-1.166666667
Unbalanced,Unbalanced_Colony09,2022-05-10,9Rep1,4,,L2,R1,R1,R2,R2,R1,O4,R2,R1,R2,L3,O4,R2,R3,R2,R2,R1,L3,L3,L3,R1,R3,L3,R2,R2,R1,R3,L2,L1,O4,,,,,,,,,,,,,,,,,,,,,,,,,,,,,,,Four,,,,,,,,,,,,,,,,,,,,,,,,,,,,,,,,Spring,,2022-04-18,22,-1.166666667
Unbalanced,Unbalanced_Colony09,2022-05-10,9Rep1,5,6,5,7,1,8,6,3,1,4,2,,,,,,,,,,,,,,,,,,,,,,,,,,,,,,,,,,,,,,,,,,,,,,,,,,,8,One,10,0,8,2,0,2,1,2,3,1,0,0,2,5,2,0.2222222222,0.5555555556,0.2222222222,0,0,6,4,3,6,9,0.5,0.6666666667,0.1666666667,0.1666666667,,,Spring,,2022-04-18,22,-1.166666667
Unbalanced,Unbalanced_Colony09,2022-05-10,9Rep1,5,11.551695,9.772799,11.406679,11.874723,11.852114,9.951377,11.21513,10.497021,11.238101,9.827378,,,,,,,,,,,,,,,,,,,,,,,,,,,,,,,,,,,,,,,,,,,,,,,,,,,,Two,,,,,,,,,,,,,,,,,,,,,,,,,,,,,,0,10,Spring,,2022-04-18,22,-1.166666667
Unbalanced,Unbalanced_Colony09,2022-05-10,9Rep1,5,Reward,Reward,Reward,Reward,Reward,Previsited,Reward,Previsited,Reward,Reward,,,,,,,,,,,,,,,,,,,,,,,,,,,,,,,,,,,,,,,,,,,,,,,,,,,,Three,,,,,,,,,,,,,,,,,,,,,,,,,,,,,,,,Spring,,2022-04-18,22,-1.166666667
Unbalanced,Unbalanced_Colony09,2022-05-10,9Rep1,5,,R1,L2,L2,R1,R2,R3,R2,L3,R2,,,,,,,,,,,,,,,,,,,,,,,,,,,,,,,,,,,,,,,,,,,,,,,,,,,,Four,,,,,,,,,,,,,,,,,,,,,,,,,,,,,,,,Spring,,2022-04-18,22,-1.166666667
Unbalanced,Unbalanced_Colony09,2022-05-10,9Rep1,6,3,1,5,6,1,3,1,6,4,1,6,4,7,6,1,8,6,3,6,8,3,8,6,5,2,,,,,,,,,,,,,,,,,,,,,,,,,,,,,,,,,,,,8,One,25,0,8,17,1,2,5,3,6,6,1,0,4,8,11,0.1666666667,0.3333333333,0.4583333333,0.0416666667,0,5,8,8,15,23,0.3636363636,0.652173913,0.152173913,0.152173913,,,Spring,,2022-04-18,22,-1.166666667
Unbalanced,Unbalanced_Colony09,2022-05-10,9Rep1,6,8.399436,11.680353,11.099527,9.899944,10.000383,11.689511,9.912223,11.178414,9.812451,9.759387,9.571264,11.530938,11.183644,9.290142,10.797069,11.817609,10.0501,11.541988,9.715086,9.102622,11.211149,10.401454,11.179652,11.560213,10.099167,,,,,,,,,,,,,,,,,,,,,,,,,,,,,,,,,,,,,Two,,,,,,,,,,,,,,,,,,,,,,,,,,,,,,1,24,Spring,,2022-04-18,22,-1.166666667
Unbalanced,Unbalanced_Colony09,2022-05-10,9Rep1,6,Reward,Reward,Reward,Reward,Previsited,Previsited,Previsited,Previsited,Reward,Previsited,Previsited,Previsited,Reward,Previsited,Previsited,Reward,Previsited,Previsited,Previsited,Previsited,Previsited,Previsited,Previsited,Previsited,Reward,,,,,,,,,,,,,,,,,,,,,,,,,,,,,,,,,,,,,Three,,,,,,,,,,,,,,,,,,,,,,,,,,,,,,,,Spring,,2022-04-18,22,-1.166666667
Unbalanced,Unbalanced_Colony09,2022-05-10,9Rep1,6,,R2,O4,L1,L3,L2,R2,R3,R2,R3,R3,R2,L3,R1,L3,R1,R2,R3,L3,L2,L3,R3,R2,R1,R3,,,,,,,,,,,,,,,,,,,,,,,,,,,,,,,,,,,,,Four,,,,,,,,,,,,,,,,,,,,,,,,,,,,,,,,Spring,,2022-04-18,22,-1.166666667
Unbalanced,Unbalanced_Colony09,2022-05-10,9Rep1,7,4,2,1,8,6,5,4,2,7,5,1,3,,,,,,,,,,,,,,,,,,,,,,,,,,,,,,,,,,,,,,,,,,,,,,,,,8,One,12,0,8,4,0,1,0,4,4,1,1,0,4,5,1,0.3636363636,0.4545454545,0.0909090909,0.0909090909,0,7,1,1,9,10,0.1111111111,0.9,0.4,0.4,,,Spring,,2022-04-18,22,-1.166666667
Unbalanced,Unbalanced_Colony09,2022-05-10,9Rep1,7,11.04744,11.493365,11.742883,10.307383,11.195281,9.721263,10.387558,10.008819,11.702494,9.648667,10.306059,9.669735,,,,,,,,,,,,,,,,,,,,,,,,,,,,,,,,,,,,,,,,,,,,,,,,,,Two,,,,,,,,,,,,,,,,,,,,,,,,,,,,,,0,12,Spring,,2022-04-18,22,-1.166666667
Unbalanced,Unbalanced_Colony09,2022-05-10,9Rep1,7,Reward,Reward,Reward,Reward,Reward,Reward,Previsited,Previsited,Reward,Previsited,Previsited,Reward,,,,,,,,,,,,,,,,,,,,,,,,,,,,,,,,,,,,,,,,,,,,,,,,,,Three,,,,,,,,,,,,,,,,,,,,,,,,,,,,,,,,Spring,,2022-04-18,22,-1.166666667
Unbalanced,Unbalanced_Colony09,2022-05-10,9Rep1,7,,R2,R1,R1,R2,R1,R1,R2,R3,R2,O4,L2,,,,,,,,,,,,,,,,,,,,,,,,,,,,,,,,,,,,,,,,,,,,,,,,,,Four,,,,,,,,,,,,,,,,,,,,,,,,,,,,,,,,Spring,,2022-04-18,22,-1.166666667
Unbalanced,Unbalanced_Colony09,2022-05-10,9Rep1,8,4,2,1,6,4,2,1,8,7,5,4,8,5,3,,,,,,,,,,,,,,,,,,,,,,,,,,,,,,,,,,,,,,,,,,,,,,,8,One,14,0,8,6,0,0,0,5,5,2,1,0,5,5,2,0.3846153846,0.3846153846,0.1538461538,0.0769230769,0,5,0,0,12,12,0,1,0.5,0.5,,,Spring,,2022-04-18,22,-1.166666667
Unbalanced,Unbalanced_Colony09,2022-05-10,9Rep1,8,10.625369,11.118758,10.353443,11.433528,9.664028,9.642685,11.282693,10.530578,11.661129,9.986827,9.313884,9.948047,9.079315,9.614201,,,,,,,,,,,,,,,,,,,,,,,,,,,,,,,,,,,,,,,,,,,,,,,,Two,,,,,,,,,,,,,,,,,,,,,,,,,,,,,,0,14,Spring,,2022-04-18,22,-1.166666667
Unbalanced,Unbalanced_Colony09,2022-05-10,9Rep1,8,Reward,Reward,Reward,Reward,Previsited,Previsited,Previsited,Reward,Reward,Reward,Previsited,Previsited,Previsited,Reward,,,,,,,,,,,,,,,,,,,,,,,,,,,,,,,,,,,,,,,,,,,,,,,,Three,,,,,,,,,,,,,,,,,,,,,,,,,,,,,,,,Spring,,2022-04-18,22,-1.166666667
Unbalanced,Unbalanced_Colony09,2022-05-10,9Rep1,8,,R2,R1,R3,R2,R2,R1,R1,R1,R2,R1,O4,R3,R2,,,,,,,,,,,,,,,,,,,,,,,,,,,,,,,,,,,,,,,,,,,,,,,,Four,,,,,,,,,,,,,,,,,,,,,,,,,,,,,,,,Spring,,2022-04-18,22,-1.166666667
Unbalanced,Unbalanced_Colony09,2022-05-11,9Rep2,1,6,4,3,2,2,3,4,2,7,7,7,2,4,6,1,4,7,6,5,8,,,,,,,,,,,,,,,,,,,,,,,,,,,,,,,,,,,,,,,,,8,One,20,3,8,9,2,2,5,4,2,1,0,3,6,4,6,0.3157894737,0.2105263158,0.3157894737,0,0.1578947368,5,5,9,7,16,0.3333333333,0.4375,-0.0625,0.0625,,,Spring,,2022-04-18,23,-0.166666667
Unbalanced,Unbalanced_Colony09,2022-05-11,9Rep2,1,11.827452,11.333493,11.183923,11.27559,11.275037,11.322841,11.492466,11.484017,11.798195,12.09773,10.69981,11.427764,11.180925,11.708639,11.591735,11.321275,11.785186,10.524801,11.737321,10.504631,,,,,,,,,,,,,,,,,,,,,,,,,,,,,,,,,,,,,,,,,,Two,,,,,,,,,,,,,,,,,,,,,,,,,,,,,,0,20,Spring,,2022-04-18,23,-0.166666667
Unbalanced,Unbalanced_Colony09,2022-05-11,9Rep2,1,Reward,Reward,Reward,Reward,Same,Previsited,Previsited,Previsited,Reward,Same,Same,Previsited,Previsited,Previsited,Reward,Previsited,Previsited,Previsited,Reward,Reward,,,,,,,,,,,,,,,,,,,,,,,,,,,,,,,,,,,,,,,,,,Three,,,,,,,,,,,,,,,,,,,,,,,,,,,,,,,,Spring,,2022-04-18,23,-0.166666667
Unbalanced,Unbalanced_Colony09,2022-05-11,9Rep2,1,,R2,R1,R1,S0,L1,L1,R2,R3,S0,S0,L3,L2,L2,L3,L3,L3,R1,R1,L3,,,,,,,,,,,,,,,,,,,,,,,,,,,,,,,,,,,,,,,,,,Four,,,,,,,,,,,,,,,,,,,,,,,,,,,,,,,,Spring,,2022-04-18,23,-0.166666667
Unbalanced,Unbalanced_Colony09,2022-05-11,9Rep2,2,1,3,1,4,1,3,8,7,5,3,6,2,,,,,,,,,,,,,,,,,,,,,,,,,,,,,,,,,,,,,,,,,,,,,,,,,8,One,12,0,8,4,0,2,2,1,3,2,1,0,1,5,4,0.0909090909,0.4545454545,0.3636363636,0.0909090909,0,3,6,4,6,10,0.6666666667,0.6,0.1,0.1,,,Spring,,2022-04-18,23,-0.166666667
Unbalanced,Unbalanced_Colony09,2022-05-11,9Rep2,2,11.071745,11.481301,11.350833,11.721617,11.337654,11.466946,11.605315,11.22597,11.748858,11.449338,11.728317,9.710369,,,,,,,,,,,,,,,,,,,,,,,,,,,,,,,,,,,,,,,,,,,,,,,,,,Two,,,,,,,,,,,,,,,,,,,,,,,,,,,,,,0,12,Spring,,2022-04-18,23,-0.166666667
Unbalanced,Unbalanced_Colony09,2022-05-11,9Rep2,2,Reward,Reward,Previsited,Reward,Previsited,Previsited,Reward,Reward,Reward,Previsited,Reward,Reward,,,,,,,,,,,,,,,,,,,,,,,,,,,,,,,,,,,,,,,,,,,,,,,,,,Three,,,,,,,,,,,,,,,,,,,,,,,,,,,,,,,,Spring,,2022-04-18,23,-0.166666667
Unbalanced,Unbalanced_Colony09,2022-05-11,9Rep2,2,,L2,R2,L3,R3,L2,R3,R1,R2,R2,L3,O4,,,,,,,,,,,,,,,,,,,,,,,,,,,,,,,,,,,,,,,,,,,,,,,,,,Four,,,,,,,,,,,,,,,,,,,,,,,,,,,,,,,,Spring,,2022-04-18,23,-0.166666667
Unbalanced,Unbalanced_Colony09,2022-05-11,9Rep2,3,1,8,2,3,3,2,6,2,8,6,4,2,7,1,5,,,,,,,,,,,,,,,,,,,,,,,,,,,,,,,,,,,,,,,,,,,,,,8,One,15,1,8,6,1,2,0,2,4,1,3,1,3,6,1,0.2142857143,0.4285714286,0.0714285714,0.2142857143,0.0714285714,5,3,3,7,10,0.3333333333,0.7,0.2,0.2,,,Spring,,2022-04-18,23,-0.166666667
Unbalanced,Unbalanced_Colony09,2022-05-11,9Rep2,3,11.392777,11.632811,11.762537,11.532392,11.661597,11.601552,11.413017,8.813544,11.610739,11.256939,10.285916,10.161299,11.532797,10.680993,9.85123,,,,,,,,,,,,,,,,,,,,,,,,,,,,,,,,,,,,,,,,,,,,,,,Two,,,,,,,,,,,,,,,,,,,,,,,,,,,,,,1,14,Spring,,2022-04-18,23,-0.166666667
Unbalanced,Unbalanced_Colony09,2022-05-11,9Rep2,3,Reward,Reward,Reward,Reward,Same,Previsited,Reward,Previsited,Previsited,Previsited,Reward,Previsited,Reward,Previsited,Reward,,,,,,,,,,,,,,,,,,,,,,,,,,,,,,,,,,,,,,,,,,,,,,,Three,,,,,,,,,,,,,,,,,,,,,,,,,,,,,,,,Spring,,2022-04-18,23,-0.166666667
Unbalanced,Unbalanced_Colony09,2022-05-11,9Rep2,3,,R1,L2,L1,S0,R1,O4,O4,R2,R2,R2,R2,R3,L2,O4,,,,,,,,,,,,,,,,,,,,,,,,,,,,,,,,,,,,,,,,,,,,,,,Four,,,,,,,,,,,,,,,,,,,,,,,,,,,,,,,,Spring,,2022-04-18,23,-0.166666667
Unbalanced,Unbalanced_Colony09,2022-05-11,9Rep2,4,3,3,1,4,6,3,2,7,4,3,7,4,8,7,4,1,3,1,6,1,7,2,5,,,,,,,,,,,,,,,,,,,,,,,,,,,,,,,,,,,,,,8,One,23,1,8,14,0,2,4,3,3,7,2,1,3,5,11,0.1363636364,0.2272727273,0.5,0.0909090909,0.0454545455,2,7,6,13,19,0.3888888889,0.6842105263,0.1842105263,0.1842105263,,,Spring,,2022-04-18,23,-0.166666667
Unbalanced,Unbalanced_Colony09,2022-05-11,9Rep2,4,7.63916,11.532392,11.436443,10.199249,11.098245,11.629241,11.6787,11.573661,10.082689,10.200816,10.85158,9.584289,11.37353,9.233254,10.849316,11.771002,10.094475,11.634822,11.137098,9.817853,11.341745,11.562017,9.802971,,,,,,,,,,,,,,,,,,,,,,,,,,,,,,,,,,,,,,,Two,,,,,,,,,,,,,,,,,,,,,,,,,,,,,,1,22,Spring,,2022-04-18,23,-0.166666667
Unbalanced,Unbalanced_Colony09,2022-05-11,9Rep2,4,Reward,Same,Reward,Reward,Reward,Previsited,Reward,Reward,Previsited,Previsited,Previsited,Previsited,Reward,Previsited,Previsited,Previsited,Previsited,Previsited,Previsited,Previsited,Previsited,Previsited,Reward,,,,,,,,,,,,,,,,,,,,,,,,,,,,,,,,,,,,,,,Three,,,,,,,,,,,,,,,,,,,,,,,,,,,,,,,,Spring,,2022-04-18,23,-0.166666667
Unbalanced,Unbalanced_Colony09,2022-05-11,9Rep2,4,,S0,R2,L3,L2,R3,R1,R3,R3,R1,O4,R3,O4,R1,R3,R3,L2,R2,R3,L3,R2,L3,L3,,,,,,,,,,,,,,,,,,,,,,,,,,,,,,,,,,,,,,,Four,,,,,,,,,,,,,,,,,,,,,,,,,,,,,,,,Spring,,2022-04-18,23,-0.166666667
Unbalanced,Unbalanced_Colony09,2022-05-11,9Rep2,5,5,4,3,2,6,4,2,7,3,6,4,2,4,1,3,1,7,3,8,,,,,,,,,,,,,,,,,,,,,,,,,,,,,,,,,,,,,,,,,,8,One,19,0,8,11,0,2,1,3,6,3,3,0,3,8,4,0.1666666667,0.4444444444,0.2222222222,0.1666666667,0,6,6,3,12,15,0.4285714286,0.8,0.3,0.3,,,Spring,,2022-04-18,23,-0.166666667
Unbalanced,Unbalanced_Colony09,2022-05-11,9Rep2,5,10.241837,9.887413,10.234602,11.623071,10.453944,7.409819,11.672156,11.670619,10.890919,10.899489,11.394728,11.277578,8.50994,10.425769,11.059819,11.7976,11.798146,8.113222,10.462834,,,,,,,,,,,,,,,,,,,,,,,,,,,,,,,,,,,,,,,,,,,Two,,,,,,,,,,,,,,,,,,,,,,,,,,,,,,3,16,Spring,,2022-04-18,23,-0.166666667
Unbalanced,Unbalanced_Colony09,2022-05-11,9Rep2,5,Reward,Reward,Reward,Reward,Reward,Previsited,Previsited,Reward,Previsited,Previsited,Previsited,Previsited,Previsited,Reward,Previsited,Previsited,Previsited,Previsited,Reward,,,,,,,,,,,,,,,,,,,,,,,,,,,,,,,,,,,,,,,,,,,Three,,,,,,,,,,,,,,,,,,,,,,,,,,,,,,,,Spring,,2022-04-18,23,-0.166666667
Unbalanced,Unbalanced_Colony09,2022-05-11,9Rep2,5,,R1,R1,R1,O4,R2,R2,R3,O4,L3,R2,R2,L2,R3,L2,R2,R2,O4,R3,,,,,,,,,,,,,,,,,,,,,,,,,,,,,,,,,,,,,,,,,,,Four,,,,,,,,,,,,,,,,,,,,,,,,,,,,,,,,Spring,,2022-04-18,23,-0.166666667
Unbalanced,Unbalanced_Colony09,2022-05-11,9Rep2,6,4,4,4,1,8,5,6,3,2,7,,,,,,,,,,,,,,,,,,,,,,,,,,,,,,,,,,,,,,,,,,,,,,,,,,,8,One,10,2,8,0,1,0,0,2,0,4,0,2,3,0,4,0.3333333333,0,0.4444444444,0,0.2222222222,2,2,1,6,7,0.3333333333,0.8571428571,0.3571428571,0.3571428571,,,Spring,,2022-04-18,23,-0.166666667
Unbalanced,Unbalanced_Colony09,2022-05-11,9Rep2,6,11.183644,4.347454,4.350278,11.702244,11.601468,11.16208,10.016159,11.061405,11.416876,10.289686,,,,,,,,,,,,,,,,,,,,,,,,,,,,,,,,,,,,,,,,,,,,,,,,,,,,Two,,,,,,,,,,,,,,,,,,,,,,,,,,,,,,2,8,Spring,,2022-04-18,23,-0.166666667
Unbalanced,Unbalanced_Colony09,2022-05-11,9Rep2,6,Reward,Same,Same,Reward,Reward,Reward,Reward,Reward,Reward,Reward,,,,,,,,,,,,,,,,,,,,,,,,,,,,,,,,,,,,,,,,,,,,,,,,,,,,Three,,,,,,,,,,,,,,,,,,,,,,,,,,,,,,,,Spring,,2022-04-18,23,-0.166666667
Unbalanced,Unbalanced_Colony09,2022-05-11,9Rep2,6,,S0,S0,R3,R1,R3,L1,R3,R1,R3,,,,,,,,,,,,,,,,,,,,,,,,,,,,,,,,,,,,,,,,,,,,,,,,,,,,Four,,,,,,,,,,,,,,,,,,,,,,,,,,,,,,,,Spring,,2022-04-18,23,-0.166666667
Unbalanced,Unbalanced_Colony09,2022-05-11,9Rep2,7,7,3,5,6,2,4,7,4,2,8,4,3,8,6,3,8,3,7,2,1,,,,,,,,,,,,,,,,,,,,,,,,,,,,,,,,,,,,,,,,,8,One,20,0,8,12,1,2,3,2,3,4,4,0,3,5,7,0.1578947368,0.2631578947,0.3684210526,0.2105263158,0,7,3,6,9,15,0.2142857143,0.6,0.1,0.1,,,Spring,,2022-04-18,23,-0.166666667
Unbalanced,Unbalanced_Colony09,2022-05-11,9Rep2,7,10.908713,11.706424,10.219869,11.438301,10.204312,11.037325,11.770274,9.69299,11.853002,11.761924,10.22841,11.221663,9.817694,11.689094,11.407294,10.687123,11.24365,10.12209,11.553922,11.464361,,,,,,,,,,,,,,,,,,,,,,,,,,,,,,,,,,,,,,,,,,Two,,,,,,,,,,,,,,,,,,,,,,,,,,,,,,0,20,Spring,,2022-04-18,23,-0.166666667
Unbalanced,Unbalanced_Colony09,2022-05-11,9Rep2,7,Reward,Reward,Reward,Reward,Reward,Reward,Previsited,Previsited,Previsited,Reward,Previsited,Previsited,Previsited,Previsited,Previsited,Previsited,Previsited,Previsited,Previsited,Reward,,,,,,,,,,,,,,,,,,,,,,,,,,,,,,,,,,,,,,,,,,Three,,,,,,,,,,,,,,,,,,,,,,,,,,,,,,,,Spring,,2022-04-18,23,-0.166666667
Unbalanced,Unbalanced_Colony09,2022-05-11,9Rep2,7,,O4,L2,L1,O4,L2,L3,R3,R2,R2,O4,R1,R3,R2,R3,R3,L3,O4,L3,R1,,,,,,,,,,,,,,,,,,,,,,,,,,,,,,,,,,,,,,,,,,Four,,,,,,,,,,,,,,,,,,,,,,,,,,,,,,,,Spring,,2022-04-18,23,-0.166666667
Unbalanced,Unbalanced_Colony09,2022-05-11,9Rep2,8,7,5,3,2,7,3,2,7,4,2,8,6,4,2,1,,,,,,,,,,,,,,,,,,,,,,,,,,,,,,,,,,,,,,,,,,,,,,8,One,15,0,8,7,0,0,0,3,7,3,1,0,3,7,3,0.2142857143,0.5,0.2142857143,0.0714285714,0,5,0,0,13,13,0,1,0.5,0.5,,,Spring,,2022-04-18,23,-0.166666667
Unbalanced,Unbalanced_Colony09,2022-05-11,9Rep2,8,10.56971,11.55237,11.176531,11.196326,9.202019,9.596728,11.417406,10.079538,11.400303,8.965241,11.857475,11.887799,10.785202,9.192185,10.152701,,,,,,,,,,,,,,,,,,,,,,,,,,,,,,,,,,,,,,,,,,,,,,,Two,,,,,,,,,,,,,,,,,,,,,,,,,,,,,,1,14,Spring,,2022-04-18,23,-0.166666667
Unbalanced,Unbalanced_Colony09,2022-05-11,9Rep2,8,Reward,Reward,Reward,Reward,Previsited,Previsited,Previsited,Previsited,Reward,Previsited,Reward,Reward,Previsited,Previsited,Reward,,,,,,,,,,,,,,,,,,,,,,,,,,,,,,,,,,,,,,,,,,,,,,,Three,,,,,,,,,,,,,,,,,,,,,,,,,,,,,,,,Spring,,2022-04-18,23,-0.166666667
Unbalanced,Unbalanced_Colony09,2022-05-11,9Rep2,8,,R2,R2,R1,R3,O4,R1,R3,R3,R2,R2,R2,R2,R2,R1,,,,,,,,,,,,,,,,,,,,,,,,,,,,,,,,,,,,,,,,,,,,,,,Four,,,,,,,,,,,,,,,,,,,,,,,,,,,,,,,,Spring,,2022-04-18,23,-0.166666667
Unbalanced,Unbalanced_Colony09,2022-05-11,9Rep3,1,1,1,6,3,3,3,4,1,2,3,1,5,1,2,4,7,5,6,1,3,4,1,6,5,1,4,3,4,1,5,8,,,,,,,,,,,,,,,,,,,,,,,,,,,,,,8,One,31,3,8,20,7,2,4,2,2,6,4,3,9,4,10,0.3,0.1333333333,0.3333333333,0.1333333333,0.1,2,13,13,10,23,0.5909090909,0.4347826087,-0.065217391,0.0652173913,,,Spring,,2022-04-18,23,-0.166666667
Unbalanced,Unbalanced_Colony09,2022-05-11,9Rep3,1,11.560399,11.726937,11.749836,11.315626,4.431473,4.43956,11.580345,11.577585,11.458239,11.449032,11.43126,11.569905,10.933915,11.486308,11.442492,11.743547,11.764128,11.651011,9.8924,6.883408,11.440397,7.163197,11.805908,11.524462,11.310509,11.421434,11.378688,11.42,5.125703,8.01664,10.100691,,,,,,,,,,,,,,,,,,,,,,,,,,,,,,,Two,,,,,,,,,,,,,,,,,,,,,,,,,,,,,,6,25,Spring,,2022-04-18,23,-0.166666667
Unbalanced,Unbalanced_Colony09,2022-05-11,9Rep3,1,Reward,Same,Reward,Reward,Same,Same,Reward,Previsited,Reward,Previsited,Previsited,Reward,Previsited,Previsited,Previsited,Reward,Previsited,Previsited,Previsited,Previsited,Previsited,Previsited,Previsited,Previsited,Previsited,Previsited,Previsited,Previsited,Previsited,Previsited,Reward,,,,,,,,,,,,,,,,,,,,,,,,,,,,,,,Three,,,,,,,,,,,,,,,,,,,,,,,,,,,,,,,,Spring,,2022-04-18,23,-0.166666667
Unbalanced,Unbalanced_Colony09,2022-05-11,9Rep3,1,,S0,R3,R3,S0,S0,L1,R3,L1,L1,R2,O4,O4,L1,L2,L3,R2,L1,L3,L2,L1,R3,R3,R1,O4,L3,R1,L1,R3,O4,L3,,,,,,,,,,,,,,,,,,,,,,,,,,,,,,,Four,,,,,,,,,,,,,,,,,,,,,,,,,,,,,,,,Spring,,2022-04-18,23,-0.166666667
Unbalanced,Unbalanced_Colony09,2022-05-11,9Rep3,2,4,1,6,3,1,2,1,3,4,7,1,6,2,5,3,5,7,1,6,8,,,,,,,,,,,,,,,,,,,,,,,,,,,,,,,,,,,,,,,,,8,One,20,0,8,12,2,6,2,1,2,5,1,0,3,8,7,0.1578947368,0.4210526316,0.3684210526,0.0526315789,0,5,9,10,8,18,0.5294117647,0.4444444444,-0.055555556,0.0555555556,,,Spring,,2022-04-18,23,-0.166666667
Unbalanced,Unbalanced_Colony09,2022-05-11,9Rep3,2,11.496876,11.830484,11.535755,8.489369,10.080408,11.70744,8.811775,11.769611,11.492212,11.336107,8.600372,11.314299,11.737354,11.539049,11.704842,11.267064,11.077922,6.565739,11.330224,10.360952,,,,,,,,,,,,,,,,,,,,,,,,,,,,,,,,,,,,,,,,,,Two,,,,,,,,,,,,,,,,,,,,,,,,,,,,,,4,16,Spring,,2022-04-18,23,-0.166666667
Unbalanced,Unbalanced_Colony09,2022-05-11,9Rep3,2,Reward,Reward,Reward,Reward,Previsited,Reward,Previsited,Previsited,Previsited,Reward,Previsited,Previsited,Previsited,Reward,Previsited,Previsited,Previsited,Previsited,Previsited,Reward,,,,,,,,,,,,,,,,,,,,,,,,,,,,,,,,,,,,,,,,,,Three,,,,,,,,,,,,,,,,,,,,,,,,,,,,,,,,Spring,,2022-04-18,23,-0.166666667
Unbalanced,Unbalanced_Colony09,2022-05-11,9Rep3,2,,R3,R3,R3,R2,L1,R1,L2,L1,L3,L2,R3,O4,L3,R2,L2,L2,L2,R3,L2,,,,,,,,,,,,,,,,,,,,,,,,,,,,,,,,,,,,,,,,,,Four,,,,,,,,,,,,,,,,,,,,,,,,,,,,,,,,Spring,,2022-04-18,23,-0.166666667
Unbalanced,Unbalanced_Colony09,2022-05-11,9Rep3,3,6,2,4,2,6,2,6,3,1,8,8,4,2,6,3,5,4,2,8,3,1,2,7,,,,,,,,,,,,,,,,,,,,,,,,,,,,,,,,,,,,,,8,One,23,1,8,14,1,2,1,2,6,3,6,1,3,8,4,0.1363636364,0.3636363636,0.1818181818,0.2727272727,0.0454545455,4,7,4,11,15,0.5,0.7333333333,0.2333333333,0.2333333333,,,Spring,,2022-04-18,23,-0.166666667
Unbalanced,Unbalanced_Colony09,2022-05-11,9Rep3,3,11.294159,10.544045,11.230588,11.672223,11.475459,11.621193,8.492491,11.533372,11.791899,11.671421,11.807444,11.139915,11.650693,10.431227,10.502441,10.275487,8.265674,4.96078,11.790791,11.332271,11.476444,8.907481,10.483363,,,,,,,,,,,,,,,,,,,,,,,,,,,,,,,,,,,,,,,Two,,,,,,,,,,,,,,,,,,,,,,,,,,,,,,4,19,Spring,,2022-04-18,23,-0.166666667
Unbalanced,Unbalanced_Colony09,2022-05-11,9Rep3,3,Reward,Reward,Reward,Previsited,Previsited,Previsited,Previsited,Reward,Reward,Reward,Same,Previsited,Previsited,Previsited,Previsited,Reward,Previsited,Previsited,Previsited,Previsited,Previsited,Previsited,Reward,,,,,,,,,,,,,,,,,,,,,,,,,,,,,,,,,,,,,,,Three,,,,,,,,,,,,,,,,,,,,,,,,,,,,,,,,Spring,,2022-04-18,23,-0.166666667
Unbalanced,Unbalanced_Colony09,2022-05-11,9Rep3,3,,O4,L2,R2,O4,O4,O4,R3,R2,R1,S0,O4,R2,O4,R3,L2,R1,R2,R2,L3,R2,L1,R3,,,,,,,,,,,,,,,,,,,,,,,,,,,,,,,,,,,,,,,Four,,,,,,,,,,,,,,,,,,,,,,,,,,,,,,,,Spring,,2022-04-18,23,-0.166666667
Unbalanced,Unbalanced_Colony09,2022-05-11,9Rep3,4,4,7,8,1,2,6,5,2,1,4,1,7,7,6,2,8,5,3,,,,,,,,,,,,,,,,,,,,,,,,,,,,,,,,,,,,,,,,,,,8,One,18,1,8,9,3,0,2,3,3,3,2,1,6,3,5,0.3529411765,0.1764705882,0.2941176471,0.1176470588,0.0588235294,8,3,5,9,14,0.2307692308,0.6428571429,0.1428571429,0.1428571429,,,Spring,,2022-04-18,23,-0.166666667
Unbalanced,Unbalanced_Colony09,2022-05-11,9Rep3,4,11.632426,9.933831,11.3359,11.542022,10.476239,10.561334,9.991061,11.355898,10.325409,11.43242,11.540282,9.982063,4.477508,11.226213,10.092776,11.360034,11.53229,9.949458,,,,,,,,,,,,,,,,,,,,,,,,,,,,,,,,,,,,,,,,,,,,Two,,,,,,,,,,,,,,,,,,,,,,,,,,,,,,1,17,Spring,,2022-04-18,23,-0.166666667
Unbalanced,Unbalanced_Colony09,2022-05-11,9Rep3,4,Reward,Reward,Reward,Reward,Reward,Reward,Reward,Previsited,Previsited,Previsited,Previsited,Previsited,Same,Previsited,Previsited,Previsited,Previsited,Reward,,,,,,,,,,,,,,,,,,,,,,,,,,,,,,,,,,,,,,,,,,,,Three,,,,,,,,,,,,,,,,,,,,,,,,,,,,,,,,Spring,,2022-04-18,23,-0.166666667
Unbalanced,Unbalanced_Colony09,2022-05-11,9Rep3,4,,L3,L1,L1,L1,O4,R1,R3,R1,L3,R3,R2,S0,R1,O4,R2,R3,R2,,,,,,,,,,,,,,,,,,,,,,,,,,,,,,,,,,,,,,,,,,,,Four,,,,,,,,,,,,,,,,,,,,,,,,,,,,,,,,Spring,,2022-04-18,23,-0.166666667
Unbalanced,Unbalanced_Colony09,2022-05-11,9Rep3,5,1,3,6,3,7,2,8,4,6,2,4,1,4,1,4,7,8,2,5,,,,,,,,,,,,,,,,,,,,,,,,,,,,,,,,,,,,,,,,,,8,One,19,0,8,11,1,4,6,0,1,3,3,0,1,5,9,0.0555555556,0.2777777778,0.5,0.1666666667,0,4,8,11,4,15,0.5714285714,0.2666666667,-0.233333333,0.2333333333,,,Spring,,2022-04-18,23,-0.166666667
Unbalanced,Unbalanced_Colony09,2022-05-11,9Rep3,5,11.871719,11.501978,11.206975,11.197858,10.272091,11.791783,10.694307,11.017669,11.254601,10.745167,11.257718,11.657986,9.764518,8.468495,11.136415,11.49596,11.617251,11.276679,10.610811,,,,,,,,,,,,,,,,,,,,,,,,,,,,,,,,,,,,,,,,,,,Two,,,,,,,,,,,,,,,,,,,,,,,,,,,,,,1,18,Spring,,2022-04-18,23,-0.166666667
Unbalanced,Unbalanced_Colony09,2022-05-11,9Rep3,5,Reward,Reward,Reward,Previsited,Reward,Reward,Reward,Reward,Previsited,Previsited,Previsited,Previsited,Previsited,Previsited,Previsited,Previsited,Previsited,Previsited,Reward,,,,,,,,,,,,,,,,,,,,,,,,,,,,,,,,,,,,,,,,,,,Three,,,,,,,,,,,,,,,,,,,,,,,,,,,,,,,,Spring,,2022-04-18,23,-0.166666667
Unbalanced,Unbalanced_Colony09,2022-05-11,9Rep3,5,,L2,L3,R3,O4,L3,R2,O4,L2,O4,L2,R3,L3,R3,L3,L3,L1,L2,L3,,,,,,,,,,,,,,,,,,,,,,,,,,,,,,,,,,,,,,,,,,,Four,,,,,,,,,,,,,,,,,,,,,,,,,,,,,,,,Spring,,2022-04-18,23,-0.166666667
Unbalanced,Unbalanced_Colony09,2022-05-11,9Rep3,6,8,2,6,1,6,8,5,8,2,4,8,2,3,6,1,5,6,3,7,,,,,,,,,,,,,,,,,,,,,,,,,,,,,,,,,,,,,,,,,,8,One,19,0,8,11,2,5,4,0,0,3,4,0,2,5,7,0.1111111111,0.2777777778,0.3888888889,0.2222222222,0,5,5,11,3,14,0.3846153846,0.2142857143,-0.285714286,0.2857142857,,,Spring,,2022-04-18,23,-0.166666667
Unbalanced,Unbalanced_Colony09,2022-05-11,9Rep3,6,10.161299,10.468254,10.324861,11.449713,10.564287,10.693687,11.483066,11.570966,11.344787,10.158901,9.876525,11.257718,11.241014,11.082444,9.343973,11.528655,11.673358,11.240113,10.994237,,,,,,,,,,,,,,,,,,,,,,,,,,,,,,,,,,,,,,,,,,,Two,,,,,,,,,,,,,,,,,,,,,,,,,,,,,,0,19,Spring,,2022-04-18,23,-0.166666667
Unbalanced,Unbalanced_Colony09,2022-05-11,9Rep3,6,Reward,Reward,Reward,Reward,Previsited,Previsited,Reward,Previsited,Previsited,Reward,Previsited,Previsited,Reward,Previsited,Previsited,Previsited,Previsited,Previsited,Reward,,,,,,,,,,,,,,,,,,,,,,,,,,,,,,,,,,,,,,,,,,,Three,,,,,,,,,,,,,,,,,,,,,,,,,,,,,,,,Spring,,2022-04-18,23,-0.166666667
Unbalanced,Unbalanced_Colony09,2022-05-11,9Rep3,6,,L2,O4,L3,R3,L2,R3,L3,L2,L2,O4,L2,L1,L3,L3,O4,L1,R3,O4,,,,,,,,,,,,,,,,,,,,,,,,,,,,,,,,,,,,,,,,,,,Four,,,,,,,,,,,,,,,,,,,,,,,,,,,,,,,,Spring,,2022-04-18,23,-0.166666667
Unbalanced,Unbalanced_Colony09,2022-05-11,9Rep3,7,4,2,6,7,8,5,1,4,6,7,3,,,,,,,,,,,,,,,,,,,,,,,,,,,,,,,,,,,,,,,,,,,,,,,,,,8,One,11,0,8,3,3,1,1,0,1,1,3,0,3,2,2,0.3,0.2,0.2,0.3,0,8,3,5,2,7,0.5,0.2857142857,-0.214285714,0.2142857143,,,Spring,,2022-04-18,23,-0.166666667
Unbalanced,Unbalanced_Colony09,2022-05-11,9Rep3,7,11.471908,11.166812,10.293095,11.169395,11.329639,11.485103,11.337104,11.225883,11.510719,11.735195,9.860822,,,,,,,,,,,,,,,,,,,,,,,,,,,,,,,,,,,,,,,,,,,,,,,,,,,Two,,,,,,,,,,,,,,,,,,,,,,,,,,,,,,0,11,Spring,,2022-04-18,23,-0.166666667
Unbalanced,Unbalanced_Colony09,2022-05-11,9Rep3,7,Reward,Reward,Reward,Reward,Reward,Reward,Reward,Previsited,Previsited,Previsited,Reward,,,,,,,,,,,,,,,,,,,,,,,,,,,,,,,,,,,,,,,,,,,,,,,,,,,Three,,,,,,,,,,,,,,,,,,,,,,,,,,,,,,,,Spring,,2022-04-18,23,-0.166666667
Unbalanced,Unbalanced_Colony09,2022-05-11,9Rep3,7,,R2,O4,L1,L1,R3,O4,L3,L2,L1,O4,,,,,,,,,,,,,,,,,,,,,,,,,,,,,,,,,,,,,,,,,,,,,,,,,,,Four,,,,,,,,,,,,,,,,,,,,,,,,,,,,,,,,Spring,,2022-04-18,23,-0.166666667
Unbalanced,Unbalanced_Colony09,2022-05-11,9Rep3,8,4,6,7,3,7,4,3,7,8,5,6,3,4,8,3,6,3,7,8,5,3,4,6,1,5,6,7,8,6,3,1,7,7,3,1,6,4,2,,,,,,,,,,,,,,,,,,,,,,,8,One,38,1,8,29,9,2,3,1,7,7,7,1,10,9,10,0.2702702703,0.2432432432,0.2702702703,0.1891891892,0.027027027,5,11,14,15,29,0.3928571429,0.5172413793,0.0172413793,0.0172413793,,,Spring,,2022-04-18,23,-0.166666667
Unbalanced,Unbalanced_Colony09,2022-05-11,9Rep3,8,11.204697,9.952004,11.463137,11.68771,8.474017,8.373264,10.276493,8.46237,11.610268,10.279072,9.975265,9.418214,11.460773,10.94017,9.086847,11.156578,11.255554,9.760825,11.574149,11.395412,9.513434,7.601712,10.227743,11.743149,11.155722,8.43838,8.233989,11.116513,11.234978,8.259894,11.723213,8.43741,10.679825,11.554327,11.018872,11.393085,10.997783,10.370129,,,,,,,,,,,,,,,,,,,,,,,,Two,,,,,,,,,,,,,,,,,,,,,,,,,,,,,,8,30,Spring,,2022-04-18,23,-0.166666667
Unbalanced,Unbalanced_Colony09,2022-05-11,9Rep3,8,Reward,Reward,Reward,Reward,Previsited,Previsited,Previsited,Previsited,Reward,Reward,Previsited,Previsited,Previsited,Previsited,Previsited,Previsited,Previsited,Previsited,Previsited,Previsited,Previsited,Previsited,Previsited,Reward,Previsited,Previsited,Previsited,Previsited,Previsited,Previsited,Previsited,Previsited,Same,Previsited,Previsited,Previsited,Previsited,Reward,,,,,,,,,,,,,,,,,,,,,,,,Three,,,,,,,,,,,,,,,,,,,,,,,,,,,,,,,,Spring,,2022-04-18,23,-0.166666667
Unbalanced,Unbalanced_Colony09,2022-05-11,9Rep3,8,,L2,L1,O4,O4,R3,R1,O4,L1,R3,L1,R3,L1,O4,L3,L3,R3,O4,L1,R3,R2,L1,L2,L3,O4,L1,L1,L1,R2,R3,R2,R2,S0,O4,R2,R3,R2,R2,,,,,,,,,,,,,,,,,,,,,,,,Four,,,,,,,,,,,,,,,,,,,,,,,,,,,,,,,,Spring,,2022-04-18,23,-0.166666667
Unbalanced,Unbalanced_Colony09,2022-05-11,9Rep4,1,1,2,4,1,5,8,5,3,5,8,3,2,7,4,4,7,5,1,7,5,3,5,2,8,5,8,2,4,2,1,6,,,,,,,,,,,,,,,,,,,,,,,,,,,,,,8,One,31,1,8,22,1,5,5,2,7,7,2,1,3,12,12,0.1,0.4,0.4,0.0666666667,0.0333333333,4,11,11,16,27,0.4230769231,0.5925925926,0.0925925926,0.0925925926,,,Spring,,2022-04-18,23,-0.166666667
Unbalanced,Unbalanced_Colony09,2022-05-11,9Rep4,1,11.018023,10.820514,11.648953,11.403175,11.672173,11.571859,11.602073,11.213652,11.466198,10.940313,11.42111,11.471551,11.847443,11.480621,4.344225,10.78343,9.16968,10.587492,11.731042,10.545062,11.438607,10.072341,11.206193,11.199128,10.129155,11.037413,11.156002,11.514935,9.539196,11.419437,10.161721,,,,,,,,,,,,,,,,,,,,,,,,,,,,,,,Two,,,,,,,,,,,,,,,,,,,,,,,,,,,,,,1,30,Spring,,2022-04-18,23,-0.166666667
Unbalanced,Unbalanced_Colony09,2022-05-11,9Rep4,1,Reward,Reward,Reward,Previsited,Reward,Reward,Previsited,Reward,Previsited,Previsited,Previsited,Previsited,Reward,Previsited,Same,Previsited,Previsited,Previsited,Previsited,Previsited,Previsited,Previsited,Previsited,Previsited,Previsited,Previsited,Previsited,Previsited,Previsited,Previsited,Reward,,,,,,,,,,,,,,,,,,,,,,,,,,,,,,,Three,,,,,,,,,,,,,,,,,,,,,,,,,,,,,,,,Spring,,2022-04-18,23,-0.166666667
Unbalanced,Unbalanced_Colony09,2022-05-11,9Rep4,1,,L1,L2,R3,O4,L3,R3,R2,L2,L3,L3,R1,R3,R3,S0,L3,R2,O4,R2,R2,R2,L2,R3,R2,R3,L3,L2,L2,R2,R1,R3,,,,,,,,,,,,,,,,,,,,,,,,,,,,,,,Four,,,,,,,,,,,,,,,,,,,,,,,,,,,,,,,,Spring,,2022-04-18,23,-0.166666667
Unbalanced,Unbalanced_Colony09,2022-05-11,9Rep4,2,7,5,2,8,6,1,5,8,7,1,6,4,1,7,2,8,5,,,,,,,,,,,,,,,,,,,,,,,,,,,,,,,,,,,,,,,,,,,,7,One,17,0,7,10,0,1,3,1,6,4,1,0,1,7,7,0.0625,0.4375,0.4375,0.0625,0,7,6,4,11,15,0.4285714286,0.7333333333,0.2333333333,0.2333333333,,,Spring,,2022-04-18,23,-0.166666667
Unbalanced,Unbalanced_Colony09,2022-05-11,9Rep4,2,11.616059,10.990318,11.803431,11.687827,11.433852,11.869995,11.186589,11.767822,11.644485,11.903055,11.284144,11.271285,10.078145,11.648234,11.644669,11.890471,9.845134,,,,,,,,,,,,,,,,,,,,,,,,,,,,,,,,,,,,,,,,,,,,,Two,,,,,,,,,,,,,,,,,,,,,,,,,,,,,,0,17,Spring,,2022-04-18,23,-0.166666667
Unbalanced,Unbalanced_Colony09,2022-05-11,9Rep4,2,Reward,Reward,Reward,Reward,Reward,Reward,Previsited,Previsited,Previsited,Previsited,Previsited,Reward,Previsited,Previsited,Previsited,Previsited,Previsited,,,,,,,,,,,,,,,,,,,,,,,,,,,,,,,,,,,,,,,,,,,,,Three,,,,,,,,,,,,,,,,,,,,,,,,,,,,,,,,Spring,,2022-04-18,23,-0.166666667
Unbalanced,Unbalanced_Colony09,2022-05-11,9Rep4,2,,R2,R3,R2,R2,L3,O4,L3,R1,L2,R3,R2,R3,R2,L3,R2,R3,,,,,,,,,,,,,,,,,,,,,,,,,,,,,,,,,,,,,,,,,,,,,Four,,,,,,,,,,,,,,,,,,,,,,,,,,,,,,,,Spring,,2022-04-18,23,-0.166666667
Unbalanced,Unbalanced_Colony09,2022-05-11,9Rep4,3,3,6,8,2,5,6,8,5,7,2,4,2,7,8,5,2,7,2,5,7,5,1,,,,,,,,,,,,,,,,,,,,,,,,,,,,,,,,,,,,,,,8,One,22,0,8,14,2,6,5,0,2,5,1,0,2,8,10,0.0952380952,0.380952381,0.4761904762,0.0476190476,0,6,7,13,7,20,0.3684210526,0.35,-0.15,0.15,,,Spring,,2022-04-18,23,-0.166666667
Unbalanced,Unbalanced_Colony09,2022-05-11,9Rep4,3,11.043822,11.711835,11.313696,10.785798,11.181849,11.559539,10.781731,10.626818,10.56971,11.23503,10.449113,9.874532,11.674009,11.690178,11.31237,10.776161,11.771002,11.216624,10.080292,9.949458,11.281501,10.196229,,,,,,,,,,,,,,,,,,,,,,,,,,,,,,,,,,,,,,,,Two,,,,,,,,,,,,,,,,,,,,,,,,,,,,,,0,22,Spring,,2022-04-18,23,-0.166666667
Unbalanced,Unbalanced_Colony09,2022-05-11,9Rep4,3,Reward,Reward,Reward,Reward,Reward,Previsited,Previsited,Previsited,Reward,Previsited,Reward,Previsited,Previsited,Previsited,Previsited,Previsited,Previsited,Previsited,Previsited,Previsited,Previsited,Reward,,,,,,,,,,,,,,,,,,,,,,,,,,,,,,,,,,,,,,,,Three,,,,,,,,,,,,,,,,,,,,,,,,,,,,,,,,Spring,,2022-04-18,23,-0.166666667
Unbalanced,Unbalanced_Colony09,2022-05-11,9Rep4,3,,L3,L2,L2,L3,L1,L2,R3,L2,L3,L2,R2,R3,L1,R3,R3,R3,L3,L3,L2,R2,O4,,,,,,,,,,,,,,,,,,,,,,,,,,,,,,,,,,,,,,,,Four,,,,,,,,,,,,,,,,,,,,,,,,,,,,,,,,Spring,,2022-04-18,23,-0.166666667
Unbalanced,Unbalanced_Colony09,2022-05-11,9Rep4,4,7,6,8,4,7,4,2,4,1,3,1,8,5,,,,,,,,,,,,,,,,,,,,,,,,,,,,,,,,,,,,,,,,,,,,,,,,8,One,13,0,8,5,0,3,1,2,2,3,1,0,2,5,4,0.1666666667,0.4166666667,0.3333333333,0.0833333333,0,5,6,4,7,11,0.6,0.6363636364,0.1363636364,0.1363636364,,,Spring,,2022-04-18,23,-0.166666667
Unbalanced,Unbalanced_Colony09,2022-05-11,9Rep4,4,10.611711,11.079277,11.4323,11.507535,11.546226,11.546902,11.393274,9.123392,11.546294,11.42239,11.181117,11.419932,10.12492,,,,,,,,,,,,,,,,,,,,,,,,,,,,,,,,,,,,,,,,,,,,,,,,,Two,,,,,,,,,,,,,,,,,,,,,,,,,,,,,,0,13,Spring,,2022-04-18,23,-0.166666667
Unbalanced,Unbalanced_Colony09,2022-05-11,9Rep4,4,Reward,Reward,Reward,Reward,Previsited,Previsited,Reward,Previsited,Reward,Reward,Previsited,Previsited,Reward,,,,,,,,,,,,,,,,,,,,,,,,,,,,,,,,,,,,,,,,,,,,,,,,,Three,,,,,,,,,,,,,,,,,,,,,,,,,,,,,,,,Spring,,2022-04-18,23,-0.166666667
Unbalanced,Unbalanced_Colony09,2022-05-11,9Rep4,4,,R1,L2,O4,L3,R3,R2,L2,R3,L2,R2,R1,R3,,,,,,,,,,,,,,,,,,,,,,,,,,,,,,,,,,,,,,,,,,,,,,,,,Four,,,,,,,,,,,,,,,,,,,,,,,,,,,,,,,,Spring,,2022-04-18,23,-0.166666667
Unbalanced,Unbalanced_Colony09,2022-05-11,9Rep4,5,7,3,6,7,4,7,4,8,6,1,4,2,6,8,4,6,7,8,3,5,,,,,,,,,,,,,,,,,,,,,,,,,,,,,,,,,,,,,,,,,8,One,20,0,8,12,3,3,5,0,2,2,4,0,3,5,7,0.1578947368,0.2631578947,0.3684210526,0.2105263158,0,4,6,11,4,15,0.4285714286,0.2666666667,-0.233333333,0.2333333333,,,Spring,,2022-04-18,23,-0.166666667
Unbalanced,Unbalanced_Colony09,2022-05-11,9Rep4,5,10.323502,10.960054,11.235325,9.105277,11.233989,11.504469,10.142002,11.777293,9.205768,11.799385,9.967778,11.57649,8.767176,11.032025,10.024718,11.59071,11.408525,11.495197,11.517897,9.978567,,,,,,,,,,,,,,,,,,,,,,,,,,,,,,,,,,,,,,,,,,Two,,,,,,,,,,,,,,,,,,,,,,,,,,,,,,1,19,Spring,,2022-04-18,23,-0.166666667
Unbalanced,Unbalanced_Colony09,2022-05-11,9Rep4,5,Reward,Reward,Reward,Previsited,Reward,Previsited,Previsited,Reward,Previsited,Reward,Previsited,Reward,Previsited,Previsited,Previsited,Previsited,Previsited,Previsited,Previsited,Reward,,,,,,,,,,,,,,,,,,,,,,,,,,,,,,,,,,,,,,,,,,Three,,,,,,,,,,,,,,,,,,,,,,,,,,,,,,,,Spring,,2022-04-18,23,-0.166666667
Unbalanced,Unbalanced_Colony09,2022-05-11,9Rep4,5,,O4,L3,L1,R3,L3,R3,O4,R2,L3,L3,R2,O4,L2,O4,L2,L1,L1,L3,L2,,,,,,,,,,,,,,,,,,,,,,,,,,,,,,,,,,,,,,,,,,Four,,,,,,,,,,,,,,,,,,,,,,,,,,,,,,,,Spring,,2022-04-18,23,-0.166666667
Unbalanced,Unbalanced_Colony09,2022-05-11,9Rep4,6,2,4,6,2,4,6,2,3,5,5,8,7,1,,,,,,,,,,,,,,,,,,,,,,,,,,,,,,,,,,,,,,,,,,,,,,,,8,One,13,1,8,4,1,6,1,1,0,0,2,1,2,6,1,0.1666666667,0.5,0.0833333333,0.1666666667,0.0833333333,4,2,8,1,9,0.25,0.1111111111,-0.388888889,0.3888888889,,,Spring,,2022-04-18,23,-0.166666667
Unbalanced,Unbalanced_Colony09,2022-05-11,9Rep4,6,10.302257,10.861491,10.287034,8.183171,11.117092,11.716627,5.234714,10.906926,11.185666,11.147069,10.998314,11.86786,11.791122,,,,,,,,,,,,,,,,,,,,,,,,,,,,,,,,,,,,,,,,,,,,,,,,,Two,,,,,,,,,,,,,,,,,,,,,,,,,,,,,,2,11,Spring,,2022-04-18,23,-0.166666667
Unbalanced,Unbalanced_Colony09,2022-05-11,9Rep4,6,Reward,Reward,Reward,Previsited,Previsited,Previsited,Previsited,Reward,Reward,Same,Reward,Reward,Reward,,,,,,,,,,,,,,,,,,,,,,,,,,,,,,,,,,,,,,,,,,,,,,,,,Three,,,,,,,,,,,,,,,,,,,,,,,,,,,,,,,,Spring,,2022-04-18,23,-0.166666667
Unbalanced,Unbalanced_Colony09,2022-05-11,9Rep4,6,,L2,L2,O4,L2,L2,O4,L1,L2,S0,L3,R1,L2,,,,,,,,,,,,,,,,,,,,,,,,,,,,,,,,,,,,,,,,,,,,,,,,,Four,,,,,,,,,,,,,,,,,,,,,,,,,,,,,,,,Spring,,2022-04-18,23,-0.166666667
Unbalanced,Unbalanced_Colony09,2022-05-11,9Rep4,7,5,7,4,6,1,3,6,8,7,1,5,7,1,1,5,7,3,8,6,8,7,2,,,,,,,,,,,,,,,,,,,,,,,,,,,,,,,,,,,,,,,8,One,22,1,8,13,0,9,3,2,1,2,3,1,2,10,5,0.0952380952,0.4761904762,0.2380952381,0.1428571429,0.0476190476,7,8,12,5,17,0.5,0.2941176471,-0.205882353,0.2058823529,,,Spring,,2022-04-18,23,-0.166666667
Unbalanced,Unbalanced_Colony09,2022-05-11,9Rep4,7,10.253269,10.194068,11.594409,10.251748,11.002284,11.74529,11.393085,10.758094,10.290444,11.393188,11.389697,9.802195,11.48052,5.153351,10.949948,8.129519,11.469597,11.354559,11.670152,11.083094,11.511142,10.215615,,,,,,,,,,,,,,,,,,,,,,,,,,,,,,,,,,,,,,,,Two,,,,,,,,,,,,,,,,,,,,,,,,,,,,,,2,20,Spring,,2022-04-18,23,-0.166666667
Unbalanced,Unbalanced_Colony09,2022-05-11,9Rep4,7,Reward,Reward,Reward,Reward,Reward,Reward,Previsited,Reward,Previsited,Previsited,Previsited,Previsited,Previsited,Same,Previsited,Previsited,Previsited,Previsited,Previsited,Previsited,Previsited,Reward,,,,,,,,,,,,,,,,,,,,,,,,,,,,,,,,,,,,,,,,Three,,,,,,,,,,,,,,,,,,,,,,,,,,,,,,,,Spring,,2022-04-18,23,-0.166666667
Unbalanced,Unbalanced_Colony09,2022-05-11,9Rep4,7,,L2,R3,L2,L3,L2,L3,L2,R1,L2,O4,L2,L2,S0,O4,L2,O4,R3,R2,L2,R1,L3,,,,,,,,,,,,,,,,,,,,,,,,,,,,,,,,,,,,,,,,Four,,,,,,,,,,,,,,,,,,,,,,,,,,,,,,,,Spring,,2022-04-18,23,-0.166666667
Unbalanced,Unbalanced_Colony09,2022-05-11,9Rep4,8,8,2,4,7,2,8,4,7,3,7,2,5,8,3,7,3,1,5,2,4,7,4,3,2,6,,,,,,,,,,,,,,,,,,,,,,,,,,,,,,,,,,,,8,One,25,0,8,17,0,3,8,2,2,2,7,0,2,5,10,0.0833333333,0.2083333333,0.4166666667,0.2916666667,0,5,5,11,6,17,0.3125,0.3529411765,-0.147058824,0.1470588235,,,Spring,,2022-04-18,23,-0.166666667
Unbalanced,Unbalanced_Colony09,2022-05-11,9Rep4,8,11.472061,9.935871,9.875657,11.713765,9.479669,11.617972,9.872814,8.433528,11.212522,11.675212,11.186903,11.141647,8.826053,10.23544,9.308253,9.633625,11.237355,10.699063,9.522097,11.294211,11.811521,9.333599,9.980032,9.956958,10.370749,,,,,,,,,,,,,,,,,,,,,,,,,,,,,,,,,,,,,Two,,,,,,,,,,,,,,,,,,,,,,,,,,,,,,2,23,Spring,,2022-04-18,23,-0.166666667
Unbalanced,Unbalanced_Colony09,2022-05-11,9Rep4,8,Reward,Reward,Reward,Reward,Previsited,Previsited,Previsited,Previsited,Reward,Previsited,Previsited,Reward,Previsited,Previsited,Previsited,Previsited,Reward,Previsited,Previsited,Previsited,Previsited,Previsited,Previsited,Previsited,Reward,,,,,,,,,,,,,,,,,,,,,,,,,,,,,,,,,,,,,Three,,,,,,,,,,,,,,,,,,,,,,,,,,,,,,,,Spring,,2022-04-18,23,-0.166666667
Unbalanced,Unbalanced_Colony09,2022-05-11,9Rep4,8,,L2,L2,L3,L3,R2,O4,L3,O4,O4,L3,L3,L3,L3,O4,O4,R2,O4,R3,L2,L3,R3,R1,R1,O4,,,,,,,,,,,,,,,,,,,,,,,,,,,,,,,,,,,,,Four,,,,,,,,,,,,,,,,,,,,,,,,,,,,,,,,Spring,,2022-04-18,23,-0.166666667
Unbalanced,Unbalanced_Colony09,2022-05-12,9Rep5,1,2,3,1,2,7,6,8,7,5,8,3,7,4,,,,,,,,,,,,,,,,,,,,,,,,,,,,,,,,,,,,,,,,,,,,,,,,8,One,13,0,8,5,2,1,2,2,2,2,1,0,4,3,4,0.3333333333,0.25,0.3333333333,0.0833333333,0,4,7,5,6,11,0.7,0.5454545455,0.0454545455,0.0454545455,,,Spring,,2022-04-18,24,0.8333333333
Unbalanced,Unbalanced_Colony09,2022-05-12,9Rep5,1,11.473828,11.337654,11.826249,11.70992,11.718956,11.460127,11.898288,11.363723,11.421417,11.696896,11.724061,11.667011,10.820063,,,,,,,,,,,,,,,,,,,,,,,,,,,,,,,,,,,,,,,,,,,,,,,,,Two,,,,,,,,,,,,,,,,,,,,,,,,,,,,,,0,13,Spring,,2022-04-18,24,0.8333333333
Unbalanced,Unbalanced_Colony09,2022-05-12,9Rep5,1,Reward,Reward,Reward,Previsited,Reward,Reward,Reward,Previsited,Reward,Previsited,Previsited,Previsited,Reward,,,,,,,,,,,,,,,,,,,,,,,,,,,,,,,,,,,,,,,,,,,,,,,,,Three,,,,,,,,,,,,,,,,,,,,,,,,,,,,,,,,Spring,,2022-04-18,24,0.8333333333
Unbalanced,Unbalanced_Colony09,2022-05-12,9Rep5,1,,L1,R2,L1,R3,R1,L2,R1,R2,L3,L3,O4,R3,,,,,,,,,,,,,,,,,,,,,,,,,,,,,,,,,,,,,,,,,,,,,,,,,Four,,,,,,,,,,,,,,,,,,,,,,,,,,,,,,,,Spring,,2022-04-18,24,0.8333333333
Unbalanced,Unbalanced_Colony09,2022-05-12,9Rep5,2,1,4,8,3,5,6,8,5,3,8,2,7,,,,,,,,,,,,,,,,,,,,,,,,,,,,,,,,,,,,,,,,,,,,,,,,,8,One,12,0,8,4,1,3,2,0,1,3,1,0,1,4,5,0.0909090909,0.3636363636,0.4545454545,0.0909090909,0,7,3,6,4,10,0.3333333333,0.4,-0.1,0.1,,,Spring,,2022-04-18,24,0.8333333333
Unbalanced,Unbalanced_Colony09,2022-05-12,9Rep5,2,11.766762,11.353598,11.548471,11.534994,10.262219,11.159653,11.731125,11.585663,11.448793,10.58403,11.602358,10.294686,,,,,,,,,,,,,,,,,,,,,,,,,,,,,,,,,,,,,,,,,,,,,,,,,,Two,,,,,,,,,,,,,,,,,,,,,,,,,,,,,,0,12,Spring,,2022-04-18,24,0.8333333333
Unbalanced,Unbalanced_Colony09,2022-05-12,9Rep5,2,Reward,Reward,Reward,Reward,Reward,Reward,Previsited,Previsited,Previsited,Previsited,Reward,Reward,,,,,,,,,,,,,,,,,,,,,,,,,,,,,,,,,,,,,,,,,,,,,,,,,,Three,,,,,,,,,,,,,,,,,,,,,,,,,,,,,,,,Spring,,2022-04-18,24,0.8333333333
Unbalanced,Unbalanced_Colony09,2022-05-12,9Rep5,2,,L3,O4,L3,L2,L1,L2,R3,R2,R3,L2,R3,,,,,,,,,,,,,,,,,,,,,,,,,,,,,,,,,,,,,,,,,,,,,,,,,,Four,,,,,,,,,,,,,,,,,,,,,,,,,,,,,,,,Spring,,2022-04-18,24,0.8333333333
Unbalanced,Unbalanced_Colony09,2022-05-12,9Rep5,3,7,4,3,2,7,4,3,4,5,2,7,5,6,1,7,4,5,8,,,,,,,,,,,,,,,,,,,,,,,,,,,,,,,,,,,,,,,,,,,8,One,18,0,8,10,4,0,2,3,2,6,0,0,7,2,8,0.4117647059,0.1176470588,0.4705882353,0,0,5,5,6,11,17,0.3125,0.6470588235,0.1470588235,0.1470588235,,,Spring,,2022-04-18,24,0.8333333333
Unbalanced,Unbalanced_Colony09,2022-05-12,9Rep5,3,11.699978,11.297834,11.330396,11.71042,11.839213,11.367599,10.945906,9.617282,11.75594,11.488819,10.58379,11.311663,11.733119,11.800954,11.813105,10.307629,10.737981,10.374226,,,,,,,,,,,,,,,,,,,,,,,,,,,,,,,,,,,,,,,,,,,,Two,,,,,,,,,,,,,,,,,,,,,,,,,,,,,,0,18,Spring,,2022-04-18,24,0.8333333333
Unbalanced,Unbalanced_Colony09,2022-05-12,9Rep5,3,Reward,Reward,Reward,Reward,Previsited,Previsited,Previsited,Previsited,Reward,Previsited,Previsited,Previsited,Reward,Reward,Previsited,Previsited,Previsited,Reward,,,,,,,,,,,,,,,,,,,,,,,,,,,,,,,,,,,,,,,,,,,,Three,,,,,,,,,,,,,,,,,,,,,,,,,,,,,,,,Spring,,2022-04-18,24,0.8333333333
Unbalanced,Unbalanced_Colony09,2022-05-12,9Rep5,3,,R3,R1,R1,R3,R3,R1,L1,L1,R3,R3,R2,L1,L3,R2,R3,L1,L3,,,,,,,,,,,,,,,,,,,,,,,,,,,,,,,,,,,,,,,,,,,,Four,,,,,,,,,,,,,,,,,,,,,,,,,,,,,,,,Spring,,2022-04-18,24,0.8333333333
Unbalanced,Unbalanced_Colony09,2022-05-12,9Rep5,4,2,7,4,7,2,6,1,5,8,6,8,4,7,2,6,1,4,6,1,4,1,4,5,8,4,6,3,,,,,,,,,,,,,,,,,,,,,,,,,,,,,,,,,,8,One,27,0,8,19,1,3,12,0,1,4,5,0,1,4,16,0.0384615385,0.1538461538,0.6153846154,0.1923076923,0,4,6,16,5,21,0.3,0.2380952381,-0.261904762,0.2619047619,,,Spring,,2022-04-18,24,0.8333333333
Unbalanced,Unbalanced_Colony09,2022-05-12,9Rep5,4,10.120376,9.620099,9.448858,10.24686,11.192704,11.728948,10.820441,9.246333,10.391948,9.579081,10.782382,10.346663,9.495345,9.319805,9.822041,9.59557,11.829825,11.748211,8.942579,9.477428,11.147402,5.2881,10.457299,10.006073,8.964089,9.466171,9.91413,,,,,,,,,,,,,,,,,,,,,,,,,,,,,,,,,,,Two,,,,,,,,,,,,,,,,,,,,,,,,,,,,,,3,24,Spring,,2022-04-18,24,0.8333333333
Unbalanced,Unbalanced_Colony09,2022-05-12,9Rep5,4,Reward,Reward,Reward,Previsited,Previsited,Reward,Reward,Reward,Reward,Previsited,Previsited,Previsited,Previsited,Previsited,Previsited,Previsited,Previsited,Previsited,Previsited,Previsited,Previsited,Previsited,Previsited,Previsited,Previsited,Previsited,Reward,,,,,,,,,,,,,,,,,,,,,,,,,,,,,,,,,,,Three,,,,,,,,,,,,,,,,,,,,,,,,,,,,,,,,Spring,,2022-04-18,24,0.8333333333
Unbalanced,Unbalanced_Colony09,2022-05-12,9Rep5,4,,R3,R3,L3,L3,O4,L3,O4,L3,R2,L2,O4,L3,L3,O4,L3,L3,L2,L3,L3,R3,L3,L1,L3,O4,L2,R3,,,,,,,,,,,,,,,,,,,,,,,,,,,,,,,,,,,Four,,,,,,,,,,,,,,,,,,,,,,,,,,,,,,,,Spring,,2022-04-18,24,0.8333333333
Unbalanced,Unbalanced_Colony09,2022-05-12,9Rep5,5,7,1,7,1,2,3,1,3,5,8,2,7,4,5,3,2,4,7,8,6,,,,,,,,,,,,,,,,,,,,,,,,,,,,,,,,,,,,,,,,,8,One,20,0,8,12,4,6,2,1,4,2,0,0,5,10,4,0.2631578947,0.5263157895,0.2105263158,0,0,3,9,12,7,19,0.5,0.3684210526,-0.131578947,0.1315789474,,,Spring,,2022-04-18,24,0.8333333333
Unbalanced,Unbalanced_Colony09,2022-05-12,9Rep5,5,11.857721,11.443327,11.657919,11.393188,10.335579,11.099878,11.281812,11.11355,11.522026,11.432761,11.236106,10,10,10,10,10,10,6,10,10,,,,,,,,,,,,,,,,,,,,,,,,,,,,,,,,,,,,,,,,,,Two,,,,,,,,,,,,,,,,,,,,,,,,,,,,,,1,19,Spring,,2022-04-18,24,0.8333333333
Unbalanced,Unbalanced_Colony09,2022-05-12,9Rep5,5,Reward,Reward,Previsited,Previsited,Reward,Reward,Previsited,Previsited,Reward,Reward,Previsited,Previsited,Reward,Previsited,Previsited,Previsited,Previsited,Previsited,Previsited,Reward,,,,,,,,,,,,,,,,,,,,,,,,,,,,,,,,,,,,,,,,,,Three,,,,,,,,,,,,,,,,,,,,,,,,,,,,,,,,Spring,,2022-04-18,24,0.8333333333
Unbalanced,Unbalanced_Colony09,2022-05-12,9Rep5,5,,L2,R2,L2,L1,L1,R2,L2,L2,L3,L2,R3,R3,L1,R2,R1,L2,L3,L1,R2,,,,,,,,,,,,,,,,,,,,,,,,,,,,,,,,,,,,,,,,,,Four,,,,,,,,,,,,,,,,,,,,,,,,,,,,,,,,Spring,,2022-04-18,24,0.8333333333
Unbalanced,Unbalanced_Colony09,2022-05-12,9Rep5,6,4,3,8,1,3,8,2,7,8,1,5,1,2,4,6,,,,,,,,,,,,,,,,,,,,,,,,,,,,,,,,,,,,,,,,,,,,,,8,One,15,0,8,7,4,4,0,1,0,3,2,0,5,4,3,0.3571428571,0.2857142857,0.2142857143,0.1428571429,0,5,5,8,4,12,0.4545454545,0.3333333333,-0.166666667,0.1666666667,,,Spring,,2022-04-18,24,0.8333333333
Unbalanced,Unbalanced_Colony09,2022-05-12,9Rep5,6,11.46511,10.267897,10.385756,10.373982,11.425461,9.941677,11.774579,11.281812,10.36714,11.686843,10.029228,9.913343,10.34687,11.01965,9.776469,,,,,,,,,,,,,,,,,,,,,,,,,,,,,,,,,,,,,,,,,,,,,,,Two,,,,,,,,,,,,,,,,,,,,,,,,,,,,,,0,15,Spring,,2022-04-18,24,0.8333333333
Unbalanced,Unbalanced_Colony09,2022-05-12,9Rep5,6,Reward,Reward,Reward,Reward,Previsited,Previsited,Reward,Reward,Previsited,Previsited,Reward,Previsited,Previsited,Previsited,Reward,,,,,,,,,,,,,,,,,,,,,,,,,,,,,,,,,,,,,,,,,,,,,,,Three,,,,,,,,,,,,,,,,,,,,,,,,,,,,,,,,Spring,,2022-04-18,24,0.8333333333
Unbalanced,Unbalanced_Colony09,2022-05-12,9Rep5,6,,R1,R3,L1,L2,R3,L2,R3,L1,L1,O4,O4,L1,L2,L2,,,,,,,,,,,,,,,,,,,,,,,,,,,,,,,,,,,,,,,,,,,,,,,Four,,,,,,,,,,,,,,,,,,,,,,,,,,,,,,,,Spring,,2022-04-18,24,0.8333333333
Unbalanced,Unbalanced_Colony09,2022-05-12,9Rep5,7,6,3,4,1,6,1,4,6,7,3,5,6,8,3,7,5,6,8,4,5,7,2,,,,,,,,,,,,,,,,,,,,,,,,,,,,,,,,,,,,,,,8,One,22,0,8,14,5,5,4,0,1,3,3,0,5,6,7,0.2380952381,0.2857142857,0.3333333333,0.1428571429,0,5,5,14,4,18,0.2941176471,0.2222222222,-0.277777778,0.2777777778,,,Spring,,2022-04-18,24,0.8333333333
Unbalanced,Unbalanced_Colony09,2022-05-12,9Rep5,7,10.742899,11.375809,11.017952,11.771466,9.687458,10.865689,11.155879,10.373455,10.91884,10.628799,10.429526,10.999909,11.688844,10.448628,11.651764,9.876051,11.556705,10.773068,11.057281,9.329714,11.913547,10.162891,,,,,,,,,,,,,,,,,,,,,,,,,,,,,,,,,,,,,,,,Two,,,,,,,,,,,,,,,,,,,,,,,,,,,,,,0,22,Spring,,2022-04-18,24,0.8333333333
Unbalanced,Unbalanced_Colony09,2022-05-12,9Rep5,7,Reward,Reward,Reward,Reward,Previsited,Previsited,Previsited,Previsited,Reward,Previsited,Reward,Previsited,Reward,Previsited,Previsited,Previsited,Previsited,Previsited,Previsited,Previsited,Previsited,Reward,,,,,,,,,,,,,,,,,,,,,,,,,,,,,,,,,,,,,,,,Three,,,,,,,,,,,,,,,,,,,,,,,,,,,,,,,,Spring,,2022-04-18,24,0.8333333333
Unbalanced,Unbalanced_Colony09,2022-05-12,9Rep5,7,,R3,L1,R3,R3,L3,L3,L2,L1,O4,L2,L1,L2,L3,O4,R2,L1,L2,O4,L1,L2,L3,,,,,,,,,,,,,,,,,,,,,,,,,,,,,,,,,,,,,,,,Four,,,,,,,,,,,,,,,,,,,,,,,,,,,,,,,,Spring,,2022-04-18,24,0.8333333333
Unbalanced,Unbalanced_Colony09,2022-05-12,9Rep5,8,8,2,4,2,3,4,5,6,4,8,6,4,6,8,2,4,7,5,7,1,,,,,,,,,,,,,,,,,,,,,,,,,,,,,,,,,,,,,,,,,8,One,20,0,8,12,4,8,1,0,5,0,1,0,4,13,1,0.2105263158,0.6842105263,0.0526315789,0.0526315789,0,4,6,13,5,18,0.3529411765,0.2777777778,-0.222222222,0.2222222222,,,Spring,,2022-04-18,24,0.8333333333
Unbalanced,Unbalanced_Colony09,2022-05-12,9Rep5,8,11.535755,10.54861,11.136257,11.235551,10.600886,9.731224,11.047493,11.452045,9.390585,10.313528,9.509991,10.979458,9.992037,9.083908,11.945165,11.59071,11.218918,11.029905,11.54577,10.454037,,,,,,,,,,,,,,,,,,,,,,,,,,,,,,,,,,,,,,,,,,Two,,,,,,,,,,,,,,,,,,,,,,,,,,,,,,0,20,Spring,,2022-04-18,24,0.8333333333
Unbalanced,Unbalanced_Colony09,2022-05-12,9Rep5,8,Reward,Reward,Reward,Previsited,Reward,Previsited,Reward,Reward,Previsited,Previsited,Previsited,Previsited,Previsited,Previsited,Previsited,Previsited,Reward,Previsited,Previsited,Reward,,,,,,,,,,,,,,,,,,,,,,,,,,,,,,,,,,,,,,,,,,Three,,,,,,,,,,,,,,,,,,,,,,,,,,,,,,,,Spring,,2022-04-18,24,0.8333333333
Unbalanced,Unbalanced_Colony09,2022-05-12,9Rep5,8,,L2,L2,R2,L1,L1,L1,L1,R2,O4,R2,R2,L2,L2,L2,L2,L3,R2,L2,L2,,,,,,,,,,,,,,,,,,,,,,,,,,,,,,,,,,,,,,,,,,Four,,,,,,,,,,,,,,,,,,,,,,,,,,,,,,,,Spring,,2022-04-18,24,0.8333333333
Unbalanced,Unbalanced_Colony09,2022-05-12,9Rep6,1,4,7,5,8,1,4,7,2,4,8,3,6,,,,,,,,,,,,,,,,,,,,,,,,,,,,,,,,,,,,,,,,,,,,,,,,,8,One,12,0,8,4,1,1,7,0,1,0,1,0,1,2,7,0.0909090909,0.1818181818,0.6363636364,0.0909090909,0,6,2,9,1,10,0.2222222222,0.1,-0.4,0.4,,,Spring,,2022-04-18,24,0.8333333333
Unbalanced,Unbalanced_Colony09,2022-05-12,9Rep6,1,11.297817,11.798922,10.737545,11.710769,10.380293,9.776469,11.65148,11.554411,10.030452,10.901206,11.365575,9.991744,,,,,,,,,,,,,,,,,,,,,,,,,,,,,,,,,,,,,,,,,,,,,,,,,,Two,,,,,,,,,,,,,,,,,,,,,,,,,,,,,,0,12,Spring,,2022-04-18,24,0.8333333333
Unbalanced,Unbalanced_Colony09,2022-05-12,9Rep6,1,Reward,Reward,Reward,Reward,Reward,Previsited,Previsited,Reward,Previsited,Previsited,Reward,Reward,,,,,,,,,,,,,,,,,,,,,,,,,,,,,,,,,,,,,,,,,,,,,,,,,,Three,,,,,,,,,,,,,,,,,,,,,,,,,,,,,,,,Spring,,2022-04-18,24,0.8333333333
Unbalanced,Unbalanced_Colony09,2022-05-12,9Rep6,1,,L3,R2,L3,L1,L3,L3,L3,L2,O4,L3,L3,,,,,,,,,,,,,,,,,,,,,,,,,,,,,,,,,,,,,,,,,,,,,,,,,,Four,,,,,,,,,,,,,,,,,,,,,,,,,,,,,,,,Spring,,2022-04-18,24,0.8333333333
Unbalanced,Unbalanced_Colony09,2022-05-12,9Rep6,2,5,7,1,3,4,2,7,4,7,2,5,8,4,7,2,5,8,5,7,4,7,1,3,6,,,,,,,,,,,,,,,,,,,,,,,,,,,,,,,,,,,,,8,One,24,0,8,16,1,6,10,0,1,4,1,0,1,7,14,0.0434782609,0.3043478261,0.6086956522,0.0434782609,0,7,6,17,5,22,0.2857142857,0.2272727273,-0.272727273,0.2727272727,,,Spring,,2022-04-18,24,0.8333333333
Unbalanced,Unbalanced_Colony09,2022-05-12,9Rep6,2,10.318289,10.511643,11.128431,11.411941,10.127769,11.235811,10.122282,10.005001,11.224286,11.235134,10.234983,10.39508,10.185728,11.267203,10.507285,11.573661,10.09098,9.494031,10.072109,10.654937,11.406679,11.406816,11.493433,9.934518,,,,,,,,,,,,,,,,,,,,,,,,,,,,,,,,,,,,,,Two,,,,,,,,,,,,,,,,,,,,,,,,,,,,,,0,24,Spring,,2022-04-18,24,0.8333333333
Unbalanced,Unbalanced_Colony09,2022-05-12,9Rep6,2,Reward,Reward,Reward,Reward,Reward,Reward,Previsited,Previsited,Previsited,Previsited,Previsited,Reward,Previsited,Previsited,Previsited,Previsited,Previsited,Previsited,Previsited,Previsited,Previsited,Previsited,Previsited,Reward,,,,,,,,,,,,,,,,,,,,,,,,,,,,,,,,,,,,,,Three,,,,,,,,,,,,,,,,,,,,,,,,,,,,,,,,Spring,,2022-04-18,24,0.8333333333
Unbalanced,Unbalanced_Colony09,2022-05-12,9Rep6,2,,L2,L2,L2,L1,R2,R3,R3,L3,L3,L3,L3,O4,L3,L3,L3,L3,R3,L2,R3,L3,L2,L2,L3,,,,,,,,,,,,,,,,,,,,,,,,,,,,,,,,,,,,,,Four,,,,,,,,,,,,,,,,,,,,,,,,,,,,,,,,Spring,,2022-04-18,24,0.8333333333
Unbalanced,Unbalanced_Colony09,2022-05-12,9Rep6,3,7,2,7,1,6,3,6,1,3,5,7,3,5,7,2,7,1,3,5,5,7,3,5,6,2,4,8,,,,,,,,,,,,,,,,,,,,,,,,,,,,,,,,,,8,One,27,1,8,18,1,12,4,0,0,4,4,1,1,12,8,0.0384615385,0.4615384615,0.3076923077,0.1538461538,0.0384615385,3,6,17,4,21,0.3,0.1904761905,-0.30952381,0.3095238095,,,Spring,,2022-04-18,24,0.8333333333
Unbalanced,Unbalanced_Colony09,2022-05-12,9Rep6,3,10.434235,10.144077,9.857956,9.872024,10.262371,10.994237,11.493365,10.613144,9.872024,11.588405,10.080543,10.631439,10.288,9.770884,10.860701,10.524412,9.526743,9.6056,11.53229,10.778332,9.766275,10.430049,10.221738,11.551695,11.234857,11.496876,9.937264,,,,,,,,,,,,,,,,,,,,,,,,,,,,,,,,,,,Two,,,,,,,,,,,,,,,,,,,,,,,,,,,,,,0,27,Spring,,2022-04-18,24,0.8333333333
Unbalanced,Unbalanced_Colony09,2022-05-12,9Rep6,3,Reward,Reward,Previsited,Reward,Reward,Reward,Previsited,Previsited,Previsited,Reward,Previsited,Previsited,Previsited,Previsited,Previsited,Previsited,Previsited,Previsited,Previsited,Same,Previsited,Previsited,Previsited,Previsited,Previsited,Reward,Reward,,,,,,,,,,,,,,,,,,,,,,,,,,,,,,,,,,,Three,,,,,,,,,,,,,,,,,,,,,,,,,,,,,,,,Spring,,2022-04-18,24,0.8333333333
Unbalanced,Unbalanced_Colony09,2022-05-12,9Rep6,3,,L3,R3,L2,R3,R3,L3,L3,L2,L2,L2,O4,L2,L2,L3,R3,L2,L2,L2,S0,L2,O4,L2,L1,O4,L2,O4,,,,,,,,,,,,,,,,,,,,,,,,,,,,,,,,,,,Four,,,,,,,,,,,,,,,,,,,,,,,,,,,,,,,,Spring,,2022-04-18,24,0.8333333333
Unbalanced,Unbalanced_Colony09,2022-05-12,9Rep6,4,7,8,5,2,4,5,7,2,3,3,3,2,7,2,3,4,1,7,4,1,6,,,,,,,,,,,,,,,,,,,,,,,,,,,,,,,,,,,,,,,,8,One,21,2,8,11,5,2,2,1,1,7,0,2,6,3,9,0.3,0.15,0.45,0,0.1,6,5,9,9,18,0.2941176471,0.5,0,0,,,Spring,,2022-04-18,24,0.8333333333
Unbalanced,Unbalanced_Colony09,2022-05-12,9Rep6,4,10.41067,10.298794,9.983313,10.409378,10.704673,10.417165,10.253269,11.216364,10.080601,4.351936,10.027012,11.017952,10.205993,9.525229,11.169395,9.611808,11.43126,11.616328,11.250097,10.697514,10.110201,,,,,,,,,,,,,,,,,,,,,,,,,,,,,,,,,,,,,,,,,Two,,,,,,,,,,,,,,,,,,,,,,,,,,,,,,1,20,Spring,,2022-04-18,24,0.8333333333
Unbalanced,Unbalanced_Colony09,2022-05-12,9Rep6,4,Reward,Reward,Reward,Reward,Reward,Previsited,Previsited,Previsited,Reward,Same,Same,Previsited,Previsited,Previsited,Previsited,Previsited,Reward,Previsited,Previsited,Previsited,Reward,,,,,,,,,,,,,,,,,,,,,,,,,,,,,,,,,,,,,,,,,Three,,,,,,,,,,,,,,,,,,,,,,,,,,,,,,,,Spring,,2022-04-18,24,0.8333333333
Unbalanced,Unbalanced_Colony09,2022-05-12,9Rep6,4,,L1,R3,R3,L2,L1,L2,L3,L1,S0,S0,R1,R3,L3,L1,L1,R3,R2,R3,R3,R3,,,,,,,,,,,,,,,,,,,,,,,,,,,,,,,,,,,,,,,,,Four,,,,,,,,,,,,,,,,,,,,,,,,,,,,,,,,Spring,,2022-04-18,24,0.8333333333
Unbalanced,Unbalanced_Colony09,2022-05-12,9Rep6,5,6,7,5,3,8,5,6,8,2,7,2,1,4,,,,,,,,,,,,,,,,,,,,,,,,,,,,,,,,,,,,,,,,,,,,,,,,8,One,13,0,8,5,2,2,2,1,2,3,0,0,3,4,5,0.25,0.3333333333,0.4166666667,0,0,6,6,6,6,12,0.5454545455,0.5,0,0,,,Spring,,2022-04-18,24,0.8333333333
Unbalanced,Unbalanced_Colony09,2022-05-12,9Rep6,5,10.079131,9.965255,9.772181,10.923088,11.82882,10.905067,10.647049,10.248153,11.435488,10.213935,10.213153,10.806652,9.666751,,,,,,,,,,,,,,,,,,,,,,,,,,,,,,,,,,,,,,,,,,,,,,,,,Two,,,,,,,,,,,,,,,,,,,,,,,,,,,,,,0,13,Spring,,2022-04-18,24,0.8333333333
Unbalanced,Unbalanced_Colony09,2022-05-12,9Rep6,5,Reward,Reward,Reward,Reward,Reward,Previsited,Previsited,Previsited,Reward,Previsited,Previsited,Reward,Reward,,,,,,,,,,,,,,,,,,,,,,,,,,,,,,,,,,,,,,,,,,,,,,,,,Three,,,,,,,,,,,,,,,,,,,,,,,,,,,,,,,,Spring,,2022-04-18,24,0.8333333333
Unbalanced,Unbalanced_Colony09,2022-05-12,9Rep6,5,,L1,R2,R2,R3,R3,L1,L2,L2,R3,L3,R1,L3,,,,,,,,,,,,,,,,,,,,,,,,,,,,,,,,,,,,,,,,,,,,,,,,,Four,,,,,,,,,,,,,,,,,,,,,,,,,,,,,,,,Spring,,2022-04-18,24,0.8333333333
Unbalanced,Unbalanced_Colony09,2022-05-12,9Rep6,6,5,7,4,2,7,3,7,4,6,8,7,8,5,6,7,1,,,,,,,,,,,,,,,,,,,,,,,,,,,,,,,,,,,,,,,,,,,,,8,One,16,0,8,8,3,4,0,1,1,4,2,0,4,5,4,0.2666666667,0.3333333333,0.2666666667,0.1333333333,0,5,6,7,6,13,0.5,0.4615384615,-0.038461538,0.0384615385,,,Spring,,2022-04-18,24,0.8333333333
Unbalanced,Unbalanced_Colony09,2022-05-12,9Rep6,6,11.094398,11.169814,9.605722,11.594964,10.176442,11.264919,9.67173,9.636942,11.613139,10.873006,9.90703,10.061323,11.221785,9.576171,11.425478,10.36776,,,,,,,,,,,,,,,,,,,,,,,,,,,,,,,,,,,,,,,,,,,,,,Two,,,,,,,,,,,,,,,,,,,,,,,,,,,,,,0,16,Spring,,2022-04-18,24,0.8333333333
Unbalanced,Unbalanced_Colony09,2022-05-12,9Rep6,6,Reward,Reward,Reward,Reward,Previsited,Reward,Previsited,Previsited,Reward,Reward,Previsited,Previsited,Previsited,Previsited,Previsited,Reward,,,,,,,,,,,,,,,,,,,,,,,,,,,,,,,,,,,,,,,,,,,,,,Three,,,,,,,,,,,,,,,,,,,,,,,,,,,,,,,,Spring,,2022-04-18,24,0.8333333333
Unbalanced,Unbalanced_Colony09,2022-05-12,9Rep6,6,,L2,R3,R2,R3,O4,O4,R3,L2,L2,R1,L1,R3,L1,L1,L2,,,,,,,,,,,,,,,,,,,,,,,,,,,,,,,,,,,,,,,,,,,,,,Four,,,,,,,,,,,,,,,,,,,,,,,,,,,,,,,,Spring,,2022-04-18,24,0.8333333333
Unbalanced,Unbalanced_Colony09,2022-05-12,9Rep6,7,8,6,1,3,5,8,2,4,5,8,3,4,6,1,6,8,2,3,7,,,,,,,,,,,,,,,,,,,,,,,,,,,,,,,,,,,,,,,,,,8,One,19,0,8,11,3,7,5,0,1,1,1,0,3,8,6,0.1666666667,0.4444444444,0.3333333333,0.0555555556,0,6,3,15,2,17,0.1875,0.1176470588,-0.382352941,0.3823529412,,,Spring,,2022-04-18,24,0.8333333333
Unbalanced,Unbalanced_Colony09,2022-05-12,9Rep6,7,11.426536,10.941898,10.228886,9.690677,11.213096,9.613714,10.349884,9.953669,10.476537,7.129538,10.946191,9.616937,9.887788,10.091424,10.553414,9.939402,11.039391,10.820658,10.312148,,,,,,,,,,,,,,,,,,,,,,,,,,,,,,,,,,,,,,,,,,,Two,,,,,,,,,,,,,,,,,,,,,,,,,,,,,,1,18,Spring,,2022-04-18,24,0.8333333333
Unbalanced,Unbalanced_Colony09,2022-05-12,9Rep6,7,Reward,Reward,Reward,Reward,Reward,Previsited,Reward,Reward,Previsited,Previsited,Previsited,Previsited,Previsited,Previsited,Previsited,Previsited,Previsited,Previsited,Reward,,,,,,,,,,,,,,,,,,,,,,,,,,,,,,,,,,,,,,,,,,,Three,,,,,,,,,,,,,,,,,,,,,,,,,,,,,,,,Spring,,2022-04-18,24,0.8333333333
Unbalanced,Unbalanced_Colony09,2022-05-12,9Rep6,7,,R2,L3,L2,L2,L3,L2,L2,L1,L3,L3,L1,L2,L3,R3,L2,L2,L1,O4,,,,,,,,,,,,,,,,,,,,,,,,,,,,,,,,,,,,,,,,,,,Four,,,,,,,,,,,,,,,,,,,,,,,,,,,,,,,,Spring,,2022-04-18,24,0.8333333333
Unbalanced,Unbalanced_Colony09,2022-05-12,9Rep6,8,6,8,3,7,1,2,5,3,8,5,3,7,5,1,5,6,7,8,3,7,3,1,3,6,7,8,8,8,8,2,8,3,5,6,1,3,5,8,4,,,,,,,,,,,,,,,,,,,,,,8,One,39,3,8,28,7,7,7,0,5,2,7,3,7,12,9,0.1842105263,0.3157894737,0.2368421053,0.1842105263,0.0789473684,8,6,21,7,28,0.2222222222,0.25,-0.25,0.25,,,Spring,,2022-04-18,24,0.8333333333
Unbalanced,Unbalanced_Colony09,2022-05-12,9Rep6,8,10.500028,11.393085,10.199115,10.444336,11.128483,11.096558,10.365842,9.959601,9.540503,9.607548,10.160282,11.328211,9.750934,10.617276,9.773138,11.136257,10.471177,10.479253,10.435113,10.236887,7.585772,11.26741,7.427765,11.393274,11.198432,9.992368,10.071006,9.358981,11.353598,11.037413,7.934226,11.037943,11.304285,9.659086,10.95872,5.245427,10.558639,9.68003,9.873584,,,,,,,,,,,,,,,,,,,,,,,Two,,,,,,,,,,,,,,,,,,,,,,,,,,,,,,4,35,Spring,,2022-04-18,24,0.8333333333
Unbalanced,Unbalanced_Colony09,2022-05-12,9Rep6,8,Reward,Reward,Reward,Reward,Reward,Reward,Reward,Previsited,Previsited,Previsited,Previsited,Previsited,Previsited,Previsited,Previsited,Previsited,Previsited,Previsited,Previsited,Previsited,Previsited,Previsited,Previsited,Previsited,Previsited,Previsited,Same,Same,Same,Previsited,Previsited,Previsited,Previsited,Previsited,Previsited,Previsited,Previsited,Previsited,Reward,,,,,,,,,,,,,,,,,,,,,,,Three,,,,,,,,,,,,,,,,,,,,,,,,,,,,,,,,Spring,,2022-04-18,24,0.8333333333
Unbalanced,Unbalanced_Colony09,2022-05-12,9Rep6,8,,L2,L3,O4,L2,L1,L3,R2,R3,R3,R2,O4,R2,O4,O4,L1,L1,L1,L3,O4,O4,R2,L2,L3,L1,L1,S0,S0,S0,L2,R2,L3,L2,L1,L3,L2,L2,L3,O4,,,,,,,,,,,,,,,,,,,,,,,Four,,,,,,,,,,,,,,,,,,,,,,,,,,,,,,,,Spring,,2022-04-18,24,0.8333333333
Unbalanced,Unbalanced_Colony10,2022-06-15,10Rep1,1,2,3,7,6,2,7,5,2,7,3,6,8,3,6,5,8,3,6,8,1,5,8,2,8,1,3,8,4,,,,,,,,,,,,,,,,,,,,,,,,,,,,,,,,,8,One,28,0,8,20,3,4,7,2,2,4,5,0,5,6,11,0.1851851852,0.2222222222,0.4074074074,0.1851851852,0,5,7,14,8,22,0.3333333333,0.3636363636,-0.136363636,0.1363636364,,,Spring,,2022-05-26,20,-3.5
Unbalanced,Unbalanced_Colony10,2022-06-15,10Rep1,1,5.904836,11.397584,10.607798,11.668665,10.946387,10.392454,10.825844,10.060781,11.085539,10.832522,11.512497,11.650091,9.444978,10.971431,10.078145,11.044387,10.41548,11.452164,9.632673,11.482149,10.959841,10.409172,11.159548,9.919005,11.523988,8.349065,9.899314,9.813802,,,,,,,,,,,,,,,,,,,,,,,,,,,,,,,,,,Two,,,,,,,,,,,,,,,,,,,,,,,,,,,,,,2,26,Spring,,2022-05-26,20,-3.5
Unbalanced,Unbalanced_Colony10,2022-06-15,10Rep1,1,Reward,Reward,Reward,Reward,Previsited,Previsited,Reward,Previsited,Previsited,Previsited,Previsited,Reward,Previsited,Previsited,Previsited,Previsited,Previsited,Previsited,Previsited,Reward,Previsited,Previsited,Previsited,Previsited,Previsited,Previsited,Previsited,Reward,,,,,,,,,,,,,,,,,,,,,,,,,,,,,,,,,,Three,,,,,,,,,,,,,,,,,,,,,,,,,,,,,,,,Spring,,2022-05-26,20,-3.5
Unbalanced,Unbalanced_Colony10,2022-06-15,10Rep1,1,,L1,O4,R1,O4,R3,R2,R3,R3,O4,L3,L2,L3,L3,R1,L3,L3,L3,L2,L1,O4,L3,L2,R2,L1,L2,R3,O4,,,,,,,,,,,,,,,,,,,,,,,,,,,,,,,,,,Four,,,,,,,,,,,,,,,,,,,,,,,,,,,,,,,,Spring,,2022-05-26,20,-3.5
Unbalanced,Unbalanced_Colony10,2022-06-15,10Rep1,2,7,2,1,2,6,1,3,5,8,2,7,4,,,,,,,,,,,,,,,,,,,,,,,,,,,,,,,,,,,,,,,,,,,,,,,,,8,One,12,0,8,4,1,3,3,1,0,2,1,0,2,3,5,0.1818181818,0.2727272727,0.4545454545,0.0909090909,0,4,3,7,3,10,0.3333333333,0.3,-0.2,0.2,,,Spring,,2022-05-26,20,-3.5
Unbalanced,Unbalanced_Colony10,2022-06-15,10Rep1,2,10.436868,11.410165,11.071604,10.447173,10.429675,10.066766,11.111094,10.465051,10.919697,9.623745,10.475048,10.190989,,,,,,,,,,,,,,,,,,,,,,,,,,,,,,,,,,,,,,,,,,,,,,,,,,Two,,,,,,,,,,,,,,,,,,,,,,,,,,,,,,0,12,Spring,,2022-05-26,20,-3.5
Unbalanced,Unbalanced_Colony10,2022-06-15,10Rep1,2,Reward,Reward,Reward,Previsited,Reward,Previsited,Reward,Reward,Reward,Previsited,Previsited,Reward,,,,,,,,,,,,,,,,,,,,,,,,,,,,,,,,,,,,,,,,,,,,,,,,,,Three,,,,,,,,,,,,,,,,,,,,,,,,,,,,,,,,Spring,,2022-05-26,20,-3.5
Unbalanced,Unbalanced_Colony10,2022-06-15,10Rep1,2,,L3,R1,L1,O4,L3,L2,L2,L3,L2,R3,R3,,,,,,,,,,,,,,,,,,,,,,,,,,,,,,,,,,,,,,,,,,,,,,,,,,Four,,,,,,,,,,,,,,,,,,,,,,,,,,,,,,,,Spring,,2022-05-26,20,-3.5
Unbalanced,Unbalanced_Colony10,2022-06-15,10Rep1,3,3,3,7,3,7,3,6,1,3,7,4,8,4,8,5,4,7,3,8,2,,,,,,,,,,,,,,,,,,,,,,,,,,,,,,,,,,,,,,,,,8,One,20,1,8,11,0,2,3,1,0,3,9,1,1,2,6,0.0526315789,0.1052631579,0.3157894737,0.4736842105,0.0526315789,2,4,5,4,9,0.5,0.4444444444,-0.055555556,0.0555555556,,,Spring,,2022-05-26,20,-3.5
Unbalanced,Unbalanced_Colony10,2022-06-15,10Rep1,3,11.317056,11.381771,10.110644,10.744351,10.42975,10.377589,9.839252,10.265941,9.859992,9.643837,11.060965,10.289686,10.266245,10.244862,9.706193,9.65305,10.026798,9.816919,10.425245,10.340048,,,,,,,,,,,,,,,,,,,,,,,,,,,,,,,,,,,,,,,,,,Two,,,,,,,,,,,,,,,,,,,,,,,,,,,,,,0,20,Spring,,2022-05-26,20,-3.5
Unbalanced,Unbalanced_Colony10,2022-06-15,10Rep1,3,Reward,Same,Reward,Previsited,Previsited,Previsited,Reward,Reward,Previsited,Previsited,Reward,Reward,Previsited,Previsited,Reward,Previsited,Previsited,Previsited,Previsited,Reward,,,,,,,,,,,,,,,,,,,,,,,,,,,,,,,,,,,,,,,,,,Three,,,,,,,,,,,,,,,,,,,,,,,,,,,,,,,,Spring,,2022-05-26,20,-3.5
Unbalanced,Unbalanced_Colony10,2022-06-15,10Rep1,3,,S0,O4,O4,O4,O4,L3,L3,L2,O4,R3,O4,O4,O4,R3,R1,L3,O4,R3,L2,,,,,,,,,,,,,,,,,,,,,,,,,,,,,,,,,,,,,,,,,,Four,,,,,,,,,,,,,,,,,,,,,,,,,,,,,,,,Spring,,2022-05-26,20,-3.5
Unbalanced,Unbalanced_Colony10,2022-06-15,10Rep1,4,1,3,6,3,5,3,8,3,7,4,2,,,,,,,,,,,,,,,,,,,,,,,,,,,,,,,,,,,,,,,,,,,,,,,,,,8,One,11,0,8,3,0,2,2,0,2,3,1,0,0,4,5,0,0.4,0.5,0.1,0,4,5,4,5,9,0.625,0.5555555556,0.0555555556,0.0555555556,,,Spring,,2022-05-26,20,-3.5
Unbalanced,Unbalanced_Colony10,2022-06-15,10Rep1,4,11.496553,9.944813,10.72354,9.599592,9.76354,9.702638,10.988137,10.952991,10.565007,10.000734,10.888324,,,,,,,,,,,,,,,,,,,,,,,,,,,,,,,,,,,,,,,,,,,,,,,,,,,Two,,,,,,,,,,,,,,,,,,,,,,,,,,,,,,0,11,Spring,,2022-05-26,20,-3.5
Unbalanced,Unbalanced_Colony10,2022-06-15,10Rep1,4,Reward,Reward,Reward,Previsited,Reward,Previsited,Reward,Previsited,Reward,Reward,Reward,,,,,,,,,,,,,,,,,,,,,,,,,,,,,,,,,,,,,,,,,,,,,,,,,,,Three,,,,,,,,,,,,,,,,,,,,,,,,,,,,,,,,Spring,,2022-05-26,20,-3.5
Unbalanced,Unbalanced_Colony10,2022-06-15,10Rep1,4,,L2,L3,R3,L2,R2,R3,L3,O4,R3,R2,,,,,,,,,,,,,,,,,,,,,,,,,,,,,,,,,,,,,,,,,,,,,,,,,,,Four,,,,,,,,,,,,,,,,,,,,,,,,,,,,,,,,Spring,,2022-05-26,20,-3.5
Unbalanced,Unbalanced_Colony10,2022-06-15,10Rep1,5,2,5,7,2,5,8,5,8,3,8,3,1,2,7,2,7,2,8,5,1,4,5,1,6,,,,,,,,,,,,,,,,,,,,,,,,,,,,,,,,,,,,,8,One,24,0,8,16,2,1,10,0,2,6,2,0,2,3,16,0.0869565217,0.1304347826,0.6956521739,0.0869565217,0,4,13,13,8,21,0.65,0.380952381,-0.119047619,0.119047619,,,Spring,,2022-05-26,20,-3.5
Unbalanced,Unbalanced_Colony10,2022-06-15,10Rep1,5,11.061652,10.474899,9.958133,9.731224,9.9686,10.260319,9.446113,9.952885,10.188101,11.181762,9.742295,11.351383,10.819955,11.470617,10.727229,9.773258,10.559692,11.610923,11.197492,11.241569,10.105746,9.605722,10.100691,9.972627,,,,,,,,,,,,,,,,,,,,,,,,,,,,,,,,,,,,,,Two,,,,,,,,,,,,,,,,,,,,,,,,,,,,,,0,24,Spring,,2022-05-26,20,-3.5
Unbalanced,Unbalanced_Colony10,2022-06-15,10Rep1,5,Reward,Reward,Reward,Previsited,Previsited,Reward,Previsited,Previsited,Reward,Previsited,Previsited,Reward,Previsited,Previsited,Previsited,Previsited,Previsited,Previsited,Previsited,Previsited,Reward,Previsited,Previsited,Reward,,,,,,,,,,,,,,,,,,,,,,,,,,,,,,,,,,,,,,Three,,,,,,,,,,,,,,,,,,,,,,,,,,,,,,,,Spring,,2022-05-26,20,-3.5
Unbalanced,Unbalanced_Colony10,2022-06-15,10Rep1,5,,L3,L2,L3,L3,L3,R3,L3,L3,R3,L3,R2,L1,R3,L3,R3,L3,R2,R3,O4,L3,L1,O4,R3,,,,,,,,,,,,,,,,,,,,,,,,,,,,,,,,,,,,,,Four,,,,,,,,,,,,,,,,,,,,,,,,,,,,,,,,Spring,,2022-05-26,20,-3.5
Unbalanced,Unbalanced_Colony10,2022-06-15,10Rep1,6,8,3,6,3,8,3,8,3,6,8,5,3,5,8,3,6,2,3,6,1,3,8,3,8,3,6,2,4,7,,,,,,,,,,,,,,,,,,,,,,,,,,,,,,,,8,One,29,0,8,21,1,4,14,0,1,6,2,0,1,5,20,0.0357142857,0.1785714286,0.7142857143,0.0714285714,0,4,10,19,7,26,0.4,0.2692307692,-0.230769231,0.2307692308,,,Spring,,2022-05-26,20,-3.5
Unbalanced,Unbalanced_Colony10,2022-06-15,10Rep1,6,11.275037,9.764518,10.016159,8.553897,7.48387,9.868292,6.228613,9.538705,10.45165,11.670152,10.838675,10.895178,10.401828,6.102659,9.960716,10.466168,11.315764,10.654864,9.720161,11.04871,9.775651,10.129078,11.30832,10.60471,9.997888,9.976692,11.613106,9.810067,10.433413,,,,,,,,,,,,,,,,,,,,,,,,,,,,,,,,,Two,,,,,,,,,,,,,,,,,,,,,,,,,,,,,,4,25,Spring,,2022-05-26,20,-3.5
Unbalanced,Unbalanced_Colony10,2022-06-15,10Rep1,6,Reward,Reward,Reward,Previsited,Previsited,Previsited,Previsited,Previsited,Previsited,Previsited,Reward,Previsited,Previsited,Previsited,Previsited,Previsited,Reward,Previsited,Previsited,Reward,Previsited,Previsited,Previsited,Previsited,Previsited,Previsited,Previsited,Reward,Reward,,,,,,,,,,,,,,,,,,,,,,,,,,,,,,,,,Three,,,,,,,,,,,,,,,,,,,,,,,,,,,,,,,,Spring,,2022-05-26,20,-3.5
Unbalanced,Unbalanced_Colony10,2022-06-15,10Rep1,6,,L3,L3,R3,R3,L3,R3,L3,L3,L2,R3,R2,L2,L3,L3,L3,O4,L1,L3,L3,L2,R3,L3,R3,L3,L3,O4,L2,L3,,,,,,,,,,,,,,,,,,,,,,,,,,,,,,,,,Four,,,,,,,,,,,,,,,,,,,,,,,,,,,,,,,,Spring,,2022-05-26,20,-3.5
Unbalanced,Unbalanced_Colony10,2022-06-15,10Rep1,7,8,2,5,6,1,5,7,2,4,6,1,5,8,3,,,,,,,,,,,,,,,,,,,,,,,,,,,,,,,,,,,,,,,,,,,,,,,8,One,14,0,8,6,1,4,6,0,0,0,2,0,1,4,6,0.0769230769,0.3076923077,0.4615384615,0.1538461538,0,6,0,11,0,11,0,0,-0.5,0.5,,,Spring,,2022-05-26,20,-3.5
Unbalanced,Unbalanced_Colony10,2022-06-15,10Rep1,7,10.95792,10.151511,11.463137,10.016159,10.097005,9.759307,10.009111,10.5313,10.179526,10.797448,10.005255,10.549793,9.717252,10.019797,,,,,,,,,,,,,,,,,,,,,,,,,,,,,,,,,,,,,,,,,,,,,,,,Two,,,,,,,,,,,,,,,,,,,,,,,,,,,,,,0,14,Spring,,2022-05-26,20,-3.5
Unbalanced,Unbalanced_Colony10,2022-06-15,10Rep1,7,Reward,Reward,Reward,Reward,Reward,Previsited,Reward,Previsited,Reward,Previsited,Previsited,Previsited,Previsited,Reward,,,,,,,,,,,,,,,,,,,,,,,,,,,,,,,,,,,,,,,,,,,,,,,,Three,,,,,,,,,,,,,,,,,,,,,,,,,,,,,,,,Spring,,2022-05-26,20,-3.5
Unbalanced,Unbalanced_Colony10,2022-06-15,10Rep1,7,,L2,L3,L1,L3,O4,L2,L3,L2,L2,L3,O4,L3,L3,,,,,,,,,,,,,,,,,,,,,,,,,,,,,,,,,,,,,,,,,,,,,,,,Four,,,,,,,,,,,,,,,,,,,,,,,,,,,,,,,,Spring,,2022-05-26,20,-3.5
Unbalanced,Unbalanced_Colony10,2022-06-15,10Rep1,8,7,2,2,3,5,8,1,2,4,5,6,7,,,,,,,,,,,,,,,,,,,,,,,,,,,,,,,,,,,,,,,,,,,,,,,,,8,One,12,1,8,3,6,2,2,0,0,0,0,1,6,2,2,0.5454545455,0.1818181818,0.1818181818,0,0.0909090909,3,0,10,0,10,0,0,-0.5,0.5,,,Spring,,2022-05-26,20,-3.5
Unbalanced,Unbalanced_Colony10,2022-06-15,10Rep1,8,10.280305,10.258172,9.890469,9.636538,9.858292,11.611528,10.336126,9.543425,9.93281,10.137484,10.745729,10.712191,,,,,,,,,,,,,,,,,,,,,,,,,,,,,,,,,,,,,,,,,,,,,,,,,,Two,,,,,,,,,,,,,,,,,,,,,,,,,,,,,,0,12,Spring,,2022-05-26,20,-3.5
Unbalanced,Unbalanced_Colony10,2022-06-15,10Rep1,8,Reward,Reward,Same,Reward,Reward,Reward,Reward,Previsited,Reward,Previsited,Reward,Previsited,,,,,,,,,,,,,,,,,,,,,,,,,,,,,,,,,,,,,,,,,,,,,,,,,,Three,,,,,,,,,,,,,,,,,,,,,,,,,,,,,,,,Spring,,2022-05-26,20,-3.5
Unbalanced,Unbalanced_Colony10,2022-06-15,10Rep1,8,,L3,S0,L1,L2,L3,L1,L1,L2,L1,L1,L1,,,,,,,,,,,,,,,,,,,,,,,,,,,,,,,,,,,,,,,,,,,,,,,,,,Four,,,,,,,,,,,,,,,,,,,,,,,,,,,,,,,,Spring,,2022-05-26,20,-3.5
Unbalanced,Unbalanced_Colony10,2022-06-17,10Rep2,1,8,8,3,7,4,2,2,5,3,6,8,2,6,8,3,5,3,7,3,4,1,,,,,,,,,,,,,,,,,,,,,,,,,,,,,,,,,,,,,,,,8,One,21,2,8,11,1,4,4,0,3,2,4,2,1,7,6,0.05,0.35,0.3,0.2,0.1,2,7,9,5,14,0.5384615385,0.3571428571,-0.142857143,0.1428571429,,,Spring,,2022-05-26,22,-1.5
Unbalanced,Unbalanced_Colony10,2022-06-17,10Rep2,1,4.645407,10.23003,11.343343,10.150531,11.316625,11.546902,10.367948,10.177994,11.318623,11.459396,10.034649,11.45327,10.316702,10.598606,11.241569,10.860575,10.672376,10.291808,11.364752,10.740068,10.342461,,,,,,,,,,,,,,,,,,,,,,,,,,,,,,,,,,,,,,,,,Two,,,,,,,,,,,,,,,,,,,,,,,,,,,,,,1,20,Spring,,2022-05-26,22,-1.5
Unbalanced,Unbalanced_Colony10,2022-06-17,10Rep2,1,Reward,Same,Reward,Reward,Reward,Reward,Same,Reward,Previsited,Reward,Previsited,Previsited,Previsited,Previsited,Previsited,Previsited,Previsited,Previsited,Previsited,Previsited,Reward,,,,,,,,,,,,,,,,,,,,,,,,,,,,,,,,,,,,,,,,,Three,,,,,,,,,,,,,,,,,,,,,,,,,,,,,,,,Spring,,2022-05-26,22,-1.5
Unbalanced,Unbalanced_Colony10,2022-06-17,10Rep2,1,,S0,L3,O4,R3,R2,S0,L3,R2,L3,L2,L2,O4,L2,L3,L2,R2,O4,O4,L1,R3,,,,,,,,,,,,,,,,,,,,,,,,,,,,,,,,,,,,,,,,,Four,,,,,,,,,,,,,,,,,,,,,,,,,,,,,,,,Spring,,2022-05-26,22,-1.5
Unbalanced,Unbalanced_Colony10,2022-06-17,10Rep2,2,7,5,4,2,8,2,4,6,1,1,3,,,,,,,,,,,,,,,,,,,,,,,,,,,,,,,,,,,,,,,,,,,,,,,,,,8,One,11,1,8,2,0,4,1,1,3,0,0,1,1,7,1,0.1,0.7,0.1,0,0.1,6,1,5,4,9,0.125,0.4444444444,-0.055555556,0.0555555556,,,Spring,,2022-05-26,22,-1.5
Unbalanced,Unbalanced_Colony10,2022-06-17,10Rep2,2,10.827789,9.971728,10.189306,10.552305,12.047872,10.530578,10.788183,10.556128,10.559692,11.214017,9.931731,,,,,,,,,,,,,,,,,,,,,,,,,,,,,,,,,,,,,,,,,,,,,,,,,,,Two,,,,,,,,,,,,,,,,,,,,,,,,,,,,,,0,11,Spring,,2022-05-26,22,-1.5
Unbalanced,Unbalanced_Colony10,2022-06-17,10Rep2,2,Reward,Reward,Reward,Reward,Reward,Previsited,Previsited,Reward,Reward,Same,Reward,,,,,,,,,,,,,,,,,,,,,,,,,,,,,,,,,,,,,,,,,,,,,,,,,,,Three,,,,,,,,,,,,,,,,,,,,,,,,,,,,,,,,Spring,,2022-05-26,22,-1.5
Unbalanced,Unbalanced_Colony10,2022-06-17,10Rep2,2,,R2,R1,R2,R2,L2,L2,L2,L3,S0,L2,,,,,,,,,,,,,,,,,,,,,,,,,,,,,,,,,,,,,,,,,,,,,,,,,,,Four,,,,,,,,,,,,,,,,,,,,,,,,,,,,,,,,Spring,,2022-05-26,22,-1.5
Unbalanced,Unbalanced_Colony10,2022-06-17,10Rep2,3,5,6,7,7,8,1,2,2,1,3,1,3,4,,,,,,,,,,,,,,,,,,,,,,,,,,,,,,,,,,,,,,,,,,,,,,,,8,One,13,2,8,3,6,2,0,1,1,0,0,2,7,3,0,0.5833333333,0.25,0,0,0.1666666667,4,4,8,2,10,0.4444444444,0.2,-0.3,0.3,,,Spring,,2022-05-26,22,-1.5
Unbalanced,Unbalanced_Colony10,2022-06-17,10Rep2,3,11.337654,10.46831,4.519453,10.542991,9.937911,11.001858,10.109565,4.420728,10.026312,10.22963,10.235973,10.318365,10.093452,,,,,,,,,,,,,,,,,,,,,,,,,,,,,,,,,,,,,,,,,,,,,,,,,Two,,,,,,,,,,,,,,,,,,,,,,,,,,,,,,2,11,Spring,,2022-05-26,22,-1.5
Unbalanced,Unbalanced_Colony10,2022-06-17,10Rep2,3,Reward,Reward,Reward,Same,Reward,Reward,Reward,Same,Previsited,Reward,Previsited,Previsited,Reward,,,,,,,,,,,,,,,,,,,,,,,,,,,,,,,,,,,,,,,,,,,,,,,,,Three,,,,,,,,,,,,,,,,,,,,,,,,,,,,,,,,Spring,,2022-05-26,22,-1.5
Unbalanced,Unbalanced_Colony10,2022-06-17,10Rep2,3,,L1,L1,S0,L1,L1,L1,S0,R1,L2,R2,L2,L1,,,,,,,,,,,,,,,,,,,,,,,,,,,,,,,,,,,,,,,,,,,,,,,,,Four,,,,,,,,,,,,,,,,,,,,,,,,,,,,,,,,Spring,,2022-05-26,22,-1.5
Unbalanced,Unbalanced_Colony10,2022-06-17,10Rep2,4,8,2,4,5,6,7,8,1,4,5,3,,,,,,,,,,,,,,,,,,,,,,,,,,,,,,,,,,,,,,,,,,,,,,,,,,8,One,11,0,8,3,6,2,1,0,1,0,0,0,6,3,1,0.6,0.3,0.1,0,0,7,1,9,1,10,0.1111111111,0.1,-0.4,0.4,,,Spring,,2022-05-26,22,-1.5
Unbalanced,Unbalanced_Colony10,2022-06-17,10Rep2,4,10.583459,11.563838,10.208972,11.070424,10.487081,10.417726,11.058762,10.626304,9.563013,11.183435,9.969186,,,,,,,,,,,,,,,,,,,,,,,,,,,,,,,,,,,,,,,,,,,,,,,,,,,Two,,,,,,,,,,,,,,,,,,,,,,,,,,,,,,0,11,Spring,,2022-05-26,22,-1.5
Unbalanced,Unbalanced_Colony10,2022-06-17,10Rep2,4,Reward,Reward,Reward,Reward,Reward,Reward,Previsited,Reward,Previsited,Previsited,Reward,,,,,,,,,,,,,,,,,,,,,,,,,,,,,,,,,,,,,,,,,,,,,,,,,,,Three,,,,,,,,,,,,,,,,,,,,,,,,,,,,,,,,Spring,,2022-05-26,22,-1.5
Unbalanced,Unbalanced_Colony10,2022-06-17,10Rep2,4,,L2,L2,L1,L1,L1,L1,L1,L3,L1,R2,,,,,,,,,,,,,,,,,,,,,,,,,,,,,,,,,,,,,,,,,,,,,,,,,,,Four,,,,,,,,,,,,,,,,,,,,,,,,,,,,,,,,Spring,,2022-05-26,22,-1.5
Unbalanced,Unbalanced_Colony10,2022-06-17,10Rep2,5,8,5,2,6,1,3,5,7,8,2,4,,,,,,,,,,,,,,,,,,,,,,,,,,,,,,,,,,,,,,,,,,,,,,,,,,8,One,11,0,8,3,1,5,1,0,0,2,1,0,1,5,3,0.1,0.5,0.3,0.1,0,7,1,7,2,9,0.125,0.2222222222,-0.277777778,0.2777777778,,,Spring,,2022-05-26,22,-1.5
Unbalanced,Unbalanced_Colony10,2022-06-17,10Rep2,5,10.037155,10.722631,9.842421,10.360952,9.862937,10.963095,10.084178,10.148553,10.34231,10.720394,9.854178,,,,,,,,,,,,,,,,,,,,,,,,,,,,,,,,,,,,,,,,,,,,,,,,,,,Two,,,,,,,,,,,,,,,,,,,,,,,,,,,,,,0,11,Spring,,2022-05-26,22,-1.5
Unbalanced,Unbalanced_Colony10,2022-06-17,10Rep2,5,Reward,Reward,Reward,Reward,Reward,Reward,Previsited,Reward,Previsited,Previsited,Reward,,,,,,,,,,,,,,,,,,,,,,,,,,,,,,,,,,,,,,,,,,,,,,,,,,,Three,,,,,,,,,,,,,,,,,,,,,,,,,,,,,,,,Spring,,2022-05-26,22,-1.5
Unbalanced,Unbalanced_Colony10,2022-06-17,10Rep2,5,,R3,R3,O4,L3,L2,L2,L2,L1,L2,L2,,,,,,,,,,,,,,,,,,,,,,,,,,,,,,,,,,,,,,,,,,,,,,,,,,,Four,,,,,,,,,,,,,,,,,,,,,,,,,,,,,,,,Spring,,2022-05-26,22,-1.5
Unbalanced,Unbalanced_Colony10,2022-06-17,10Rep2,6,6,7,8,1,2,4,5,7,4,6,8,2,3,,,,,,,,,,,,,,,,,,,,,,,,,,,,,,,,,,,,,,,,,,,,,,,,8,One,13,0,8,5,6,5,0,0,0,1,0,0,6,5,1,0.5,0.4166666667,0.0833333333,0,0,8,2,11,1,12,0.1818181818,0.0833333333,-0.416666667,0.4166666667,,,Spring,,2022-05-26,22,-1.5
Unbalanced,Unbalanced_Colony10,2022-06-17,10Rep2,6,10.315852,11.351451,10.380669,10.894194,9.767353,10.764904,10.556756,10.979316,10.506821,10.308594,10.111184,10.109738,9.820235,,,,,,,,,,,,,,,,,,,,,,,,,,,,,,,,,,,,,,,,,,,,,,,,,Two,,,,,,,,,,,,,,,,,,,,,,,,,,,,,,0,13,Spring,,2022-05-26,22,-1.5
Unbalanced,Unbalanced_Colony10,2022-06-17,10Rep2,6,Reward,Reward,Reward,Reward,Reward,Reward,Reward,Previsited,Previsited,Previsited,Previsited,Previsited,Reward,,,,,,,,,,,,,,,,,,,,,,,,,,,,,,,,,,,,,,,,,,,,,,,,,Three,,,,,,,,,,,,,,,,,,,,,,,,,,,,,,,,Spring,,2022-05-26,22,-1.5
Unbalanced,Unbalanced_Colony10,2022-06-17,10Rep2,6,,L1,L1,L1,L1,L2,L1,L2,R3,L2,L2,L2,L1,,,,,,,,,,,,,,,,,,,,,,,,,,,,,,,,,,,,,,,,,,,,,,,,,Four,,,,,,,,,,,,,,,,,,,,,,,,,,,,,,,,Spring,,2022-05-26,22,-1.5
Unbalanced,Unbalanced_Colony10,2022-06-17,10Rep2,7,8,2,4,6,7,8,5,3,2,4,6,7,1,,,,,,,,,,,,,,,,,,,,,,,,,,,,,,,,,,,,,,,,,,,,,,,,8,One,13,0,8,5,3,6,0,1,1,1,0,0,4,7,1,0.3333333333,0.5833333333,0.0833333333,0,0,6,2,9,3,12,0.1818181818,0.25,-0.25,0.25,,,Spring,,2022-05-26,22,-1.5
Unbalanced,Unbalanced_Colony10,2022-06-17,10Rep2,7,10.094823,10.155677,10.050507,9.923131,10.960908,9.625447,10.349808,10.043503,10.258172,9.900751,10.063125,10.99718,9.869674,,,,,,,,,,,,,,,,,,,,,,,,,,,,,,,,,,,,,,,,,,,,,,,,,Two,,,,,,,,,,,,,,,,,,,,,,,,,,,,,,0,13,Spring,,2022-05-26,22,-1.5
Unbalanced,Unbalanced_Colony10,2022-06-17,10Rep2,7,Reward,Reward,Reward,Reward,Reward,Previsited,Reward,Reward,Previsited,Previsited,Previsited,Previsited,Reward,,,,,,,,,,,,,,,,,,,,,,,,,,,,,,,,,,,,,,,,,,,,,,,,,Three,,,,,,,,,,,,,,,,,,,,,,,,,,,,,,,,Spring,,2022-05-26,22,-1.5
Unbalanced,Unbalanced_Colony10,2022-06-17,10Rep2,7,,L2,L2,L2,L1,L1,R3,R2,R1,L2,L2,L1,L2,,,,,,,,,,,,,,,,,,,,,,,,,,,,,,,,,,,,,,,,,,,,,,,,,Four,,,,,,,,,,,,,,,,,,,,,,,,,,,,,,,,Spring,,2022-05-26,22,-1.5
Unbalanced,Unbalanced_Colony10,2022-06-17,10Rep2,8,6,7,2,3,4,5,6,7,1,8,,,,,,,,,,,,,,,,,,,,,,,,,,,,,,,,,,,,,,,,,,,,,,,,,,,8,One,10,0,8,2,6,1,1,1,0,0,0,0,7,1,1,0.7777777778,0.1111111111,0.1111111111,0,0,7,1,8,1,9,0.125,0.1111111111,-0.388888889,0.3888888889,,,Spring,,2022-05-26,22,-1.5
Unbalanced,Unbalanced_Colony10,2022-06-17,10Rep2,8,10.333259,10.235973,9.825136,9.887985,10.21487,10.066534,10.505336,10.937194,10.241818,10.281044,,,,,,,,,,,,,,,,,,,,,,,,,,,,,,,,,,,,,,,,,,,,,,,,,,,,Two,,,,,,,,,,,,,,,,,,,,,,,,,,,,,,0,10,Spring,,2022-05-26,22,-1.5
Unbalanced,Unbalanced_Colony10,2022-06-17,10Rep2,8,Reward,Reward,Reward,Reward,Reward,Reward,Previsited,Previsited,Reward,Reward,,,,,,,,,,,,,,,,,,,,,,,,,,,,,,,,,,,,,,,,,,,,,,,,,,,,Three,,,,,,,,,,,,,,,,,,,,,,,,,,,,,,,,Spring,,2022-05-26,22,-1.5
Unbalanced,Unbalanced_Colony10,2022-06-17,10Rep2,8,,L1,L3,L1,L1,L1,L1,L1,L2,R1,,,,,,,,,,,,,,,,,,,,,,,,,,,,,,,,,,,,,,,,,,,,,,,,,,,,Four,,,,,,,,,,,,,,,,,,,,,,,,,,,,,,,,Spring,,2022-05-26,22,-1.5
Unbalanced,Unbalanced_Colony10,2022-06-17,10Rep3,1,7,8,2,3,5,1,7,3,5,3,8,5,8,5,3,7,5,3,8,5,3,7,8,1,4,2,7,4,1,4,2,7,1,7,2,7,5,2,7,3,8,6,,,,,,,,,,,,,,,,,,,8,One,42,0,8,34,4,4,4,0,11,13,5,0,4,15,17,0.0975609756,0.3658536585,0.4146341463,0.1219512195,0,7,13,12,24,36,0.3714285714,0.6666666667,0.1666666667,0.1666666667,,,Spring,,2022-05-26,22,-1.5
Unbalanced,Unbalanced_Colony10,2022-06-17,10Rep3,1,11.574823,11.238101,10.900186,10.046783,10.317836,10.411568,9.900968,11.422236,10.626671,9.649657,11.64569,9.772181,9.775591,9.662415,10.390447,9.862562,10.12338,10.395605,10.288493,5.242304,11.28316,10.234068,10.010844,10.038611,10.298775,11.447329,10.227343,10.879458,11.352688,11.064771,11.635358,10.164636,9.926921,10.98819,11.600039,10.585227,9.913697,9.260994,9.874393,11.254878,10.24374,9.777505,,,,,,,,,,,,,,,,,,,,Two,,,,,,,,,,,,,,,,,,,,,,,,,,,,,,1,41,Spring,,2022-05-26,22,-1.5
Unbalanced,Unbalanced_Colony10,2022-06-17,10Rep3,1,Reward,Reward,Reward,Reward,Reward,Reward,Previsited,Previsited,Previsited,Previsited,Previsited,Previsited,Previsited,Previsited,Previsited,Previsited,Previsited,Previsited,Previsited,Previsited,Previsited,Previsited,Previsited,Previsited,Reward,Previsited,Previsited,Previsited,Previsited,Previsited,Previsited,Previsited,Previsited,Previsited,Previsited,Previsited,Previsited,Previsited,Previsited,Previsited,Previsited,Reward,,,,,,,,,,,,,,,,,,,,Three,,,,,,,,,,,,,,,,,,,,,,,,,,,,,,,,Spring,,2022-05-26,22,-1.5
Unbalanced,Unbalanced_Colony10,2022-06-17,10Rep3,1,,L1,L2,L1,L2,O4,R2,O4,L2,R2,R3,R3,L3,R3,R2,O4,R2,R2,R3,R3,R2,O4,L1,L1,L3,R2,R3,R3,R3,L3,R2,R3,L2,R2,L3,R3,R2,R3,R3,O4,R3,R2,,,,,,,,,,,,,,,,,,,,Four,,,,,,,,,,,,,,,,,,,,,,,,,,,,,,,,Spring,,2022-05-26,22,-1.5
Unbalanced,Unbalanced_Colony10,2022-06-17,10Rep3,2,8,4,8,6,1,7,2,3,5,,,,,,,,,,,,,,,,,,,,,,,,,,,,,,,,,,,,,,,,,,,,,,,,,,,,8,One,9,0,8,1,1,1,2,0,2,0,2,0,1,3,2,0.125,0.375,0.25,0.25,0,3,3,4,2,6,0.6,0.3333333333,-0.166666667,0.1666666667,,,Spring,,2022-05-26,22,-1.5
Unbalanced,Unbalanced_Colony10,2022-06-17,10Rep3,2,4.406639,10.903065,11.539792,10.268143,11.115128,11.741887,9.827557,9.662939,10.774895,,,,,,,,,,,,,,,,,,,,,,,,,,,,,,,,,,,,,,,,,,,,,,,,,,,,,Two,,,,,,,,,,,,,,,,,,,,,,,,,,,,,,1,8,Spring,,2022-05-26,22,-1.5
Unbalanced,Unbalanced_Colony10,2022-06-17,10Rep3,2,Reward,Reward,Previsited,Reward,Reward,Reward,Reward,Reward,Reward,,,,,,,,,,,,,,,,,,,,,,,,,,,,,,,,,,,,,,,,,,,,,,,,,,,,,Three,,,,,,,,,,,,,,,,,,,,,,,,,,,,,,,,Spring,,2022-05-26,22,-1.5
Unbalanced,Unbalanced_Colony10,2022-06-17,10Rep3,2,,O4,O4,R2,L3,R2,L3,L1,L2,,,,,,,,,,,,,,,,,,,,,,,,,,,,,,,,,,,,,,,,,,,,,,,,,,,,,Four,,,,,,,,,,,,,,,,,,,,,,,,,,,,,,,,Spring,,2022-05-26,22,-1.5
Unbalanced,Unbalanced_Colony10,2022-06-17,10Rep3,3,6,1,7,1,5,7,4,6,1,7,4,7,4,5,8,1,6,1,4,2,8,5,5,2,8,6,2,7,4,2,8,6,3,,,,,,,,,,,,,,,,,,,,,,,,,,,,8,One,33,1,8,24,2,3,6,0,9,9,2,1,2,12,15,0.0625,0.375,0.46875,0.0625,0.03125,4,11,11,18,29,0.3928571429,0.6206896552,0.1206896552,0.1206896552,,,Spring,,2022-05-26,22,-1.5
Unbalanced,Unbalanced_Colony10,2022-06-17,10Rep3,3,10.390485,9.7637,10.202994,9.750934,9.903094,11.784392,11.19549,10.109275,9.535823,9.955079,10.060277,9.893661,9.976692,11.3767,11.458035,9.948341,10.327127,9.842916,6.699982,9.659671,10.232221,5.613176,10.165902,10.308991,10.271484,10.80178,10.143904,6.813303,10.134561,11.255294,10.874423,10.01756,10.719285,,,,,,,,,,,,,,,,,,,,,,,,,,,,,Two,,,,,,,,,,,,,,,,,,,,,,,,,,,,,,3,30,Spring,,2022-05-26,22,-1.5
Unbalanced,Unbalanced_Colony10,2022-06-17,10Rep3,3,Reward,Reward,Reward,Previsited,Reward,Previsited,Reward,Previsited,Previsited,Previsited,Previsited,Previsited,Previsited,Previsited,Reward,Previsited,Previsited,Previsited,Previsited,Reward,Previsited,Previsited,Same,Previsited,Previsited,Previsited,Previsited,Previsited,Previsited,Previsited,Previsited,Previsited,Reward,,,,,,,,,,,,,,,,,,,,,,,,,,,,,Three,,,,,,,,,,,,,,,,,,,,,,,,,,,,,,,,Spring,,2022-05-26,22,-1.5
Unbalanced,Unbalanced_Colony10,2022-06-17,10Rep3,3,,L3,R2,L2,O4,L2,R3,L2,L3,R2,R3,L3,R3,L1,L3,L1,R3,L3,L3,R2,R2,R3,S0,R3,R2,R2,O4,R3,R3,R2,R2,R2,R3,,,,,,,,,,,,,,,,,,,,,,,,,,,,,Four,,,,,,,,,,,,,,,,,,,,,,,,,,,,,,,,Spring,,2022-05-26,22,-1.5
Unbalanced,Unbalanced_Colony10,2022-06-17,10Rep3,4,2,8,7,1,3,1,5,3,5,3,4,6,,,,,,,,,,,,,,,,,,,,,,,,,,,,,,,,,,,,,,,,,,,,,,,,,8,One,12,0,8,4,1,4,0,1,4,0,1,0,2,8,0,0.1818181818,0.7272727273,0,0.0909090909,0,6,5,5,5,10,0.5555555556,0.5,0,0,,,Spring,,2022-05-26,22,-1.5
Unbalanced,Unbalanced_Colony10,2022-06-17,10Rep3,4,10.958293,11.585512,11.211566,11.661129,11.495672,11.259813,11.244482,9.721845,9.686331,9.883568,10.112032,9.866988,,,,,,,,,,,,,,,,,,,,,,,,,,,,,,,,,,,,,,,,,,,,,,,,,,Two,,,,,,,,,,,,,,,,,,,,,,,,,,,,,,0,12,Spring,,2022-05-26,22,-1.5
Unbalanced,Unbalanced_Colony10,2022-06-17,10Rep3,4,Reward,Reward,Reward,Reward,Reward,Previsited,Reward,Previsited,Previsited,Previsited,Reward,Reward,,,,,,,,,,,,,,,,,,,,,,,,,,,,,,,,,,,,,,,,,,,,,,,,,,Three,,,,,,,,,,,,,,,,,,,,,,,,,,,,,,,,Spring,,2022-05-26,22,-1.5
Unbalanced,Unbalanced_Colony10,2022-06-17,10Rep3,4,,R2,R1,L2,L2,R2,O4,R2,L2,R2,L1,L2,,,,,,,,,,,,,,,,,,,,,,,,,,,,,,,,,,,,,,,,,,,,,,,,,,Four,,,,,,,,,,,,,,,,,,,,,,,,,,,,,,,,Spring,,2022-05-26,22,-1.5
Unbalanced,Unbalanced_Colony10,2022-06-17,10Rep3,5,4,5,7,1,4,5,2,7,2,7,4,6,7,1,3,3,8,,,,,,,,,,,,,,,,,,,,,,,,,,,,,,,,,,,,,,,,,,,,8,One,17,1,8,8,3,5,2,0,0,5,0,1,3,5,7,0.1875,0.3125,0.4375,0,0.0625,5,5,10,5,15,0.3571428571,0.3333333333,-0.166666667,0.1666666667,,,Spring,,2022-05-26,22,-1.5
Unbalanced,Unbalanced_Colony10,2022-06-17,10Rep3,5,10.070251,10.123765,10.639046,11.471704,9.88276,9.358418,11.45007,10.059928,9.975441,10.138561,9.520378,11.105777,9.893661,7.485953,10.987977,11.338393,10.209526,,,,,,,,,,,,,,,,,,,,,,,,,,,,,,,,,,,,,,,,,,,,,Two,,,,,,,,,,,,,,,,,,,,,,,,,,,,,,1,16,Spring,,2022-05-26,22,-1.5
Unbalanced,Unbalanced_Colony10,2022-06-17,10Rep3,5,Reward,Reward,Reward,Reward,Previsited,Previsited,Reward,Previsited,Previsited,Previsited,Previsited,Reward,Previsited,Previsited,Reward,Same,Reward,,,,,,,,,,,,,,,,,,,,,,,,,,,,,,,,,,,,,,,,,,,,,Three,,,,,,,,,,,,,,,,,,,,,,,,,,,,,,,,Spring,,2022-05-26,22,-1.5
Unbalanced,Unbalanced_Colony10,2022-06-17,10Rep3,5,,L1,L2,L2,L3,L1,R3,R3,L3,R3,R3,L2,L1,L2,L2,S0,R3,,,,,,,,,,,,,,,,,,,,,,,,,,,,,,,,,,,,,,,,,,,,,Four,,,,,,,,,,,,,,,,,,,,,,,,,,,,,,,,Spring,,2022-05-26,22,-1.5
Unbalanced,Unbalanced_Colony10,2022-06-17,10Rep3,6,2,2,5,7,8,2,4,6,8,2,5,7,4,7,2,5,3,5,8,3,6,3,1,,,,,,,,,,,,,,,,,,,,,,,,,,,,,,,,,,,,,,8,One,23,1,8,14,1,8,8,0,2,2,0,1,1,10,10,0.0454545455,0.4545454545,0.4545454545,0,0.0454545455,2,5,17,4,21,0.25,0.1904761905,-0.30952381,0.3095238095,,,Spring,,2022-05-26,22,-1.5
Unbalanced,Unbalanced_Colony10,2022-06-17,10Rep3,6,4.650733,4.424386,9.954609,9.957917,9.1633,9.730082,9.444628,9.977375,10.184599,9.40413,9.734108,9.802016,9.675196,9.64032,10.940313,9.872498,11.098174,9.832157,9.528339,9.507162,10.047753,9.523796,11.43663,,,,,,,,,,,,,,,,,,,,,,,,,,,,,,,,,,,,,,,Two,,,,,,,,,,,,,,,,,,,,,,,,,,,,,,2,21,Spring,,2022-05-26,22,-1.5
Unbalanced,Unbalanced_Colony10,2022-06-17,10Rep3,6,Reward,Same,Reward,Reward,Reward,Previsited,Reward,Reward,Previsited,Previsited,Previsited,Previsited,Previsited,Previsited,Previsited,Previsited,Reward,Previsited,Previsited,Previsited,Previsited,Previsited,Reward,,,,,,,,,,,,,,,,,,,,,,,,,,,,,,,,,,,,,,,Three,,,,,,,,,,,,,,,,,,,,,,,,,,,,,,,,Spring,,2022-05-26,22,-1.5
Unbalanced,Unbalanced_Colony10,2022-06-17,10Rep3,6,,S0,L3,L2,L1,L2,L2,L2,L2,L2,L3,L2,R3,L3,L3,L3,R2,L2,L3,L3,L3,R3,R2,,,,,,,,,,,,,,,,,,,,,,,,,,,,,,,,,,,,,,,Four,,,,,,,,,,,,,,,,,,,,,,,,,,,,,,,,Spring,,2022-05-26,22,-1.5
Unbalanced,Unbalanced_Colony10,2022-06-17,10Rep3,7,5,7,5,8,2,5,7,1,2,4,6,8,6,2,2,7,2,5,8,2,7,2,8,3,,,,,,,,,,,,,,,,,,,,,,,,,,,,,,,,,,,,,8,One,24,1,8,15,1,8,7,0,3,2,1,1,1,11,9,0.0434782609,0.4782608696,0.3913043478,0.0434782609,0.0434782609,3,8,16,5,21,0.4,0.2380952381,-0.261904762,0.2619047619,,,Spring,,2022-05-26,22,-1.5
Unbalanced,Unbalanced_Colony10,2022-06-17,10Rep3,7,10.920232,10.412841,7.888398,10.163792,10.326976,8.896686,11.282123,11.367496,9.653575,11.094485,9.893326,9.767353,9.715988,9.69679,11.652517,9.750934,9.445391,9.438682,9.556427,10.568106,9.915899,9.545671,9.888912,9.90144,,,,,,,,,,,,,,,,,,,,,,,,,,,,,,,,,,,,,,Two,,,,,,,,,,,,,,,,,,,,,,,,,,,,,,2,22,Spring,,2022-05-26,22,-1.5
Unbalanced,Unbalanced_Colony10,2022-06-17,10Rep3,7,Reward,Reward,Previsited,Reward,Reward,Previsited,Previsited,Reward,Previsited,Reward,Reward,Previsited,Previsited,Previsited,Same,Previsited,Previsited,Previsited,Previsited,Previsited,Previsited,Previsited,Previsited,Reward,,,,,,,,,,,,,,,,,,,,,,,,,,,,,,,,,,,,,,Three,,,,,,,,,,,,,,,,,,,,,,,,,,,,,,,,Spring,,2022-05-26,22,-1.5
Unbalanced,Unbalanced_Colony10,2022-06-17,10Rep3,7,,L2,R2,L3,L2,L3,L2,L2,L1,L2,L2,L2,R2,O4,S0,R3,L3,L3,L3,L2,R3,L3,R2,L3,,,,,,,,,,,,,,,,,,,,,,,,,,,,,,,,,,,,,,Four,,,,,,,,,,,,,,,,,,,,,,,,,,,,,,,,Spring,,2022-05-26,22,-1.5
Unbalanced,Unbalanced_Colony10,2022-06-17,10Rep3,8,8,1,6,7,5,7,5,6,4,6,3,3,5,7,4,6,1,7,4,1,3,7,4,6,8,5,7,1,6,1,5,1,3,6,1,3,8,5,2,,,,,,,,,,,,,,,,,,,,,,8,One,39,1,8,30,3,12,4,0,4,11,3,1,3,16,15,0.0789473684,0.4210526316,0.3947368421,0.0789473684,0.0263157895,6,21,19,15,34,0.6363636364,0.4411764706,-0.058823529,0.0588235294,,,Spring,,2022-05-26,22,-1.5
Unbalanced,Unbalanced_Colony10,2022-06-17,10Rep3,8,11.206558,10.349677,11.539556,10.20691,9.983,10.084932,9.858292,8.392053,10.861006,9.863036,10.206681,4.348351,11.192704,10.160282,9.41838,10.048936,9.768191,10.413066,10.248153,9.771363,9.59232,10.184962,9.821029,9.755471,11.202887,10.033153,10.006462,10.492953,8.089449,8.531376,9.819361,8.287788,10.624837,10.5441,8.569379,8.11178,9.466171,10.107424,9.591771,,,,,,,,,,,,,,,,,,,,,,,Two,,,,,,,,,,,,,,,,,,,,,,,,,,,,,,7,32,Spring,,2022-05-26,22,-1.5
Unbalanced,Unbalanced_Colony10,2022-06-17,10Rep3,8,Reward,Reward,Reward,Reward,Reward,Previsited,Previsited,Previsited,Reward,Previsited,Reward,Same,Previsited,Previsited,Previsited,Previsited,Previsited,Previsited,Previsited,Previsited,Previsited,Previsited,Previsited,Previsited,Previsited,Previsited,Previsited,Previsited,Previsited,Previsited,Previsited,Previsited,Previsited,Previsited,Previsited,Previsited,Previsited,Previsited,Reward,,,,,,,,,,,,,,,,,,,,,,,Three,,,,,,,,,,,,,,,,,,,,,,,,,,,,,,,,Spring,,2022-05-26,22,-1.5
Unbalanced,Unbalanced_Colony10,2022-06-17,10Rep3,8,,L1,R3,L1,R2,L2,R2,L1,R2,L2,R3,S0,L2,L2,R3,L2,L3,R2,R3,R3,L2,O4,R3,L2,L2,R3,L2,L2,R3,L3,O4,O4,L2,L3,L3,L2,R3,R3,R3,,,,,,,,,,,,,,,,,,,,,,,Four,,,,,,,,,,,,,,,,,,,,,,,,,,,,,,,,Spring,,2022-05-26,22,-1.5
Unbalanced,Unbalanced_Colony10,2022-06-20,10Rep4,1,2,6,5,4,2,3,5,3,7,2,6,1,3,1,3,3,4,1,4,5,1,6,5,4,2,1,6,3,6,2,2,6,3,3,7,3,2,7,8,,,,,,,,,,,,,,,,,,,,,,8,One,39,3,8,28,4,3,4,6,4,6,8,3,10,7,10,0.2631578947,0.1842105263,0.2631578947,0.2105263158,0.0789473684,5,11,11,16,27,0.4230769231,0.5925925926,0.0925925926,0.0925925926,,,Spring,,2022-05-26,25,1.5
Unbalanced,Unbalanced_Colony10,2022-06-20,10Rep4,1,11.592173,11.213027,11.081107,11.219405,4.781506,11.542022,9.816919,10.858206,11.616026,9.929493,9.893661,10.564398,10.282712,10.278788,9.657148,9.382549,11.076867,11.380606,11.242731,10.274748,11.295332,9.515626,9.680916,11.103512,11.789204,11.845238,9.32869,11.492823,11.460892,4.508787,11.726455,11.140458,11.442714,11.400337,11.830599,11.296023,11.471704,11.478074,11.206193,,,,,,,,,,,,,,,,,,,,,,,Two,,,,,,,,,,,,,,,,,,,,,,,,,,,,,,2,37,Spring,,2022-05-26,25,1.5
Unbalanced,Unbalanced_Colony10,2022-06-20,10Rep4,1,Reward,Reward,Reward,Reward,Previsited,Reward,Previsited,Previsited,Reward,Previsited,Previsited,Reward,Previsited,Previsited,Previsited,Same,Previsited,Previsited,Previsited,Previsited,Previsited,Previsited,Previsited,Previsited,Previsited,Previsited,Previsited,Previsited,Previsited,Previsited,Same,Previsited,Previsited,Same,Previsited,Previsited,Previsited,Previsited,Reward,,,,,,,,,,,,,,,,,,,,,,,Three,,,,,,,,,,,,,,,,,,,,,,,,,,,,,,,,Spring,,2022-05-26,25,1.5
Unbalanced,Unbalanced_Colony10,2022-06-20,10Rep4,1,,O4,R1,R1,R2,L1,L2,R2,O4,L3,O4,L3,L2,R2,L2,S0,L1,R3,L3,L1,O4,R3,R1,R1,R2,R1,R3,R3,L3,O4,S0,O4,R3,S0,O4,O4,R1,R3,L1,,,,,,,,,,,,,,,,,,,,,,,Four,,,,,,,,,,,,,,,,,,,,,,,,,,,,,,,,Spring,,2022-05-26,25,1.5
Unbalanced,Unbalanced_Colony10,2022-06-20,10Rep4,2,8,4,5,3,4,7,4,6,7,8,4,7,2,3,7,1,,,,,,,,,,,,,,,,,,,,,,,,,,,,,,,,,,,,,,,,,,,,,8,One,16,0,8,8,5,2,3,0,1,1,3,0,5,3,4,0.3333333333,0.2,0.2666666667,0.2,0,5,4,10,2,12,0.3636363636,0.1666666667,-0.333333333,0.3333333333,,,Spring,,2022-05-26,25,1.5
Unbalanced,Unbalanced_Colony10,2022-06-20,10Rep4,2,4.648217,11.140318,9.857501,10.208056,9.794317,11.353855,9.497193,10.010708,10.907927,11.485918,9.482054,11.623575,11.014785,10.610976,10.000383,10.190549,,,,,,,,,,,,,,,,,,,,,,,,,,,,,,,,,,,,,,,,,,,,,,Two,,,,,,,,,,,,,,,,,,,,,,,,,,,,,,1,15,Spring,,2022-05-26,25,1.5
Unbalanced,Unbalanced_Colony10,2022-06-20,10Rep4,2,Reward,Reward,Reward,Reward,Previsited,Reward,Previsited,Reward,Previsited,Previsited,Previsited,Previsited,Reward,Previsited,Previsited,Reward,,,,,,,,,,,,,,,,,,,,,,,,,,,,,,,,,,,,,,,,,,,,,,Three,,,,,,,,,,,,,,,,,,,,,,,,,,,,,,,,Spring,,2022-05-26,25,1.5
Unbalanced,Unbalanced_Colony10,2022-06-20,10Rep4,2,,O4,L1,R2,L1,L3,R3,L2,L1,L1,O4,L3,L3,L1,O4,L2,,,,,,,,,,,,,,,,,,,,,,,,,,,,,,,,,,,,,,,,,,,,,,Four,,,,,,,,,,,,,,,,,,,,,,,,,,,,,,,,Spring,,2022-05-26,25,1.5
Unbalanced,Unbalanced_Colony10,2022-06-20,10Rep4,3,2,5,5,7,4,7,1,6,8,2,7,2,5,7,1,7,2,3,,,,,,,,,,,,,,,,,,,,,,,,,,,,,,,,,,,,,,,,,,,8,One,18,1,8,9,1,6,5,0,1,3,0,1,1,7,8,0.0588235294,0.4117647059,0.4705882353,0,0.0588235294,3,8,12,4,16,0.5333333333,0.25,-0.25,0.25,,,Spring,,2022-05-26,25,1.5
Unbalanced,Unbalanced_Colony10,2022-06-20,10Rep4,3,10.019116,10.192902,10.136253,10.668046,11.412676,10.125613,11.267687,10.487081,10.212275,9.698137,9.781173,10.998208,11.197492,10.620525,10.542547,9.9435,9.694639,9.717613,,,,,,,,,,,,,,,,,,,,,,,,,,,,,,,,,,,,,,,,,,,,Two,,,,,,,,,,,,,,,,,,,,,,,,,,,,,,0,18,Spring,,2022-05-26,25,1.5
Unbalanced,Unbalanced_Colony10,2022-06-20,10Rep4,3,Reward,Reward,Same,Reward,Reward,Previsited,Reward,Reward,Reward,Previsited,Previsited,Previsited,Previsited,Previsited,Previsited,Previsited,Previsited,Reward,,,,,,,,,,,,,,,,,,,,,,,,,,,,,,,,,,,,,,,,,,,,Three,,,,,,,,,,,,,,,,,,,,,,,,,,,,,,,,Spring,,2022-05-26,25,1.5
Unbalanced,Unbalanced_Colony10,2022-06-20,10Rep4,3,,L3,S0,L2,R3,L3,L2,R3,L2,L2,R3,L3,L3,L2,L2,R2,L3,L1,,,,,,,,,,,,,,,,,,,,,,,,,,,,,,,,,,,,,,,,,,,,Four,,,,,,,,,,,,,,,,,,,,,,,,,,,,,,,,Spring,,2022-05-26,25,1.5
Unbalanced,Unbalanced_Colony10,2022-06-20,10Rep4,4,5,8,1,1,3,5,7,1,5,8,3,7,2,3,6,2,2,1,7,6,2,4,,,,,,,,,,,,,,,,,,,,,,,,,,,,,,,,,,,,,,,8,One,22,2,8,12,2,5,5,2,1,0,4,2,4,6,5,0.1904761905,0.2857142857,0.2380952381,0.1904761905,0.0952380952,4,2,12,3,15,0.1428571429,0.2,-0.3,0.3,,,Spring,,2022-05-26,25,1.5
Unbalanced,Unbalanced_Colony10,2022-06-20,10Rep4,4,10.658394,11.339631,9.569064,10.61094,11.299473,9.896183,10.408142,9.093902,6.925839,10.950179,10.289913,10.404751,11.234701,9.615964,9.960775,10.165327,9.216687,8.628611,9.858292,9.471605,11.663485,9.876782,,,,,,,,,,,,,,,,,,,,,,,,,,,,,,,,,,,,,,,,Two,,,,,,,,,,,,,,,,,,,,,,,,,,,,,,2,20,Spring,,2022-05-26,25,1.5
Unbalanced,Unbalanced_Colony10,2022-06-20,10Rep4,4,Reward,Reward,Reward,Same,Reward,Previsited,Reward,Previsited,Previsited,Previsited,Previsited,Previsited,Reward,Previsited,Reward,Previsited,Same,Previsited,Previsited,Previsited,Previsited,Reward,,,,,,,,,,,,,,,,,,,,,,,,,,,,,,,,,,,,,,,,Three,,,,,,,,,,,,,,,,,,,,,,,,,,,,,,,,Spring,,2022-05-26,25,1.5
Unbalanced,Unbalanced_Colony10,2022-06-20,10Rep4,4,,L3,L1,S0,L2,L2,L2,L2,O4,L3,L3,O4,L3,L1,L3,O4,S0,R1,R2,R1,O4,L2,,,,,,,,,,,,,,,,,,,,,,,,,,,,,,,,,,,,,,,,Four,,,,,,,,,,,,,,,,,,,,,,,,,,,,,,,,Spring,,2022-05-26,25,1.5
Unbalanced,Unbalanced_Colony10,2022-06-20,10Rep4,5,1,2,4,6,1,4,5,8,2,1,3,4,7,,,,,,,,,,,,,,,,,,,,,,,,,,,,,,,,,,,,,,,,,,,,,,,,8,One,13,0,8,5,3,4,4,1,0,0,0,0,4,4,4,0.3333333333,0.3333333333,0.3333333333,0,0,5,2,11,1,12,0.1818181818,0.0833333333,-0.416666667,0.4166666667,,,Spring,,2022-05-26,25,1.5
Unbalanced,Unbalanced_Colony10,2022-06-20,10Rep4,5,11.644334,4.640369,9.742115,11.392726,7.719725,10.514128,11.407294,9.714865,10.968819,9.955784,10.908713,9.700428,10.011234,,,,,,,,,,,,,,,,,,,,,,,,,,,,,,,,,,,,,,,,,,,,,,,,,Two,,,,,,,,,,,,,,,,,,,,,,,,,,,,,,2,11,Spring,,2022-05-26,25,1.5
Unbalanced,Unbalanced_Colony10,2022-06-20,10Rep4,5,Reward,Reward,Reward,Reward,Previsited,Previsited,Reward,Reward,Previsited,Previsited,Reward,Previsited,Reward,,,,,,,,,,,,,,,,,,,,,,,,,,,,,,,,,,,,,,,,,,,,,,,,,Three,,,,,,,,,,,,,,,,,,,,,,,,,,,,,,,,Spring,,2022-05-26,25,1.5
Unbalanced,Unbalanced_Colony10,2022-06-20,10Rep4,5,,L1,L2,L2,L3,L3,L1,L3,L2,R1,L2,L1,L3,,,,,,,,,,,,,,,,,,,,,,,,,,,,,,,,,,,,,,,,,,,,,,,,,Four,,,,,,,,,,,,,,,,,,,,,,,,,,,,,,,,Spring,,2022-05-26,25,1.5
Unbalanced,Unbalanced_Colony10,2022-06-20,10Rep4,6,7,5,8,1,2,5,7,3,4,8,1,6,,,,,,,,,,,,,,,,,,,,,,,,,,,,,,,,,,,,,,,,,,,,,,,,,8,One,12,0,8,4,4,1,2,0,1,1,2,0,4,2,3,0.3636363636,0.1818181818,0.2727272727,0.1818181818,0,6,2,7,2,9,0.25,0.2222222222,-0.277777778,0.2777777778,,,Spring,,2022-05-26,25,1.5
Unbalanced,Unbalanced_Colony10,2022-06-20,10Rep4,6,10.099321,9.5677,10.564287,11.020446,10.827267,8.642313,11.065493,10.69489,10.326051,10.504631,10.042028,9.833327,,,,,,,,,,,,,,,,,,,,,,,,,,,,,,,,,,,,,,,,,,,,,,,,,,Two,,,,,,,,,,,,,,,,,,,,,,,,,,,,,,1,11,Spring,,2022-05-26,25,1.5
Unbalanced,Unbalanced_Colony10,2022-06-20,10Rep4,6,Reward,Reward,Reward,Reward,Reward,Previsited,Previsited,Reward,Reward,Previsited,Previsited,Reward,,,,,,,,,,,,,,,,,,,,,,,,,,,,,,,,,,,,,,,,,,,,,,,,,,Three,,,,,,,,,,,,,,,,,,,,,,,,,,,,,,,,Spring,,2022-05-26,25,1.5
Unbalanced,Unbalanced_Colony10,2022-06-20,10Rep4,6,,R2,L3,L1,L1,L3,L2,O4,L1,O4,L1,R3,,,,,,,,,,,,,,,,,,,,,,,,,,,,,,,,,,,,,,,,,,,,,,,,,,Four,,,,,,,,,,,,,,,,,,,,,,,,,,,,,,,,Spring,,2022-05-26,25,1.5
Unbalanced,Unbalanced_Colony10,2022-06-20,10Rep4,7,2,4,6,8,5,3,4,8,4,7,2,5,2,1,,,,,,,,,,,,,,,,,,,,,,,,,,,,,,,,,,,,,,,,,,,,,,,8,One,14,0,8,6,1,3,3,1,1,2,2,0,2,4,5,0.1538461538,0.3076923077,0.3846153846,0.1538461538,0,7,3,7,4,11,0.3,0.3636363636,-0.136363636,0.1363636364,,,Spring,,2022-05-26,25,1.5
Unbalanced,Unbalanced_Colony10,2022-06-20,10Rep4,7,10.119451,9.617667,9.911987,10.273476,10.330524,10.015341,11.255294,9.774874,9.092916,10.364902,10.11049,9.806748,6.796575,10.031929,,,,,,,,,,,,,,,,,,,,,,,,,,,,,,,,,,,,,,,,,,,,,,,,Two,,,,,,,,,,,,,,,,,,,,,,,,,,,,,,1,13,Spring,,2022-05-26,25,1.5
Unbalanced,Unbalanced_Colony10,2022-06-20,10Rep4,7,Reward,Reward,Reward,Reward,Reward,Reward,Previsited,Previsited,Previsited,Reward,Previsited,Previsited,Previsited,Reward,,,,,,,,,,,,,,,,,,,,,,,,,,,,,,,,,,,,,,,,,,,,,,,,Three,,,,,,,,,,,,,,,,,,,,,,,,,,,,,,,,Spring,,2022-05-26,25,1.5
Unbalanced,Unbalanced_Colony10,2022-06-20,10Rep4,7,,L2,L2,L2,R3,R2,L1,O4,O4,L3,L3,L3,R3,R1,,,,,,,,,,,,,,,,,,,,,,,,,,,,,,,,,,,,,,,,,,,,,,,,Four,,,,,,,,,,,,,,,,,,,,,,,,,,,,,,,,Spring,,2022-05-26,25,1.5
Unbalanced,Unbalanced_Colony10,2022-06-20,10Rep4,8,6,7,4,1,2,3,6,4,7,4,1,4,8,3,1,2,7,5,2,3,4,7,3,6,2,4,4,4,3,2,7,1,8,7,6,3,2,3,3,2,1,4,3,2,2,7,4,5,,,,,,,,,,,,,8,One,48,4,8,36,8,2,7,10,3,10,3,4,18,5,17,0.3829787234,0.1063829787,0.3617021277,0.0638297872,0.085106383,7,18,17,23,40,0.4615384615,0.575,0.075,0.075,,,Spring,,2022-05-26,25,1.5
Unbalanced,Unbalanced_Colony10,2022-06-20,10Rep4,8,9.780794,9.851765,10.484702,9.510135,11.392726,10.810565,9.684238,10.268428,10.355024,10.025787,10.307421,9.708201,11.353323,9.887985,4.736451,10.496965,10.94815,8.988345,11.66915,4.699888,11.709388,11.309009,9.871076,9.77601,10.072109,11.497825,9.406824,4.364459,11.674577,11.472724,10.782111,10.947152,4.927781,9.714444,9.329943,11.450019,11.571438,10.163716,4.375521,8.625855,11.561393,10.676174,11.649606,4.936792,11.559252,10.823467,8.984593,10.065062,,,,,,,,,,,,,,Two,,,,,,,,,,,,,,,,,,,,,,,,,,,,,,9,39,Spring,,2022-05-26,25,1.5
Unbalanced,Unbalanced_Colony10,2022-06-20,10Rep4,8,Reward,Reward,Reward,Reward,Reward,Reward,Previsited,Previsited,Previsited,Previsited,Previsited,Previsited,Reward,Previsited,Previsited,Previsited,Previsited,Reward,Previsited,Previsited,Previsited,Previsited,Previsited,Previsited,Previsited,Previsited,Same,Same,Previsited,Previsited,Previsited,Previsited,Previsited,Previsited,Previsited,Previsited,Previsited,Previsited,Same,Previsited,Previsited,Previsited,Previsited,Previsited,Same,Previsited,Previsited,Previsited,,,,,,,,,,,,,,Three,,,,,,,,,,,,,,,,,,,,,,,,,,,,,,,,Spring,,2022-05-26,25,1.5
Unbalanced,Unbalanced_Colony10,2022-06-20,10Rep4,8,,L1,R3,R3,L1,L1,L3,R2,L3,R3,R3,L3,O4,L3,R2,L1,R3,R2,R3,L1,L1,L3,O4,L3,O4,L2,S0,S0,R1,R1,R3,L2,R1,R1,R1,R3,R1,L1,S0,R1,R1,L3,R1,R1,S0,R3,R3,L1,,,,,,,,,,,,,,Four,,,,,,,,,,,,,,,,,,,,,,,,,,,,,,,,Spring,,2022-05-26,25,1.5
Unbalanced,Unbalanced_Colony10,2022-06-21,10Rep5,1,5,6,1,2,4,6,2,5,1,3,1,4,7,1,4,7,4,8,,,,,,,,,,,,,,,,,,,,,,,,,,,,,,,,,,,,,,,,,,,8,One,18,0,8,10,2,4,6,0,1,1,3,0,2,5,7,0.1176470588,0.2941176471,0.4117647059,0.1764705882,0,6,3,12,2,14,0.2307692308,0.1428571429,-0.357142857,0.3571428571,,,Spring,,2022-05-26,26,2.5
Unbalanced,Unbalanced_Colony10,2022-06-21,10Rep5,1,9.944558,10.070076,10.54898,11.272167,9.427316,10.585356,10.862424,11.267064,11.398183,11.048692,9.938637,9.505378,11.545754,11.196465,9.993617,11.876447,8.478915,10.346983,,,,,,,,,,,,,,,,,,,,,,,,,,,,,,,,,,,,,,,,,,,,Two,,,,,,,,,,,,,,,,,,,,,,,,,,,,,,1,17,Spring,,2022-05-26,26,2.5
Unbalanced,Unbalanced_Colony10,2022-06-21,10Rep5,1,Reward,Reward,Reward,Reward,Reward,Previsited,Previsited,Previsited,Previsited,Reward,Previsited,Previsited,Reward,Previsited,Previsited,Previsited,Previsited,Reward,,,,,,,,,,,,,,,,,,,,,,,,,,,,,,,,,,,,,,,,,,,,Three,,,,,,,,,,,,,,,,,,,,,,,,,,,,,,,,Spring,,2022-05-26,26,2.5
Unbalanced,Unbalanced_Colony10,2022-06-21,10Rep5,1,,L1,L3,L1,L2,L2,O4,L3,O4,L2,R2,L3,L3,L2,L3,L3,R3,O4,,,,,,,,,,,,,,,,,,,,,,,,,,,,,,,,,,,,,,,,,,,,Four,,,,,,,,,,,,,,,,,,,,,,,,,,,,,,,,Spring,,2022-05-26,26,2.5
Unbalanced,Unbalanced_Colony10,2022-06-21,10Rep5,2,2,1,4,6,1,4,6,8,2,6,8,2,4,6,7,2,4,1,6,1,4,7,1,4,1,5,5,4,6,2,5,2,2,4,8,1,3,,,,,,,,,,,,,,,,,,,,,,,,8,One,37,2,8,27,2,13,9,2,0,4,4,2,4,13,13,0.1111111111,0.3611111111,0.3611111111,0.1111111111,0.0555555556,5,7,24,6,30,0.2413793103,0.2,-0.3,0.3,,,Spring,,2022-05-26,26,2.5
Unbalanced,Unbalanced_Colony10,2022-06-21,10Rep5,2,11.312318,11.015758,11.062233,11.10044,11.154114,10.919072,9.418525,11.62121,10.851957,9.517101,10.741103,10.405107,10.566501,11.313834,10.974113,11.669818,11.295332,10.648441,9.2931,11.281518,10.389359,10.904209,10.793819,9.285021,11.570983,10.766932,11.043681,7.761251,9.497172,11.419232,10.215824,9.654806,10.139214,10.446109,11.090549,9.849489,9.687458,,,,,,,,,,,,,,,,,,,,,,,,,Two,,,,,,,,,,,,,,,,,,,,,,,,,,,,,,1,36,Spring,,2022-05-26,26,2.5
Unbalanced,Unbalanced_Colony10,2022-06-21,10Rep5,2,Reward,Reward,Reward,Reward,Previsited,Previsited,Previsited,Reward,Previsited,Previsited,Previsited,Previsited,Previsited,Previsited,Reward,Previsited,Previsited,Previsited,Previsited,Previsited,Previsited,Previsited,Previsited,Previsited,Previsited,Reward,Same,Previsited,Previsited,Previsited,Previsited,Previsited,Same,Previsited,Previsited,Previsited,Reward,,,,,,,,,,,,,,,,,,,,,,,,,Three,,,,,,,,,,,,,,,,,,,,,,,,,,,,,,,,Spring,,2022-05-26,26,2.5
Unbalanced,Unbalanced_Colony10,2022-06-21,10Rep5,2,,R1,L3,L2,L3,L3,L2,L2,L2,O4,L2,L2,L2,L2,L1,L3,L2,R3,R3,L3,L3,L3,L2,L3,R3,O4,S0,R1,L2,O4,L3,R3,S0,L2,O4,L1,L2,,,,,,,,,,,,,,,,,,,,,,,,,Four,,,,,,,,,,,,,,,,,,,,,,,,,,,,,,,,Spring,,2022-05-26,26,2.5
Unbalanced,Unbalanced_Colony10,2022-06-21,10Rep5,3,8,1,2,8,7,1,4,7,1,4,1,3,7,2,4,6,7,1,4,2,7,3,8,5,,,,,,,,,,,,,,,,,,,,,,,,,,,,,,,,,,,,,8,One,24,0,8,16,3,6,5,1,2,4,2,0,4,8,9,0.1739130435,0.347826087,0.3913043478,0.0869565217,0,4,5,14,7,21,0.25,0.3333333333,-0.166666667,0.1666666667,,,Spring,,2022-05-26,26,2.5
Unbalanced,Unbalanced_Colony10,2022-06-21,10Rep5,3,11.139915,11.338995,11.00076,10.305587,10.342461,10.336711,10.722231,10.810565,10.365109,9.6814,8.982683,10.223473,10.232221,10.706858,9.577799,10.267517,9.738492,9.741334,10.860199,10.549626,11.702377,10.213554,10.303903,9.885422,,,,,,,,,,,,,,,,,,,,,,,,,,,,,,,,,,,,,,Two,,,,,,,,,,,,,,,,,,,,,,,,,,,,,,1,23,Spring,,2022-05-26,26,2.5
Unbalanced,Unbalanced_Colony10,2022-06-21,10Rep5,3,Reward,Reward,Reward,Previsited,Reward,Previsited,Reward,Previsited,Previsited,Previsited,Previsited,Reward,Previsited,Previsited,Previsited,Reward,Previsited,Previsited,Previsited,Previsited,Previsited,Previsited,Previsited,Reward,,,,,,,,,,,,,,,,,,,,,,,,,,,,,,,,,,,,,,Three,,,,,,,,,,,,,,,,,,,,,,,,,,,,,,,,Spring,,2022-05-26,26,2.5
Unbalanced,Unbalanced_Colony10,2022-06-21,10Rep5,3,,L1,L1,R2,R1,L2,L3,L3,L2,L3,R3,L2,O4,L3,L2,L2,L1,L2,L3,R2,R3,O4,R3,R3,,,,,,,,,,,,,,,,,,,,,,,,,,,,,,,,,,,,,,Four,,,,,,,,,,,,,,,,,,,,,,,,,,,,,,,,Spring,,2022-05-26,26,2.5
Unbalanced,Unbalanced_Colony10,2022-06-21,10Rep5,4,6,6,5,2,5,8,2,4,6,8,5,1,4,6,4,6,8,5,3,1,7,,,,,,,,,,,,,,,,,,,,,,,,,,,,,,,,,,,,,,,,8,One,21,1,8,12,0,7,3,1,4,3,1,1,1,11,6,0.05,0.55,0.3,0.05,0.05,2,6,10,8,18,0.3529411765,0.4444444444,-0.055555556,0.0555555556,,,Spring,,2022-05-26,26,2.5
Unbalanced,Unbalanced_Colony10,2022-06-21,10Rep5,4,4.34584,10.055296,9.946538,10.166017,10.149975,9.616674,10.349545,10.623277,9.603977,9.457765,9.814993,10.233916,10.218801,9.978098,10.007183,10.645951,10.416659,9.695423,10.703999,9.950437,10.376161,,,,,,,,,,,,,,,,,,,,,,,,,,,,,,,,,,,,,,,,,Two,,,,,,,,,,,,,,,,,,,,,,,,,,,,,,1,20,Spring,,2022-05-26,26,2.5
Unbalanced,Unbalanced_Colony10,2022-06-21,10Rep5,4,Reward,Same,Reward,Reward,Previsited,Reward,Previsited,Reward,Previsited,Previsited,Previsited,Reward,Previsited,Previsited,Previsited,Previsited,Previsited,Previsited,Reward,Previsited,Reward,,,,,,,,,,,,,,,,,,,,,,,,,,,,,,,,,,,,,,,,,Three,,,,,,,,,,,,,,,,,,,,,,,,,,,,,,,,Spring,,2022-05-26,26,2.5
Unbalanced,Unbalanced_Colony10,2022-06-21,10Rep5,4,,S0,R1,R3,L3,L3,L2,L2,L2,L2,R3,O4,L3,L2,R2,L2,L2,R3,R2,R2,R2,,,,,,,,,,,,,,,,,,,,,,,,,,,,,,,,,,,,,,,,,Four,,,,,,,,,,,,,,,,,,,,,,,,,,,,,,,,Spring,,2022-05-26,26,2.5
Unbalanced,Unbalanced_Colony10,2022-06-21,10Rep5,5,8,6,5,3,8,6,1,7,5,8,5,3,8,3,5,2,1,5,1,6,3,7,3,6,2,7,4,,,,,,,,,,,,,,,,,,,,,,,,,,,,,,,,,,8,One,27,0,8,19,0,1,4,2,6,8,5,0,2,7,12,0.0769230769,0.2692307692,0.4615384615,0.1923076923,0,5,8,5,16,21,0.4,0.7619047619,0.2619047619,0.2619047619,,,Spring,,2022-05-26,26,2.5
Unbalanced,Unbalanced_Colony10,2022-06-21,10Rep5,5,10.1213,10.333995,9.597947,9.837132,10.112032,9.115654,10.904424,11.012413,9.915899,9.437938,9.297294,10.382096,9.51792,9.721845,9.389257,10.712155,10.012091,8.462531,10.072341,9.459352,9.457436,10.042649,9.75667,9.556732,11.475459,9.745215,9.979544,,,,,,,,,,,,,,,,,,,,,,,,,,,,,,,,,,,Two,,,,,,,,,,,,,,,,,,,,,,,,,,,,,,1,26,Spring,,2022-05-26,26,2.5
Unbalanced,Unbalanced_Colony10,2022-06-21,10Rep5,5,Reward,Reward,Reward,Reward,Previsited,Previsited,Reward,Reward,Previsited,Previsited,Previsited,Previsited,Previsited,Previsited,Previsited,Reward,Previsited,Previsited,Previsited,Previsited,Previsited,Previsited,Previsited,Previsited,Previsited,Previsited,Reward,,,,,,,,,,,,,,,,,,,,,,,,,,,,,,,,,,,Three,,,,,,,,,,,,,,,,,,,,,,,,,,,,,,,,Spring,,2022-05-26,26,2.5
Unbalanced,Unbalanced_Colony10,2022-06-21,10Rep5,5,,R2,R1,R2,R3,R2,L3,R2,R2,L3,R3,R2,R3,L3,L2,R3,R1,O4,O4,R3,R3,O4,O4,L3,O4,R3,R3,,,,,,,,,,,,,,,,,,,,,,,,,,,,,,,,,,,Four,,,,,,,,,,,,,,,,,,,,,,,,,,,,,,,,Spring,,2022-05-26,26,2.5
Unbalanced,Unbalanced_Colony10,2022-06-21,10Rep5,6,1,8,3,8,5,7,5,8,6,4,4,2,,,,,,,,,,,,,,,,,,,,,,,,,,,,,,,,,,,,,,,,,,,,,,,,,8,One,12,1,8,3,0,1,2,1,4,2,0,1,1,5,4,0.0909090909,0.4545454545,0.3636363636,0,0.0909090909,4,6,3,7,10,0.6666666667,0.7,0.2,0.2,,,Spring,,2022-05-26,26,2.5
Unbalanced,Unbalanced_Colony10,2022-06-21,10Rep5,6,10.357038,10.605666,10.13931,10.111589,9.76354,11.041086,8.864112,10.683219,10.89584,4.359454,10.438269,10.473671,,,,,,,,,,,,,,,,,,,,,,,,,,,,,,,,,,,,,,,,,,,,,,,,,,Two,,,,,,,,,,,,,,,,,,,,,,,,,,,,,,2,10,Spring,,2022-05-26,26,2.5
Unbalanced,Unbalanced_Colony10,2022-06-21,10Rep5,6,Reward,Reward,Reward,Previsited,Reward,Reward,Previsited,Previsited,Reward,Reward,Same,Reward,,,,,,,,,,,,,,,,,,,,,,,,,,,,,,,,,,,,,,,,,,,,,,,,,,Three,,,,,,,,,,,,,,,,,,,,,,,,,,,,,,,,Spring,,2022-05-26,26,2.5
Unbalanced,Unbalanced_Colony10,2022-06-21,10Rep5,6,,R1,L3,R3,R3,L2,R2,L3,R2,R2,S0,R2,,,,,,,,,,,,,,,,,,,,,,,,,,,,,,,,,,,,,,,,,,,,,,,,,,Four,,,,,,,,,,,,,,,,,,,,,,,,,,,,,,,,Spring,,2022-05-26,26,2.5
Unbalanced,Unbalanced_Colony10,2022-06-21,10Rep5,7,8,7,8,6,6,4,3,7,5,3,1,7,5,3,8,6,4,1,6,2,,,,,,,,,,,,,,,,,,,,,,,,,,,,,,,,,,,,,,,,,8,One,20,1,8,11,1,0,0,2,10,3,2,1,3,10,3,0.1578947368,0.5263157895,0.1578947368,0.1052631579,0.0526315789,3,2,1,15,16,0.1333333333,0.9375,0.4375,0.4375,,,Spring,,2022-05-26,26,2.5
Unbalanced,Unbalanced_Colony10,2022-06-21,10Rep5,7,6.094989,9.872498,11.688827,9.892242,10.129482,10.409172,10.092776,9.816661,9.773138,11.074702,11.073012,9.641411,9.26941,10.264498,9.936578,10.941542,9.464358,11.59071,10.07536,9.948106,,,,,,,,,,,,,,,,,,,,,,,,,,,,,,,,,,,,,,,,,,Two,,,,,,,,,,,,,,,,,,,,,,,,,,,,,,1,19,Spring,,2022-05-26,26,2.5
Unbalanced,Unbalanced_Colony10,2022-06-21,10Rep5,7,Reward,Reward,Previsited,Reward,Same,Reward,Reward,Previsited,Reward,Previsited,Reward,Previsited,Previsited,Previsited,Previsited,Previsited,Previsited,Previsited,Previsited,Reward,,,,,,,,,,,,,,,,,,,,,,,,,,,,,,,,,,,,,,,,,,Three,,,,,,,,,,,,,,,,,,,,,,,,,,,,,,,,Spring,,2022-05-26,26,2.5
Unbalanced,Unbalanced_Colony10,2022-06-21,10Rep5,7,,R1,L1,R2,S0,R2,R1,O4,R2,R2,R2,R2,R2,R2,R3,R2,R2,R3,R3,O4,,,,,,,,,,,,,,,,,,,,,,,,,,,,,,,,,,,,,,,,,,Four,,,,,,,,,,,,,,,,,,,,,,,,,,,,,,,,Spring,,2022-05-26,26,2.5
Unbalanced,Unbalanced_Colony10,2022-06-21,10Rep5,8,1,8,7,5,3,1,7,4,3,7,4,2,7,5,8,6,,,,,,,,,,,,,,,,,,,,,,,,,,,,,,,,,,,,,,,,,,,,,8,One,16,0,8,8,0,0,1,3,7,3,1,0,3,7,4,0.2,0.4666666667,0.2666666667,0.0666666667,0,6,2,1,13,14,0.1538461538,0.9285714286,0.4285714286,0.4285714286,,,Spring,,2022-05-26,26,2.5
Unbalanced,Unbalanced_Colony10,2022-06-21,10Rep5,8,9.698378,10.491114,10.276189,10.931989,10.26011,9.55302,9.549734,10.915519,9.816919,9.526007,9.238509,10.554208,9.620099,9.862245,9.739233,11.026441,,,,,,,,,,,,,,,,,,,,,,,,,,,,,,,,,,,,,,,,,,,,,,Two,,,,,,,,,,,,,,,,,,,,,,,,,,,,,,0,16,Spring,,2022-05-26,26,2.5
Unbalanced,Unbalanced_Colony10,2022-06-21,10Rep5,8,Reward,Reward,Reward,Reward,Reward,Previsited,Previsited,Reward,Previsited,Previsited,Previsited,Reward,Previsited,Previsited,Previsited,Reward,,,,,,,,,,,,,,,,,,,,,,,,,,,,,,,,,,,,,,,,,,,,,,Three,,,,,,,,,,,,,,,,,,,,,,,,,,,,,,,,Spring,,2022-05-26,26,2.5
Unbalanced,Unbalanced_Colony10,2022-06-21,10Rep5,8,,R1,R1,R2,R2,R2,R2,R3,R1,O4,R3,R2,R3,R2,L3,R2,,,,,,,,,,,,,,,,,,,,,,,,,,,,,,,,,,,,,,,,,,,,,,Four,,,,,,,,,,,,,,,,,,,,,,,,,,,,,,,,Spring,,2022-05-26,26,2.5
Unbalanced,Unbalanced_Colony10,2022-06-21,10Rep6,1,6,8,8,5,2,5,4,3,8,4,7,2,6,3,7,2,4,6,2,2,3,7,2,4,4,3,7,4,8,4,2,7,3,5,3,6,8,1,,,,,,,,,,,,,,,,,,,,,,,8,One,38,3,8,27,2,6,6,3,2,6,9,3,5,8,12,0.1351351351,0.2162162162,0.3243243243,0.2432432432,0.0810810811,3,10,14,11,25,0.4166666667,0.44,-0.06,0.06,,,Spring,,2022-05-26,26,2.5
Unbalanced,Unbalanced_Colony10,2022-06-21,10Rep6,1,10.148765,4.660112,10.397499,11.339579,9.552509,10.606842,11.014785,9.367745,11.24469,10.812512,10.45124,11.1495,10.308234,10.959147,11.850371,6.169087,11.116391,10.74328,9.930789,11.219978,11.110778,11.705691,11.330396,11.256177,11.056523,10.98819,11.170128,11.060965,10.769593,10.605096,9.754912,10.926621,10.095846,9.595266,11.114198,11.708589,11.829874,11.829825,,,,,,,,,,,,,,,,,,,,,,,,Two,,,,,,,,,,,,,,,,,,,,,,,,,,,,,,2,36,Spring,,2022-05-26,26,2.5
Unbalanced,Unbalanced_Colony10,2022-06-21,10Rep6,1,Reward,Reward,Same,Reward,Reward,Previsited,Reward,Reward,Previsited,Previsited,Reward,Previsited,Previsited,Previsited,Previsited,Previsited,Previsited,Previsited,Previsited,Same,Previsited,Previsited,Previsited,Previsited,Same,Previsited,Previsited,Previsited,Previsited,Previsited,Previsited,Previsited,Previsited,Previsited,Previsited,Previsited,Previsited,Reward,,,,,,,,,,,,,,,,,,,,,,,,Three,,,,,,,,,,,,,,,,,,,,,,,,,,,,,,,,Spring,,2022-05-26,26,2.5
Unbalanced,Unbalanced_Colony10,2022-06-21,10Rep6,1,,L2,S0,R3,R3,L3,R1,R1,R3,O4,L3,L3,O4,R3,O4,L3,L2,L2,O4,S0,L1,O4,L3,L2,S0,R1,O4,R3,O4,O4,R2,R3,O4,L2,R2,L3,L2,L1,,,,,,,,,,,,,,,,,,,,,,,,Four,,,,,,,,,,,,,,,,,,,,,,,,,,,,,,,,Spring,,2022-05-26,26,2.5
Unbalanced,Unbalanced_Colony10,2022-06-21,10Rep6,2,6,6,3,6,3,6,5,3,2,7,4,5,8,2,3,7,3,1,,,,,,,,,,,,,,,,,,,,,,,,,,,,,,,,,,,,,,,,,,,8,One,18,1,8,9,2,1,3,2,2,4,2,1,4,3,7,0.2352941176,0.1764705882,0.4117647059,0.1176470588,0.0588235294,2,6,6,8,14,0.4615384615,0.5714285714,0.0714285714,0.0714285714,,,Spring,,2022-05-26,26,2.5
Unbalanced,Unbalanced_Colony10,2022-06-21,10Rep6,2,10.608184,10.308991,9.739213,10.013823,10.331486,10.309898,11.351177,9.980716,11.218866,11.13097,11.157137,11.342604,10.357716,10.806165,11.140877,11.889389,4.708714,11.679635,,,,,,,,,,,,,,,,,,,,,,,,,,,,,,,,,,,,,,,,,,,,Two,,,,,,,,,,,,,,,,,,,,,,,,,,,,,,1,17,Spring,,2022-05-26,26,2.5
Unbalanced,Unbalanced_Colony10,2022-06-21,10Rep6,2,Reward,Same,Reward,Previsited,Previsited,Previsited,Reward,Previsited,Reward,Reward,Reward,Previsited,Reward,Previsited,Previsited,Previsited,Previsited,Reward,,,,,,,,,,,,,,,,,,,,,,,,,,,,,,,,,,,,,,,,,,,,Three,,,,,,,,,,,,,,,,,,,,,,,,,,,,,,,,Spring,,2022-05-26,26,2.5
Unbalanced,Unbalanced_Colony10,2022-06-21,10Rep6,2,,S0,R3,L3,R3,L3,R1,R2,R1,R3,R3,L1,L3,L2,L1,O4,O4,R2,,,,,,,,,,,,,,,,,,,,,,,,,,,,,,,,,,,,,,,,,,,,Four,,,,,,,,,,,,,,,,,,,,,,,,,,,,,,,,Spring,,2022-05-26,26,2.5
Unbalanced,Unbalanced_Colony10,2022-06-21,10Rep6,3,4,1,7,6,2,7,4,8,6,2,7,2,6,1,3,6,2,7,6,5,,,,,,,,,,,,,,,,,,,,,,,,,,,,,,,,,,,,,,,,,8,One,20,0,8,12,0,1,3,3,2,5,5,0,3,3,8,0.1578947368,0.1578947368,0.4210526316,0.2631578947,0,6,2,4,10,14,0.1538461538,0.7142857143,0.2142857143,0.2142857143,,,Spring,,2022-05-26,26,2.5
Unbalanced,Unbalanced_Colony10,2022-06-21,10Rep6,3,9.916843,9.731464,10.094205,11.512497,9.916175,9.984191,11.136257,9.784202,10.072109,10.54055,9.961734,10.344119,10.188407,9.686331,10.489237,10.485315,9.876525,10.688929,11.159985,11.417064,,,,,,,,,,,,,,,,,,,,,,,,,,,,,,,,,,,,,,,,,,Two,,,,,,,,,,,,,,,,,,,,,,,,,,,,,,0,20,Spring,,2022-05-26,26,2.5
Unbalanced,Unbalanced_Colony10,2022-06-21,10Rep6,3,Reward,Reward,Reward,Reward,Reward,Previsited,Previsited,Reward,Previsited,Previsited,Previsited,Previsited,Previsited,Previsited,Reward,Previsited,Previsited,Previsited,Previsited,Reward,,,,,,,,,,,,,,,,,,,,,,,,,,,,,,,,,,,,,,,,,,Three,,,,,,,,,,,,,,,,,,,,,,,,,,,,,,,,Spring,,2022-05-26,26,2.5
Unbalanced,Unbalanced_Colony10,2022-06-21,10Rep6,3,,R3,R2,R1,O4,R3,R3,O4,R2,O4,R3,L3,O4,L3,L2,L3,O4,R3,R1,R1,,,,,,,,,,,,,,,,,,,,,,,,,,,,,,,,,,,,,,,,,,Four,,,,,,,,,,,,,,,,,,,,,,,,,,,,,,,,Spring,,2022-05-26,26,2.5
Unbalanced,Unbalanced_Colony10,2022-06-21,10Rep6,4,5,7,6,3,7,3,6,1,6,7,8,3,1,8,5,2,3,2,1,4,,,,,,,,,,,,,,,,,,,,,,,,,,,,,,,,,,,,,,,,,8,One,20,0,8,12,3,1,4,4,1,4,2,0,7,2,8,0.3684210526,0.1052631579,0.4210526316,0.1052631579,0,5,8,8,9,17,0.5,0.5294117647,0.0294117647,0.0294117647,,,Spring,,2022-05-26,26,2.5
Unbalanced,Unbalanced_Colony10,2022-06-21,10Rep6,4,10.250226,9.693975,9.821029,10.188407,10.045444,10.754306,9.766335,10.797448,10.388383,10.006345,10.450307,10.764814,11.504469,11.452981,10.862424,11.456146,6.052465,10.425189,9.905141,11.469308,,,,,,,,,,,,,,,,,,,,,,,,,,,,,,,,,,,,,,,,,,Two,,,,,,,,,,,,,,,,,,,,,,,,,,,,,,1,19,Spring,,2022-05-26,26,2.5
Unbalanced,Unbalanced_Colony10,2022-06-21,10Rep6,4,Reward,Reward,Reward,Reward,Previsited,Previsited,Previsited,Reward,Previsited,Previsited,Reward,Previsited,Previsited,Previsited,Previsited,Reward,Previsited,Previsited,Previsited,Reward,,,,,,,,,,,,,,,,,,,,,,,,,,,,,,,,,,,,,,,,,,Three,,,,,,,,,,,,,,,,,,,,,,,,,,,,,,,,Spring,,2022-05-26,26,2.5
Unbalanced,Unbalanced_Colony10,2022-06-21,10Rep6,4,,L2,R1,R3,O4,O4,L3,L3,R3,L1,L1,L3,R2,R1,R3,R3,L1,R1,R1,L3,,,,,,,,,,,,,,,,,,,,,,,,,,,,,,,,,,,,,,,,,,Four,,,,,,,,,,,,,,,,,,,,,,,,,,,,,,,,Spring,,2022-05-26,26,2.5
Unbalanced,Unbalanced_Colony10,2022-06-21,10Rep6,5,8,3,8,5,8,3,6,7,6,3,8,6,3,8,6,2,5,6,4,3,5,6,7,7,1,,,,,,,,,,,,,,,,,,,,,,,,,,,,,,,,,,,,8,One,25,1,8,16,4,2,5,2,3,6,1,1,6,5,11,0.25,0.2083333333,0.4583333333,0.0416666667,0.0416666667,3,6,11,11,22,0.2857142857,0.5,0,0,,,Spring,,2022-05-26,26,2.5
Unbalanced,Unbalanced_Colony10,2022-06-21,10Rep6,5,11.626291,11.079717,10.325258,9.45323,9.98138,11.002992,9.915663,9.914641,10.811593,11.241569,10.67643,9.715647,10.459312,10.545136,4.759114,11.538323,9.416062,9.628302,9.493539,11.223521,10.490947,11.562017,4.348351,11.680353,11.819538,,,,,,,,,,,,,,,,,,,,,,,,,,,,,,,,,,,,,Two,,,,,,,,,,,,,,,,,,,,,,,,,,,,,,2,23,Spring,,2022-05-26,26,2.5
Unbalanced,Unbalanced_Colony10,2022-06-21,10Rep6,5,Reward,Reward,Previsited,Reward,Previsited,Previsited,Reward,Reward,Previsited,Previsited,Previsited,Previsited,Previsited,Previsited,Previsited,Reward,Previsited,Previsited,Reward,Previsited,Previsited,Previsited,Previsited,Same,Reward,,,,,,,,,,,,,,,,,,,,,,,,,,,,,,,,,,,,,Three,,,,,,,,,,,,,,,,,,,,,,,,,,,,,,,,Spring,,2022-05-26,26,2.5
Unbalanced,Unbalanced_Colony10,2022-06-21,10Rep6,5,,L3,R3,R3,L3,L3,L3,L1,R1,R3,R3,R2,R3,R3,R2,O4,L3,L1,R2,R1,L2,L1,L1,S0,L2,,,,,,,,,,,,,,,,,,,,,,,,,,,,,,,,,,,,,Four,,,,,,,,,,,,,,,,,,,,,,,,,,,,,,,,Spring,,2022-05-26,26,2.5
Unbalanced,Unbalanced_Colony10,2022-06-21,10Rep6,6,6,4,5,1,2,3,5,3,1,6,1,7,8,,,,,,,,,,,,,,,,,,,,,,,,,,,,,,,,,,,,,,,,,,,,,,,,8,One,13,0,8,5,4,1,1,0,4,1,1,0,4,5,2,0.3333333333,0.4166666667,0.1666666667,0.0833333333,0,7,5,6,5,11,0.5,0.4545454545,-0.045454545,0.0454545455,,,Spring,,2022-05-26,26,2.5
Unbalanced,Unbalanced_Colony10,2022-06-21,10Rep6,6,4.85397,10.841264,11.451892,10.106363,11.432335,11.175153,11.532797,10.535297,10.26011,10.288493,9.972353,11.548657,11.733866,,,,,,,,,,,,,,,,,,,,,,,,,,,,,,,,,,,,,,,,,,,,,,,,,Two,,,,,,,,,,,,,,,,,,,,,,,,,,,,,,1,12,Spring,,2022-05-26,26,2.5
Unbalanced,Unbalanced_Colony10,2022-06-21,10Rep6,6,Reward,Reward,Reward,Reward,Reward,Reward,Previsited,Previsited,Previsited,Previsited,Previsited,Reward,Reward,,,,,,,,,,,,,,,,,,,,,,,,,,,,,,,,,,,,,,,,,,,,,,,,,Three,,,,,,,,,,,,,,,,,,,,,,,,,,,,,,,,Spring,,2022-05-26,26,2.5
Unbalanced,Unbalanced_Colony10,2022-06-21,10Rep6,6,,R2,L1,O4,L1,L1,L2,R2,R2,R3,L3,R2,L1,,,,,,,,,,,,,,,,,,,,,,,,,,,,,,,,,,,,,,,,,,,,,,,,,Four,,,,,,,,,,,,,,,,,,,,,,,,,,,,,,,,Spring,,2022-05-26,26,2.5
Unbalanced,Unbalanced_Colony10,2022-06-21,10Rep6,7,8,4,3,1,8,1,6,8,1,7,4,1,6,2,3,1,3,4,1,2,3,5,,,,,,,,,,,,,,,,,,,,,,,,,,,,,,,,,,,,,,,8,One,22,0,8,14,6,3,0,2,3,5,2,0,8,6,5,0.380952381,0.2857142857,0.2380952381,0.0952380952,0,5,9,9,10,19,0.5,0.5263157895,0.0263157895,0.0263157895,,,Spring,,2022-05-26,26,2.5
Unbalanced,Unbalanced_Colony10,2022-06-21,10Rep6,7,7.491836,10.860432,9.977356,10.11737,11.530397,9.839093,11.346024,9.754032,11.393188,10.007748,9.862147,10.04653,9.624576,10.88116,9.938696,7.036686,9.804999,11.117986,6.082503,11.561157,10.443291,11.350971,,,,,,,,,,,,,,,,,,,,,,,,,,,,,,,,,,,,,,,,Two,,,,,,,,,,,,,,,,,,,,,,,,,,,,,,3,19,Spring,,2022-05-26,26,2.5
Unbalanced,Unbalanced_Colony10,2022-06-21,10Rep6,7,Reward,Reward,Reward,Reward,Previsited,Previsited,Reward,Previsited,Previsited,Reward,Previsited,Previsited,Previsited,Reward,Previsited,Previsited,Previsited,Previsited,Previsited,Previsited,Previsited,Reward,,,,,,,,,,,,,,,,,,,,,,,,,,,,,,,,,,,,,,,,Three,,,,,,,,,,,,,,,,,,,,,,,,,,,,,,,,Spring,,2022-05-26,26,2.5
Unbalanced,Unbalanced_Colony10,2022-06-21,10Rep6,7,,O4,R1,R2,R1,L1,R3,L2,L1,R2,R3,R3,R3,O4,L1,R2,L2,L1,R3,L1,L1,L2,,,,,,,,,,,,,,,,,,,,,,,,,,,,,,,,,,,,,,,,Four,,,,,,,,,,,,,,,,,,,,,,,,,,,,,,,,Spring,,2022-05-26,26,2.5
Unbalanced,Unbalanced_Colony10,2022-06-21,10Rep6,8,6,1,7,8,1,7,3,1,7,3,6,7,8,1,2,3,5,4,,,,,,,,,,,,,,,,,,,,,,,,,,,,,,,,,,,,,,,,,,,8,One,18,0,8,10,7,1,2,1,4,0,2,0,8,5,2,0.4705882353,0.2941176471,0.1176470588,0.1176470588,0,5,5,10,5,15,0.3571428571,0.3333333333,-0.166666667,0.1666666667,,,Spring,,2022-05-26,26,2.5
Unbalanced,Unbalanced_Colony10,2022-06-21,10Rep6,8,9.539134,10.022365,9.9686,10.504817,9.848143,9.171805,9.742115,5.895751,11.283747,10.920232,9.605499,11.253579,10.247488,10.346663,10.778277,11.406662,9.5825,10.602357,,,,,,,,,,,,,,,,,,,,,,,,,,,,,,,,,,,,,,,,,,,,Two,,,,,,,,,,,,,,,,,,,,,,,,,,,,,,1,17,Spring,,2022-05-26,26,2.5
Unbalanced,Unbalanced_Colony10,2022-06-21,10Rep6,8,Reward,Reward,Reward,Reward,Previsited,Previsited,Reward,Previsited,Previsited,Previsited,Previsited,Previsited,Previsited,Previsited,Reward,Previsited,Reward,Reward,,,,,,,,,,,,,,,,,,,,,,,,,,,,,,,,,,,,,,,,,,,,Three,,,,,,,,,,,,,,,,,,,,,,,,,,,,,,,,Spring,,2022-05-26,26,2.5
Unbalanced,Unbalanced_Colony10,2022-06-21,10Rep6,8,,L3,R2,L1,L1,R2,O4,R2,R2,O4,L3,L1,L1,L1,L1,L1,L2,R1,,,,,,,,,,,,,,,,,,,,,,,,,,,,,,,,,,,,,,,,,,,,Four,,,,,,,,,,,,,,,,,,,,,,,,,,,,,,,,Spring,,2022-05-26,26,2.5
